/*
 Navicat Premium Data Transfer

 Source Server         : boke
 Source Server Type    : MySQL
 Source Server Version : 80027
 Source Host           : 192.168.0.180:3306
 Source Schema         : aurora

 Target Server Type    : MySQL
 Target Server Version : 80027
 File Encoding         : 65001

 Date: 26/02/2024 09:25:08
*/

SET NAMES utf8mb4;
SET FOREIGN_KEY_CHECKS = 0;

-- ----------------------------
-- Table structure for t_about
-- ----------------------------
DROP TABLE IF EXISTS `t_about`;
CREATE TABLE `t_about`  (
  `id` int(0) NOT NULL AUTO_INCREMENT,
  `content` text CHARACTER SET utf8mb4 COLLATE utf8mb4_0900_ai_ci NULL COMMENT '内容',
  `create_time` datetime(0) NOT NULL COMMENT '创建时间',
  `update_time` datetime(0) NULL DEFAULT NULL COMMENT '更新时间',
  PRIMARY KEY (`id`) USING BTREE
) ENGINE = InnoDB AUTO_INCREMENT = 1 CHARACTER SET = utf8mb4 COLLATE = utf8mb4_0900_ai_ci ROW_FORMAT = Dynamic;

-- ----------------------------
-- Records of t_about
-- ----------------------------
INSERT INTO `t_about` VALUES (1, '{\"content\":\"this is about\"}', '2022-07-24 17:22:13', '2022-09-23 14:37:34');

-- ----------------------------
-- Table structure for t_article
-- ----------------------------
DROP TABLE IF EXISTS `t_article`;
CREATE TABLE `t_article`  (
  `id` int(0) NOT NULL AUTO_INCREMENT,
  `user_id` int(0) NOT NULL COMMENT '作者',
  `category_id` int(0) NULL DEFAULT NULL COMMENT '文章分类',
  `article_cover` varchar(1024) CHARACTER SET utf8mb4 COLLATE utf8mb4_0900_ai_ci NULL DEFAULT NULL COMMENT '文章缩略图',
  `article_title` varchar(50) CHARACTER SET utf8mb4 COLLATE utf8mb4_0900_ai_ci NOT NULL COMMENT '标题',
  `article_abstract` varchar(500) CHARACTER SET utf8mb4 COLLATE utf8mb4_0900_ai_ci NULL DEFAULT NULL COMMENT '文章摘要，如果该字段为空，默认取文章的前500个字符作为摘要',
  `article_content` longtext CHARACTER SET utf8mb4 COLLATE utf8mb4_0900_ai_ci NOT NULL COMMENT '内容',
  `is_top` tinyint(1) NOT NULL DEFAULT 0 COMMENT '是否置顶 0否 1是',
  `is_featured` tinyint(1) NOT NULL DEFAULT 0 COMMENT '是否推荐 0否 1是',
  `is_delete` tinyint(1) NOT NULL DEFAULT 0 COMMENT '是否删除  0否 1是',
  `status` tinyint(1) NOT NULL DEFAULT 1 COMMENT '状态值 1公开 2私密 3草稿',
  `type` tinyint(1) NOT NULL DEFAULT 1 COMMENT '文章类型 1原创 2转载 3翻译',
  `password` varchar(255) CHARACTER SET utf8mb4 COLLATE utf8mb4_0900_ai_ci NULL DEFAULT NULL COMMENT '访问密码',
  `original_url` varchar(255) CHARACTER SET utf8mb4 COLLATE utf8mb4_0900_ai_ci NULL DEFAULT NULL COMMENT '原文链接',
  `create_time` datetime(0) NOT NULL COMMENT '发表时间',
  `update_time` datetime(0) NULL DEFAULT NULL COMMENT '更新时间',
  PRIMARY KEY (`id`) USING BTREE
) ENGINE = InnoDB AUTO_INCREMENT = 13 CHARACTER SET = utf8mb4 COLLATE = utf8mb4_0900_ai_ci ROW_FORMAT = Dynamic;

-- ----------------------------
-- Records of t_article
-- ----------------------------
INSERT INTO `t_article` VALUES (1, 1, 3, 'http://boke-yxh.oss-cn-hangzhou.aliyuncs.com/aurora/articles/6c5ac065bbb1c878f32f3eae9f00251b.jpg', '2023-12-29', '', '安定', 0, 0, 1, 1, 1, NULL, NULL, '2023-12-29 16:34:10', '2023-12-29 16:34:21');
INSERT INTO `t_article` VALUES (9, 1, 11, 'http://boke-yxh.oss-cn-hangzhou.aliyuncs.com/aurora/articles/6c5ac065bbb1c878f32f3eae9f00251b.jpg', '2023-12-29', '', '啊大苏打撒旦![11.jpg](http://boke-yxh.oss-cn-hangzhou.aliyuncs.com/aurora/articles/6c5ac065bbb1c878f32f3eae9f00251b.jpg)', 0, 0, 1, 1, 1, NULL, NULL, '2023-12-29 16:40:26', '2023-12-29 16:40:41');
INSERT INTO `t_article` VALUES (10, 1, 11, 'http://boke-yxh.oss-cn-hangzhou.aliyuncs.com/aurora/articles/6c5ac065bbb1c878f32f3eae9f00251b.jpg', '2023-12-29', '', '![image.png](http://boke-yxh.oss-cn-hangzhou.aliyuncs.com/aurora/articles/fbd9518afc3926e5aeb8cffcadb3d66c.png)\n原因：ib_logfile 文件冲突引起的\n解决方法：\n进入data目录下将ib_logfile0、ib_logfile1…文件删除即可\n', 0, 0, 1, 1, 1, NULL, NULL, '2023-12-29 16:41:32', '2023-12-29 16:43:11');
INSERT INTO `t_article` VALUES (11, 1, 11, 'http://boke-yxh.oss-cn-hangzhou.aliyuncs.com/aurora/articles/6c5ac065bbb1c878f32f3eae9f00251b.jpg', '2023-12-29', 'docker启动mysql容器报Restarting (1) 49 seconds ago错误', '![image.png](http://boke-yxh.oss-cn-hangzhou.aliyuncs.com/aurora/articles/fbd9518afc3926e5aeb8cffcadb3d66c.png)\n原因：ib_logfile 文件冲突引起的\n解决方法：\n进入data目录下将ib_logfile0、ib_logfile1…文件删除即可\n', 0, 0, 0, 1, 1, NULL, NULL, '2023-12-29 16:41:37', '2023-12-29 16:42:42');
INSERT INTO `t_article` VALUES (12, 1, 12, 'http://boke-yxh.oss-cn-hangzhou.aliyuncs.com/aurora/articles/1f874db87065d0d7da88789f77534a46.jpg', '2023-12-29', 'mysql执行over方法报错', '![image.png](http://boke-yxh.oss-cn-hangzhou.aliyuncs.com/aurora/articles/a384d50a3ece7c3d0514feccbbb06d3e.png)\nOver只能mysql8以上可以使用', 0, 0, 0, 1, 1, NULL, NULL, '2023-12-29 16:44:16', '2024-01-26 10:31:15');
INSERT INTO `t_article` VALUES (13, 1, 11, 'http://boke-yxh.oss-cn-hangzhou.aliyuncs.com/aurora/articles/c679c1111b25c92d57c73428d6d0fc36.jpg', '2024-02-22', 'Docker安装MySQL', '::: hljs-center\n\n# docker安装MySQL\n\n:::\n## 1.启动docker\n	启动：sudo systemctl start docker\n		service docker start\n	停止：systemctl stop docker\n	重启：systemctl restart docker\n## 2.查询mysql\n	docker search mysql\n## 3.安装MySQL\n#### 1.默认拉取最新版本mysql\n	docker pull mysql\n#### 2.拉取指定版本mysql_5.7\n	sudo docker pull mysql:5.7\n## 4.查看镜像\n	docker images\n## 5.Docker启动\\使用Mysql\n### 1.启动mysql容器（创建镜像实例）\n#### 1.指定版本\n	sudo docker run -p 3306:3306 --name mysql \\\n	-v /mydata/mysql/log:/var/log/mysql \\\n	-v /mydata/mysql/data:/var/lib/mysql \\\n	-v /mydata/mysql/conf:/etc/mysql \\\n	-e MYSQL_ROOT_PASSWORD=root \\\n	-d mysql:5.7\n#### 2.最新版本\n	docker run -p 3306:3306 --name mysql \\\n	-v /mydata/mysql/log:/var/log/mysql \\\n	-v /mydata/mysql/data:/var/lib/mysql \\\n	-v /mydata/mysql/conf:/etc/mysql \\\n	-e MYSQL_ROOT_PASSWORD=root \\\n	-d mysql:latest\n\n\n#### 3.命令含义：容器＝完整Linux\n		docker run:在docker中启动一个容器实例\n		-d:该容器在后台运行\n		-p 3306:3306：容器与主机映射端口为，主机3306，容器3306\n		--name mysql：容器运行后的名称\n		-v /mysqldata/mysql/log:/var/log/mysql：将容器/var/log/mysql目录下的数据，备份到主机的 /mysqldata/mysql/log目录下\n		-v /mysqldata/mysql/data:/var/lib/mysql：将容器/var/lib/mysql目录下的数据，备份到主机的 /mysqldata/mysql/data目录下\n		-v /mysqldata/mysql/conf:/etc/mysql：将容器/etc/mysql目录下的数据，备份到主机的 mysqldata/mysql/conf目录下\n		-e MYSQL_ROOT_PASSWORD=root：设置当前mysql实例的密码为root\n		mysql:5.7:需要运行的容器名称以及版本号\n### 2.在var/lib/docker/containers/下查看容器\n	cd /var/lib/docker/containers/\n### 3.查看mysql进程获取name——mysql名称\n	docker ps -a\n### 4.进入mysql容器—并登陆mysql\n	格式：docker exec -it   mysql名称   bash\n\n	进入mysql容器操作台命令：docker exec -it mysql bash	\n\n	登录mysql命令：mysql -u root -p\n\n		输入密码：\n### 5.开启远程访问权限\n	命令：use mysql;\n\n	命令：select host,user from user;\n\n	命令：ALTER USER \'root\'@\'%\' IDENTIFIED WITH mysql_native_password BY \'123456\';\n\n	命令：flush privileges;\n\n\n	把root用户的密码改成 mysql_native_password 模式，即可远程连接\n\n\n\n		#创建一个账号-admin，用来进行远程访问；\n		CREATE USER \'admin\'@\'%\' IDENTIFIED BY \'123456\';\n		 \n		 \n		 赋予所有权限给之前创建的账号:admin\n		GRANT ALL ON *.* TO \'admin\'@\'%\';\n		 \n		 \n		 确认使用密码{123456}登录此账号{admin}\n		 密码尽量复杂，安全性更高。\n		ALTER USER \'admin\'@\'%\' IDENTIFIED WITH mysql_native_password BY \'123456\';\n		 \n		 \n		 刷新权限\n		FLUSH PRIVILEGES;\n### 6.查看docker日志\n	命令：docker logs -f --tail 10 a4dac74d48f7\n### 7.常用命令\n#### 查看进程\n	命令：docker ps -a\n#### 关闭docker中mysql容器\n	命令：docker stop mysqlserver\n### 8.重启docker中mysql重启\n#### 重启docker\n	命令：systemctl restart docker\n#### 关闭docker\n	命令：systemctl stop docker\n#### 自动重启容器\n	sudo docker update mysql --restart=always\n### 9、移除原来的container ID（就是长长的那串数字）\n	docker rm + container ID \n### 10、退出容器\n## 三、Mysql设置\n### 1、进入容器：\n	命令：	docker exec -it mysql bash\n\n	命令：mysql -u root -p\n### 2、定位容器位置：\n	命令：whereis mysql\n	显示：mysql: /usr/bin/mysql /usr/lib/mysql /etc/mysql /usr/share/mysql\n### 3、退出容器：\n	exit\n### 4、找到配置文件夹：一级一级的进入\n	命令：cd /mydata/\n	命令：cd mysql/\n	命令：cd conf/\n### 5、创建配置文件：cnf\n	命令：vi my. cnf\n	命令：i\n\n	粘贴内容：\n	[client]\n	default-character-set=utf8\n	[mysql]\n	default-character-set=utf8\n	[mysqld]\n	init_connect=\' SET collation_connection = utf8_unicode_ci \'\n	init_connect=\' SET NAMES utf8 \'\n	character-set-server=utf8\n	collation-server=utf8_unicode_ci \n	skip-character-set-client-handshake \n	skip-name-resolve\n	\n	按键：ESC\n	命令：:wq\n### 6、重启容器\n	命令：docker restart mysql\n	命令：docker exec -it mysql /bin/bash\n### 7、进入文件夹\n	目录：cd /etc/mysql/\n	展示：ls\n	查看文件：cat my. cnf', 1, 1, 0, 1, 2, NULL, 'https://blog.csdn.net/qq_25482375/article/details/126250746', '2024-02-22 13:30:18', '2024-02-22 14:15:06');

-- ----------------------------
-- Table structure for t_article_tag
-- ----------------------------
DROP TABLE IF EXISTS `t_article_tag`;
CREATE TABLE `t_article_tag`  (
  `id` int(0) NOT NULL AUTO_INCREMENT,
  `article_id` int(0) NOT NULL COMMENT '文章id',
  `tag_id` int(0) NOT NULL COMMENT '标签id',
  PRIMARY KEY (`id`) USING BTREE,
  INDEX `fk_article_tag_1`(`article_id`) USING BTREE,
  INDEX `fk_article_tag_2`(`tag_id`) USING BTREE
) ENGINE = InnoDB AUTO_INCREMENT = 10 CHARACTER SET = utf8mb4 COLLATE = utf8mb4_0900_ai_ci ROW_FORMAT = Dynamic;

-- ----------------------------
-- Records of t_article_tag
-- ----------------------------
INSERT INTO `t_article_tag` VALUES (1, 1, 1);
INSERT INTO `t_article_tag` VALUES (2, 9, 2);
INSERT INTO `t_article_tag` VALUES (3, 10, 3);
INSERT INTO `t_article_tag` VALUES (5, 11, 3);
INSERT INTO `t_article_tag` VALUES (8, 12, 4);
INSERT INTO `t_article_tag` VALUES (10, 13, 5);

-- ----------------------------
-- Table structure for t_category
-- ----------------------------
DROP TABLE IF EXISTS `t_category`;
CREATE TABLE `t_category`  (
  `id` int(0) NOT NULL AUTO_INCREMENT,
  `category_name` varchar(20) CHARACTER SET utf8mb4 COLLATE utf8mb4_0900_ai_ci NOT NULL COMMENT '分类名',
  `create_time` datetime(0) NOT NULL COMMENT '创建时间',
  `update_time` datetime(0) NULL DEFAULT NULL COMMENT '更新时间',
  PRIMARY KEY (`id`) USING BTREE
) ENGINE = InnoDB AUTO_INCREMENT = 12 CHARACTER SET = utf8mb4 COLLATE = utf8mb4_0900_ai_ci ROW_FORMAT = Dynamic;

-- ----------------------------
-- Records of t_category
-- ----------------------------
INSERT INTO `t_category` VALUES (3, 'a', '2023-12-29 16:34:10', NULL);
INSERT INTO `t_category` VALUES (11, 'docker', '2023-12-29 16:40:26', NULL);
INSERT INTO `t_category` VALUES (12, 'mysql', '2023-12-29 16:44:16', NULL);

-- ----------------------------
-- Table structure for t_comment
-- ----------------------------
DROP TABLE IF EXISTS `t_comment`;
CREATE TABLE `t_comment`  (
  `id` int(0) NOT NULL AUTO_INCREMENT COMMENT '主键',
  `user_id` int(0) NOT NULL COMMENT '评论用户Id',
  `topic_id` int(0) NULL DEFAULT NULL COMMENT '评论主题id',
  `comment_content` text CHARACTER SET utf8mb4 COLLATE utf8mb4_0900_ai_ci NOT NULL COMMENT '评论内容',
  `reply_user_id` int(0) NULL DEFAULT NULL COMMENT '回复用户id',
  `parent_id` int(0) NULL DEFAULT NULL COMMENT '父评论id',
  `type` tinyint(0) NOT NULL COMMENT '评论类型 1.文章 2.留言 3.关于我 4.友链 5.说说',
  `is_delete` tinyint(0) NOT NULL DEFAULT 0 COMMENT '是否删除  0否 1是',
  `is_review` tinyint(1) NOT NULL DEFAULT 1 COMMENT '是否审核',
  `create_time` datetime(0) NOT NULL COMMENT '评论时间',
  `update_time` datetime(0) NULL DEFAULT NULL COMMENT '更新时间',
  PRIMARY KEY (`id`) USING BTREE,
  INDEX `fk_comment_user`(`user_id`) USING BTREE,
  INDEX `fk_comment_parent`(`parent_id`) USING BTREE
) ENGINE = InnoDB AUTO_INCREMENT = 3 CHARACTER SET = utf8mb4 COLLATE = utf8mb4_0900_ai_ci ROW_FORMAT = Dynamic;

-- ----------------------------
-- Records of t_comment
-- ----------------------------
INSERT INTO `t_comment` VALUES (1, 1, NULL, '22', NULL, NULL, 2, 0, 1, '2023-12-29 15:42:49', NULL);
INSERT INTO `t_comment` VALUES (2, 1, NULL, '驱蚊器', NULL, NULL, 4, 0, 1, '2023-12-29 15:43:47', NULL);
INSERT INTO `t_comment` VALUES (3, 1, NULL, '66', NULL, NULL, 2, 0, 1, '2023-12-29 16:18:12', NULL);

-- ----------------------------
-- Table structure for t_exception_log
-- ----------------------------
DROP TABLE IF EXISTS `t_exception_log`;
CREATE TABLE `t_exception_log`  (
  `id` int(0) NOT NULL AUTO_INCREMENT,
  `opt_uri` varchar(255) CHARACTER SET utf8mb4 COLLATE utf8mb4_0900_ai_ci NOT NULL COMMENT '请求接口',
  `opt_method` varchar(255) CHARACTER SET utf8mb4 COLLATE utf8mb4_0900_ai_ci NOT NULL COMMENT '请求方式',
  `request_method` varchar(255) CHARACTER SET utf8mb4 COLLATE utf8mb4_0900_ai_ci NULL DEFAULT NULL COMMENT '请求方式',
  `request_param` varchar(2000) CHARACTER SET utf8mb4 COLLATE utf8mb4_0900_ai_ci NULL DEFAULT NULL COMMENT '请求参数',
  `opt_desc` varchar(255) CHARACTER SET utf8mb4 COLLATE utf8mb4_0900_ai_ci NULL DEFAULT NULL COMMENT '操作描述',
  `exception_info` text CHARACTER SET utf8mb4 COLLATE utf8mb4_0900_ai_ci NULL COMMENT '异常信息',
  `ip_address` varchar(255) CHARACTER SET utf8mb4 COLLATE utf8mb4_0900_ai_ci NULL DEFAULT NULL COMMENT 'ip',
  `ip_source` varchar(255) CHARACTER SET utf8mb4 COLLATE utf8mb4_0900_ai_ci NULL DEFAULT NULL COMMENT 'ip来源',
  `create_time` datetime(0) NOT NULL COMMENT '操作时间',
  PRIMARY KEY (`id`) USING BTREE
) ENGINE = InnoDB AUTO_INCREMENT = 15 CHARACTER SET = utf8mb4 COLLATE = utf8mb4_0900_ai_ci ROW_FORMAT = Dynamic;

-- ----------------------------
-- Records of t_exception_log
-- ----------------------------
INSERT INTO `t_exception_log` VALUES (1, '/users/avatar', 'com.aurora.controller.UserInfoController.updateUserAvatar', 'POST', 'file', '更新用户头像', 'com.aurora.exception.BizException: 文件上传失败\r\n	at com.aurora.strategy.impl.AbstractUploadStrategyImpl.uploadFile(AbstractUploadStrategyImpl.java:26)\r\n	at com.aurora.strategy.context.UploadStrategyContext.executeUploadStrategy(UploadStrategyContext.java:24)\r\n	at com.aurora.service.impl.UserInfoServiceImpl.updateUserAvatar(UserInfoServiceImpl.java:74)\r\n	at com.aurora.service.impl.UserInfoServiceImpl$$FastClassBySpringCGLIB$$8a988b28.invoke(<generated>)\r\n	at org.springframework.cglib.proxy.MethodProxy.invoke(MethodProxy.java:218)\r\n	at org.springframework.aop.framework.CglibAopProxy$DynamicAdvisedInterceptor.intercept(CglibAopProxy.java:687)\r\n	at com.aurora.service.impl.UserInfoServiceImpl$$EnhancerBySpringCGLIB$$45dd8305.updateUserAvatar(<generated>)\r\n	at com.aurora.controller.UserInfoController.updateUserAvatar(UserInfoController.java:41)\r\n	at com.aurora.controller.UserInfoController$$FastClassBySpringCGLIB$$19719586.invoke(<generated>)\r\n	at org.springframework.cglib.proxy.MethodProxy.invoke(MethodProxy.java:218)\r\n	at org.springframework.aop.framework.CglibAopProxy$CglibMethodInvocation.invokeJoinpoint(CglibAopProxy.java:771)\r\n	at org.springframework.aop.framework.ReflectiveMethodInvocation.proceed(ReflectiveMethodInvocation.java:163)\r\n	at org.springframework.aop.framework.CglibAopProxy$CglibMethodInvocation.proceed(CglibAopProxy.java:749)\r\n	at org.springframework.aop.framework.adapter.AfterReturningAdviceInterceptor.invoke(AfterReturningAdviceInterceptor.java:55)\r\n	at org.springframework.aop.framework.ReflectiveMethodInvocation.proceed(ReflectiveMethodInvocation.java:175)\r\n	at org.springframework.aop.framework.CglibAopProxy$CglibMethodInvocation.proceed(CglibAopProxy.java:749)\r\n	at org.springframework.aop.aspectj.AspectJAfterThrowingAdvice.invoke(AspectJAfterThrowingAdvice.java:62)\r\n	at org.springframework.aop.framework.ReflectiveMethodInvocation.proceed(ReflectiveMethodInvocation.java:186)\r\n	at org.springframework.aop.framework.CglibAopProxy$CglibMethodInvocation.proceed(CglibAopProxy.java:749)\r\n	at org.springframework.aop.interceptor.ExposeInvocationInterceptor.invoke(ExposeInvocationInterceptor.java:95)\r\n	at org.springframework.aop.framework.ReflectiveMethodInvocation.proceed(ReflectiveMethodInvocation.java:186)\r\n	at org.springframework.aop.framework.CglibAopProxy$CglibMethodInvocation.proceed(CglibAopProxy.java:749)\r\n	at org.springframework.aop.framework.CglibAopProxy$DynamicAdvisedInterceptor.intercept(CglibAopProxy.java:691)\r\n	at com.aurora.controller.UserInfoController$$EnhancerBySpringCGLIB$$ca50124c.updateUserAvatar(<generated>)\r\n	at sun.reflect.NativeMethodAccessorImpl.invoke0(Native Method)\r\n	at sun.reflect.NativeMethodAccessorImpl.invoke(NativeMethodAccessorImpl.java:62)\r\n	at sun.reflect.DelegatingMethodAccessorImpl.invoke(DelegatingMethodAccessorImpl.java:43)\r\n	at java.lang.reflect.Method.invoke(Method.java:498)\r\n	at org.springframework.web.method.support.InvocableHandlerMethod.doInvoke(InvocableHandlerMethod.java:190)\r\n	at org.springframework.web.method.support.InvocableHandlerMethod.invokeForRequest(InvocableHandlerMethod.java:138)\r\n	at org.springframework.web.servlet.mvc.method.annotation.ServletInvocableHandlerMethod.invokeAndHandle(ServletInvocableHandlerMethod.java:105)\r\n	at org.springframework.web.servlet.mvc.method.annotation.RequestMappingHandlerAdapter.invokeHandlerMethod(RequestMappingHandlerAdapter.java:878)\r\n	at org.springframework.web.servlet.mvc.method.annotation.RequestMappingHandlerAdapter.handleInternal(RequestMappingHandlerAdapter.java:792)\r\n	at org.springframework.web.servlet.mvc.method.AbstractHandlerMethodAdapter.handle(AbstractHandlerMethodAdapter.java:87)\r\n	at org.springframework.web.servlet.DispatcherServlet.doDispatch(DispatcherServlet.java:1040)\r\n	at org.springframework.web.servlet.DispatcherServlet.doService(DispatcherServlet.java:943)\r\n	at org.springframework.web.servlet.FrameworkServlet.processRequest(FrameworkServlet.java:1006)\r\n	at org.springframework.web.servlet.FrameworkServlet.doPost(FrameworkServlet.java:909)\r\n	at javax.servlet.http.HttpServlet.service(HttpServlet.java:652)\r\n	at org.springframework.web.servlet.FrameworkServlet.service(FrameworkServlet.java:883)\r\n	at javax.servlet.http.HttpServlet.service(HttpServlet.java:733)\r\n	at org.apache.catalina.core.ApplicationFilterChain.internalDoFilter(ApplicationFilterChain.java:231)\r\n	at org.apache.catalina.core.ApplicationFilterChain.doFilter(ApplicationFilterChain.java:166)\r\n	at org.apache.tomcat.websocket.server.WsFilter.doFilter(WsFilter.java:53)\r\n	at org.apache.catalina.core.ApplicationFilterChain.internalDoFilter(ApplicationFilterChain.java:193)\r\n	at org.apache.catalina.core.ApplicationFilterChain.doFilter(ApplicationFilterChain.java:166)\r\n	at org.springframework.web.filter.OncePerRequestFilter.doFilter(OncePerRequestFilter.java:113)\r\n	at org.apache.catalina.core.ApplicationFilterChain.internalDoFilter(ApplicationFilterChain.java:193)\r\n	at org.apache.catalina.core.ApplicationFilterChain.doFilter(ApplicationFilterChain.java:166)\r\n	at org.springframework.security.web.FilterChainProxy$VirtualFilterChain.doFilter(FilterChainProxy.java:320)\r\n	at org.springframework.security.web.access.intercept.FilterSecurityInterceptor.invoke(FilterSecurityInterceptor.java:126)\r\n	at org.springframework.security.web.access.intercept.FilterSecurityInterceptor.doFilter(FilterSecurityInterceptor.java:90)\r\n	at org.springframework.security.web.FilterChainProxy$VirtualFilterChain.doFilter(FilterChainProxy.java:334)\r\n	at org.springframework.security.web.access.ExceptionTranslationFilter.doFilter(ExceptionTranslationFilter.java:118)\r\n	at org.springframework.security.web.FilterChainProxy$VirtualFilterChain.doFilter(FilterChainProxy.java:334)\r\n	at org.springframework.security.web.session.SessionManagementFilter.doFilter(SessionManagementFilter.java:137)\r\n	at org.springframework.security.web.FilterChainProxy$VirtualFilterChain.doFilter(FilterChainProxy.java:334)\r\n	at org.springframework.security.web.authentication.AnonymousAuthenticationFilter.doFilter(AnonymousAuthenticationFilter.java:111)\r\n	at org.springframework.security.web.FilterChainProxy$VirtualFilterChain.doFilter(FilterChainProxy.java:334)\r\n	at org.springframework.security.web.servletapi.SecurityContextHolderAwareRequestFilter.doFilter(SecurityContextHolderAwareRequestFilter.java:158)\r\n	at org.springframework.security.web.FilterChainProxy$VirtualFilterChain.doFilter(FilterChainProxy.java:334)\r\n	at org.springframework.security.web.savedrequest.RequestCacheAwareFilter.doFilter(RequestCacheAwareFilter.java:63)\r\n	at org.springframework.security.web.FilterChainProxy$VirtualFilterChain.doFilter(FilterChainProxy.java:334)\r\n	at org.springframework.security.web.authentication.AbstractAuthenticationProcessingFilter.doFilter(AbstractAuthenticationProcessingFilter.java:200)\r\n	at org.springframework.security.web.FilterChainProxy$VirtualFilterChain.doFilter(FilterChainProxy.java:334)\r\n	at com.aurora.filter.JwtAuthenticationTokenFilter.doFilterInternal(JwtAuthenticationTokenFilter.java:39)\r\n	at org.springframework.web.filter.OncePerRequestFilter.doFilter(OncePerRequestFilter.java:119)\r\n	at org.springframework.security.web.FilterChainProxy$VirtualFilterChain.doFilter(FilterChainProxy.java:334)\r\n	at org.springframework.security.web.authentication.logout.LogoutFilter.doFilter(LogoutFilter.java:116)\r\n	at org.springframework.security.web.FilterChainProxy$VirtualFilterChain.doFilter(FilterChainProxy.java:334)\r\n	at org.springframework.security.web.header.HeaderWriterFilter.doHeadersAfter(HeaderWriterFilter.java:92)\r\n	at org.springframework.security.web.header.HeaderWriterFilter.doFilterInternal(HeaderWriterFilter.java:77)\r\n	at org.springframework.web.filter.OncePerRequestFilter.doFilter(OncePerRequestFilter.java:119)\r\n	at org.springframework.security.web.FilterChainProxy$VirtualFilterChain.doFilter(FilterChainProxy.java:334)\r\n	at org.springframework.security.web.context.SecurityContextPersistenceFilter.doFilter(SecurityContextPersistenceFilter.java:105)\r\n	at org.springframework.security.web.FilterChainProxy$VirtualFilterChain.doFilter(FilterChainProxy.java:334)\r\n	at org.springframework.security.web.context.request.async.WebAsyncManagerIntegrationFilter.doFilterInternal(WebAsyncManagerIntegrationFilter.java:56)\r\n	at org.springframework.web.filter.OncePerRequestFilter.doFilter(OncePerRequestFilter.java:119)\r\n	at org.springframework.security.web.FilterChainProxy$VirtualFilterChain.doFilter(FilterChainProxy.java:334)\r\n	at org.springframework.security.web.FilterChainProxy.doFilterInternal(FilterChainProxy.java:215)\r\n	at org.springframework.security.web.FilterChainProxy.doFilter(FilterChainProxy.java:178)\r\n	at org.springframework.web.filter.DelegatingFilterProxy.invokeDelegate(DelegatingFilterProxy.java:358)\r\n	at org.springframework.web.filter.DelegatingFilterProxy.doFilter(DelegatingFilterProxy.java:271)\r\n	at org.apache.catalina.core.ApplicationFilterChain.internalDoFilter(ApplicationFilterChain.java:193)\r\n	at org.apache.catalina.core.ApplicationFilterChain.doFilter(ApplicationFilterChain.java:166)\r\n	at org.springframework.web.filter.RequestContextFilter.doFilterInternal(RequestContextFilter.java:100)\r\n	at org.springframework.web.filter.OncePerRequestFilter.doFilter(OncePerRequestFilter.java:119)\r\n	at org.apache.catalina.core.ApplicationFilterChain.internalDoFilter(ApplicationFilterChain.java:193)\r\n	at org.apache.catalina.core.ApplicationFilterChain.doFilter(ApplicationFilterChain.java:166)\r\n	at org.springframework.web.filter.FormContentFilter.doFilterInternal(FormContentFilter.java:93)\r\n	at org.springframework.web.filter.OncePerRequestFilter.doFilter(OncePerRequestFilter.java:119)\r\n	at org.apache.catalina.core.ApplicationFilterChain.internalDoFilter(ApplicationFilterChain.java:193)\r\n	at org.apache.catalina.core.ApplicationFilterChain.doFilter(ApplicationFilterChain.java:166)\r\n	at org.springframework.web.filter.CharacterEncodingFilter.doFilterInternal(CharacterEncodingFilter.java:201)\r\n	at org.springframework.web.filter.OncePerRequestFilter.doFilter(OncePerRequestFilter.java:119)\r\n	at org.apache.catalina.core.ApplicationFilterChain.internalDoFilter(ApplicationFilterChain.java:193)\r\n	at org.apache.catalina.core.ApplicationFilterChain.doFilter(ApplicationFilterChain.java:166)\r\n	at org.apache.catalina.core.StandardWrapperValve.invoke(StandardWrapperValve.java:202)\r\n	at org.apache.catalina.core.StandardContextValve.invoke(StandardContextValve.java:97)\r\n	at org.apache.catalina.authenticator.AuthenticatorBase.invoke(AuthenticatorBase.java:542)\r\n	at org.apache.catalina.core.StandardHostValve.invoke(StandardHostValve.java:143)\r\n	at org.apache.catalina.valves.ErrorReportValve.invoke(ErrorReportValve.java:92)\r\n	at org.apache.catalina.core.StandardEngineValve.invoke(StandardEngineValve.java:78)\r\n	at org.apache.catalina.connector.CoyoteAdapter.service(CoyoteAdapter.java:343)\r\n	at org.apache.coyote.http11.Http11Processor.service(Http11Processor.java:374)\r\n	at org.apache.coyote.AbstractProcessorLight.process(AbstractProcessorLight.java:65)\r\n	at org.apache.coyote.AbstractProtocol$ConnectionHandler.process(AbstractProtocol.java:888)\r\n	at org.apache.tomcat.util.net.NioEndpoint$SocketProcessor.doRun(NioEndpoint.java:1597)\r\n	at org.apache.tomcat.util.net.SocketProcessorBase.run(SocketProcessorBase.java:49)\r\n	at java.util.concurrent.ThreadPoolExecutor.runWorker(ThreadPoolExecutor.java:1149)\r\n	at java.util.concurrent.ThreadPoolExecutor$Worker.run(ThreadPoolExecutor.java:624)\r\n	at org.apache.tomcat.util.threads.TaskThread$WrappingRunnable.run(TaskThread.java:61)\r\n	at java.lang.Thread.run(Thread.java:750)\r\n', '127.0.0.1', '内网IP|内网IP', '2023-12-26 10:47:07');
INSERT INTO `t_exception_log` VALUES (2, '/comments', 'com.aurora.controller.CommentController.getComments', 'GET', '[{\"type\":2}]', '获取评论', 'org.springframework.jdbc.BadSqlGrammarException: \r\n### Error querying database.  Cause: java.sql.SQLSyntaxErrorException: You have an error in your SQL syntax; check the manual that corresponds to your MySQL server version for the right syntax to use near \'( PARTITION BY parent_id ORDER BY create_time ASC ) row_num\n        FROM\n       \' at line 17\r\n### The error may exist in file [D:\\javacx\\aurora-master\\aurora-springboot\\target\\classes\\mapper\\CommentMapper.xml]\r\n### The error may involve defaultParameterMap\r\n### The error occurred while setting parameters\r\n### SQL: SELECT         *         FROM         (         SELECT         c.user_id,         u.nickname,         u.avatar,         u.website,         c.reply_user_id,         r.nickname AS reply_nickname,         r.website AS reply_website,         c.id,         c.parent_id,         c.comment_content,         c.create_time,         row_number () over ( PARTITION BY parent_id ORDER BY create_time ASC ) row_num         FROM         t_comment c         JOIN t_user_info u ON c.user_id = u.id         JOIN t_user_info r ON c.reply_user_id = r.id         WHERE         c.is_review = 1         AND         parent_id IN         (                        ?                   )         order by c.create_time desc         ) t\r\n### Cause: java.sql.SQLSyntaxErrorException: You have an error in your SQL syntax; check the manual that corresponds to your MySQL server version for the right syntax to use near \'( PARTITION BY parent_id ORDER BY create_time ASC ) row_num\n        FROM\n       \' at line 17\n; bad SQL grammar []; nested exception is java.sql.SQLSyntaxErrorException: You have an error in your SQL syntax; check the manual that corresponds to your MySQL server version for the right syntax to use near \'( PARTITION BY parent_id ORDER BY create_time ASC ) row_num\n        FROM\n       \' at line 17\r\n	at org.springframework.jdbc.support.SQLErrorCodeSQLExceptionTranslator.doTranslate(SQLErrorCodeSQLExceptionTranslator.java:239)\r\n	at org.springframework.jdbc.support.AbstractFallbackSQLExceptionTranslator.translate(AbstractFallbackSQLExceptionTranslator.java:72)\r\n	at org.mybatis.spring.MyBatisExceptionTranslator.translateExceptionIfPossible(MyBatisExceptionTranslator.java:88)\r\n	at org.mybatis.spring.SqlSessionTemplate$SqlSessionInterceptor.invoke(SqlSessionTemplate.java:440)\r\n	at com.sun.proxy.$Proxy113.selectList(Unknown Source)\r\n	at org.mybatis.spring.SqlSessionTemplate.selectList(SqlSessionTemplate.java:223)\r\n	at com.baomidou.mybatisplus.core.override.MybatisMapperMethod.executeForMany(MybatisMapperMethod.java:173)\r\n	at com.baomidou.mybatisplus.core.override.MybatisMapperMethod.execute(MybatisMapperMethod.java:78)\r\n	at com.baomidou.mybatisplus.core.override.MybatisMapperProxy$PlainMethodInvoker.invoke(MybatisMapperProxy.java:148)\r\n	at com.baomidou.mybatisplus.core.override.MybatisMapperProxy.invoke(MybatisMapperProxy.java:89)\r\n	at com.sun.proxy.$Proxy162.listReplies(Unknown Source)\r\n	at sun.reflect.NativeMethodAccessorImpl.invoke0(Native Method)\r\n	at sun.reflect.NativeMethodAccessorImpl.invoke(NativeMethodAccessorImpl.java:62)\r\n	at sun.reflect.DelegatingMethodAccessorImpl.invoke(DelegatingMethodAccessorImpl.java:43)\r\n	at java.lang.reflect.Method.invoke(Method.java:498)\r\n	at org.springframework.aop.support.AopUtils.invokeJoinpointUsingReflection(AopUtils.java:344)\r\n	at org.springframework.aop.framework.ReflectiveMethodInvocation.invokeJoinpoint(ReflectiveMethodInvocation.java:198)\r\n	at org.springframework.aop.framework.ReflectiveMethodInvocation.proceed(ReflectiveMethodInvocation.java:163)\r\n	at org.springframework.dao.support.PersistenceExceptionTranslationInterceptor.invoke(PersistenceExceptionTranslationInterceptor.java:139)\r\n	at org.springframework.aop.framework.ReflectiveMethodInvocation.proceed(ReflectiveMethodInvocation.java:186)\r\n	at org.springframework.aop.framework.JdkDynamicAopProxy.invoke(JdkDynamicAopProxy.java:212)\r\n	at com.sun.proxy.$Proxy163.listReplies(Unknown Source)\r\n	at com.aurora.service.impl.CommentServiceImpl.listComments(CommentServiceImpl.java:119)\r\n	at com.aurora.service.impl.CommentServiceImpl$$FastClassBySpringCGLIB$$fea9678a.invoke(<generated>)\r\n	at org.springframework.cglib.proxy.MethodProxy.invoke(MethodProxy.java:218)\r\n	at org.springframework.aop.framework.CglibAopProxy$DynamicAdvisedInterceptor.intercept(CglibAopProxy.java:687)\r\n	at com.aurora.service.impl.CommentServiceImpl$$EnhancerBySpringCGLIB$$76597481.listComments(<generated>)\r\n	at com.aurora.controller.CommentController.getComments(CommentController.java:40)\r\n	at com.aurora.controller.CommentController$$FastClassBySpringCGLIB$$6d73c74a.invoke(<generated>)\r\n	at org.springframework.cglib.proxy.MethodProxy.invoke(MethodProxy.java:218)\r\n	at org.springframework.aop.framework.CglibAopProxy$CglibMethodInvocation.invokeJoinpoint(CglibAopProxy.java:771)\r\n	at org.springframework.aop.framework.ReflectiveMethodInvocation.proceed(ReflectiveMethodInvocation.java:163)\r\n	at org.springframework.aop.framework.CglibAopProxy$CglibMethodInvocation.proceed(CglibAopProxy.java:749)\r\n	at org.springframework.aop.aspectj.AspectJAfterThrowingAdvice.invoke(AspectJAfterThrowingAdvice.java:62)\r\n	at org.springframework.aop.framework.ReflectiveMethodInvocation.proceed(ReflectiveMethodInvocation.java:186)\r\n	at org.springframework.aop.framework.CglibAopProxy$CglibMethodInvocation.proceed(CglibAopProxy.java:749)\r\n	at org.springframework.aop.interceptor.ExposeInvocationInterceptor.invoke(ExposeInvocationInterceptor.java:95)\r\n	at org.springframework.aop.framework.ReflectiveMethodInvocation.proceed(ReflectiveMethodInvocation.java:186)\r\n	at org.springframework.aop.framework.CglibAopProxy$CglibMethodInvocation.proceed(CglibAopProxy.java:749)\r\n	at org.springframework.aop.framework.CglibAopProxy$DynamicAdvisedInterceptor.intercept(CglibAopProxy.java:691)\r\n	at com.aurora.controller.CommentController$$EnhancerBySpringCGLIB$$93a8f186.getComments(<generated>)\r\n	at sun.reflect.NativeMethodAccessorImpl.invoke0(Native Method)\r\n	at sun.reflect.NativeMethodAccessorImpl.invoke(NativeMethodAccessorImpl.java:62)\r\n	at sun.reflect.DelegatingMethodAccessorImpl.invoke(DelegatingMethodAccessorImpl.java:43)\r\n	at java.lang.reflect.Method.invoke(Method.java:498)\r\n	at org.springframework.web.method.support.InvocableHandlerMethod.doInvoke(InvocableHandlerMethod.java:190)\r\n	at org.springframework.web.method.support.InvocableHandlerMethod.invokeForRequest(InvocableHandlerMethod.java:138)\r\n	at org.springframework.web.servlet.mvc.method.annotation.ServletInvocableHandlerMethod.invokeAndHandle(ServletInvocableHandlerMethod.java:105)\r\n	at org.springframework.web.servlet.mvc.method.annotation.RequestMappingHandlerAdapter.invokeHandlerMethod(RequestMappingHandlerAdapter.java:878)\r\n	at org.springframework.web.servlet.mvc.method.annotation.RequestMappingHandlerAdapter.handleInternal(RequestMappingHandlerAdapter.java:792)\r\n	at org.springframework.web.servlet.mvc.method.AbstractHandlerMethodAdapter.handle(AbstractHandlerMethodAdapter.java:87)\r\n	at org.springframework.web.servlet.DispatcherServlet.doDispatch(DispatcherServlet.java:1040)\r\n	at org.springframework.web.servlet.DispatcherServlet.doService(DispatcherServlet.java:943)\r\n	at org.springframework.web.servlet.FrameworkServlet.processRequest(FrameworkServlet.java:1006)\r\n	at org.springframework.web.servlet.FrameworkServlet.doGet(FrameworkServlet.java:898)\r\n	at javax.servlet.http.HttpServlet.service(HttpServlet.java:626)\r\n	at org.springframework.web.servlet.FrameworkServlet.service(FrameworkServlet.java:883)\r\n	at javax.servlet.http.HttpServlet.service(HttpServlet.java:733)\r\n	at org.apache.catalina.core.ApplicationFilterChain.internalDoFilter(ApplicationFilterChain.java:231)\r\n	at org.apache.catalina.core.ApplicationFilterChain.doFilter(ApplicationFilterChain.java:166)\r\n	at org.apache.tomcat.websocket.server.WsFilter.doFilter(WsFilter.java:53)\r\n	at org.apache.catalina.core.ApplicationFilterChain.internalDoFilter(ApplicationFilterChain.java:193)\r\n	at org.apache.catalina.core.ApplicationFilterChain.doFilter(ApplicationFilterChain.java:166)\r\n	at org.springframework.web.filter.OncePerRequestFilter.doFilter(OncePerRequestFilter.java:113)\r\n	at org.apache.catalina.core.ApplicationFilterChain.internalDoFilter(ApplicationFilterChain.java:193)\r\n	at org.apache.catalina.core.ApplicationFilterChain.doFilter(ApplicationFilterChain.java:166)\r\n	at org.springframework.security.web.FilterChainProxy$VirtualFilterChain.doFilter(FilterChainProxy.java:320)\r\n	at org.springframework.security.web.access.intercept.FilterSecurityInterceptor.invoke(FilterSecurityInterceptor.java:126)\r\n	at org.springframework.security.web.access.intercept.FilterSecurityInterceptor.doFilter(FilterSecurityInterceptor.java:90)\r\n	at org.springframework.security.web.FilterChainProxy$VirtualFilterChain.doFilter(FilterChainProxy.java:334)\r\n	at org.springframework.security.web.access.ExceptionTranslationFilter.doFilter(ExceptionTranslationFilter.java:118)\r\n	at org.springframework.security.web.FilterChainProxy$VirtualFilterChain.doFilter(FilterChainProxy.java:334)\r\n	at org.springframework.security.web.session.SessionManagementFilter.doFilter(SessionManagementFilter.java:137)\r\n	at org.springframework.security.web.FilterChainProxy$VirtualFilterChain.doFilter(FilterChainProxy.java:334)\r\n	at org.springframework.security.web.authentication.AnonymousAuthenticationFilter.doFilter(AnonymousAuthenticationFilter.java:111)\r\n	at org.springframework.security.web.FilterChainProxy$VirtualFilterChain.doFilter(FilterChainProxy.java:334)\r\n	at org.springframework.security.web.servletapi.SecurityContextHolderAwareRequestFilter.doFilter(SecurityContextHolderAwareRequestFilter.java:158)\r\n	at org.springframework.security.web.FilterChainProxy$VirtualFilterChain.doFilter(FilterChainProxy.java:334)\r\n	at org.springframework.security.web.savedrequest.RequestCacheAwareFilter.doFilter(RequestCacheAwareFilter.java:63)\r\n	at org.springframework.security.web.FilterChainProxy$VirtualFilterChain.doFilter(FilterChainProxy.java:334)\r\n	at org.springframework.security.web.authentication.AbstractAuthenticationProcessingFilter.doFilter(AbstractAuthenticationProcessingFilter.java:200)\r\n	at org.springframework.security.web.FilterChainProxy$VirtualFilterChain.doFilter(FilterChainProxy.java:334)\r\n	at com.aurora.filter.JwtAuthenticationTokenFilter.doFilterInternal(JwtAuthenticationTokenFilter.java:39)\r\n	at org.springframework.web.filter.OncePerRequestFilter.doFilter(OncePerRequestFilter.java:119)\r\n	at org.springframework.security.web.FilterChainProxy$VirtualFilterChain.doFilter(FilterChainProxy.java:334)\r\n	at org.springframework.security.web.authentication.logout.LogoutFilter.doFilter(LogoutFilter.java:116)\r\n	at org.springframework.security.web.FilterChainProxy$VirtualFilterChain.doFilter(FilterChainProxy.java:334)\r\n	at org.springframework.security.web.header.HeaderWriterFilter.doHeadersAfter(HeaderWriterFilter.java:92)\r\n	at org.springframework.security.web.header.HeaderWriterFilter.doFilterInternal(HeaderWriterFilter.java:77)\r\n	at org.springframework.web.filter.OncePerRequestFilter.doFilter(OncePerRequestFilter.java:119)\r\n	at org.springframework.security.web.FilterChainProxy$VirtualFilterChain.doFilter(FilterChainProxy.java:334)\r\n	at org.springframework.security.web.context.SecurityContextPersistenceFilter.doFilter(SecurityContextPersistenceFilter.java:105)\r\n	at org.springframework.security.web.FilterChainProxy$VirtualFilterChain.doFilter(FilterChainProxy.java:334)\r\n	at org.springframework.security.web.context.request.async.WebAsyncManagerIntegrationFilter.doFilterInternal(WebAsyncManagerIntegrationFilter.java:56)\r\n	at org.springframework.web.filter.OncePerRequestFilter.doFilter(OncePerRequestFilter.java:119)\r\n	at org.springframework.security.web.FilterChainProxy$VirtualFilterChain.doFilter(FilterChainProxy.java:334)\r\n	at org.springframework.security.web.FilterChainProxy.doFilterInternal(FilterChainProxy.java:215)\r\n	at org.springframework.security.web.FilterChainProxy.doFilter(FilterChainProxy.java:178)\r\n	at org.springframework.web.filter.DelegatingFilterProxy.invokeDelegate(DelegatingFilterProxy.java:358)\r\n	at org.springframework.web.filter.DelegatingFilterProxy.doFilter(DelegatingFilterProxy.java:271)\r\n	at org.apache.catalina.core.ApplicationFilterChain.internalDoFilter(ApplicationFilterChain.java:193)\r\n	at org.apache.catalina.core.ApplicationFilterChain.doFilter(ApplicationFilterChain.java:166)\r\n	at org.springframework.web.filter.RequestContextFilter.doFilterInternal(RequestContextFilter.java:100)\r\n	at org.springframework.web.filter.OncePerRequestFilter.doFilter(OncePerRequestFilter.java:119)\r\n	at org.apache.catalina.core.ApplicationFilterChain.internalDoFilter(ApplicationFilterChain.java:193)\r\n	at org.apache.catalina.core.ApplicationFilterChain.doFilter(ApplicationFilterChain.java:166)\r\n	at org.springframework.web.filter.FormContentFilter.doFilterInternal(FormContentFilter.java:93)\r\n	at org.springframework.web.filter.OncePerRequestFilter.doFilter(OncePerRequestFilter.java:119)\r\n	at org.apache.catalina.core.ApplicationFilterChain.internalDoFilter(ApplicationFilterChain.java:193)\r\n	at org.apache.catalina.core.ApplicationFilterChain.doFilter(ApplicationFilterChain.java:166)\r\n	at org.springframework.web.filter.CharacterEncodingFilter.doFilterInternal(CharacterEncodingFilter.java:201)\r\n	at org.springframework.web.filter.OncePerRequestFilter.doFilter(OncePerRequestFilter.java:119)\r\n	at org.apache.catalina.core.ApplicationFilterChain.internalDoFilter(ApplicationFilterChain.java:193)\r\n	at org.apache.catalina.core.ApplicationFilterChain.doFilter(ApplicationFilterChain.java:166)\r\n	at org.apache.catalina.core.StandardWrapperValve.invoke(StandardWrapperValve.java:202)\r\n	at org.apache.catalina.core.StandardContextValve.invoke(StandardContextValve.java:97)\r\n	at org.apache.catalina.authenticator.AuthenticatorBase.invoke(AuthenticatorBase.java:542)\r\n	at org.apache.catalina.core.StandardHostValve.invoke(StandardHostValve.java:143)\r\n	at org.apache.catalina.valves.ErrorReportValve.invoke(ErrorReportValve.java:92)\r\n	at org.apache.catalina.core.StandardEngineValve.invoke(StandardEngineValve.java:78)\r\n	at org.apache.catalina.connector.CoyoteAdapter.service(CoyoteAdapter.java:343)\r\n	at org.apache.coyote.http11.Http11Processor.service(Http11Processor.java:374)\r\n	at org.apache.coyote.AbstractProcessorLight.process(AbstractProcessorLight.java:65)\r\n	at org.apache.coyote.AbstractProtocol$ConnectionHandler.process(AbstractProtocol.java:888)\r\n	at org.apache.tomcat.util.net.NioEndpoint$SocketProcessor.doRun(NioEndpoint.java:1597)\r\n	at org.apache.tomcat.util.net.SocketProcessorBase.run(SocketProcessorBase.java:49)\r\n	at java.util.concurrent.ThreadPoolExecutor.runWorker(ThreadPoolExecutor.java:1149)\r\n	at java.util.concurrent.ThreadPoolExecutor$Worker.run(ThreadPoolExecutor.java:624)\r\n	at org.apache.tomcat.util.threads.TaskThread$WrappingRunnable.run(TaskThread.java:61)\r\n	at java.lang.Thread.run(Thread.java:750)\r\nCaused by: java.sql.SQLSyntaxErrorException: You have an error in your SQL syntax; check the manual that corresponds to your MySQL server version for the right syntax to use near \'( PARTITION BY parent_id ORDER BY create_time ASC ) row_num\n        FROM\n       \' at line 17\r\n	at com.mysql.cj.jdbc.exceptions.SQLError.createSQLException(SQLError.java:120)\r\n	at com.mysql.cj.jdbc.exceptions.SQLError.createSQLException(SQLError.java:97)\r\n	at com.mysql.cj.jdbc.exceptions.SQLExceptionsMapping.translateException(SQLExceptionsMapping.java:122)\r\n	at com.mysql.cj.jdbc.ClientPreparedStatement.executeInternal(ClientPreparedStatement.java:953)\r\n	at com.mysql.cj.jdbc.ClientPreparedStatement.execute(ClientPreparedStatement.java:370)\r\n	at com.zaxxer.hikari.pool.ProxyPreparedStatement.execute(ProxyPreparedStatement.java:44)\r\n	at com.zaxxer.hikari.pool.HikariProxyPreparedStatement.execute(HikariProxyPreparedStatement.java)\r\n	at sun.reflect.GeneratedMethodAccessor122.invoke(Unknown Source)\r\n	at sun.reflect.DelegatingMethodAccessorImpl.invoke(DelegatingMethodAccessorImpl.java:43)\r\n	at java.lang.reflect.Method.invoke(Method.java:498)\r\n	at org.apache.ibatis.logging.jdbc.PreparedStatementLogger.invoke(PreparedStatementLogger.java:59)\r\n	at com.sun.proxy.$Proxy188.execute(Unknown Source)\r\n	at org.apache.ibatis.executor.statement.PreparedStatementHandler.query(PreparedStatementHandler.java:64)\r\n	at org.apache.ibatis.executor.statement.RoutingStatementHandler.query(RoutingStatementHandler.java:79)\r\n	at sun.reflect.GeneratedMethodAccessor128.invoke(Unknown Source)\r\n	at sun.reflect.DelegatingMethodAccessorImpl.invoke(DelegatingMethodAccessorImpl.java:43)\r\n	at java.lang.reflect.Method.invoke(Method.java:498)\r\n	at org.apache.ibatis.plugin.Plugin.invoke(Plugin.java:63)\r\n	at com.sun.proxy.$Proxy186.query(Unknown Source)\r\n	at com.baomidou.mybatisplus.core.executor.MybatisSimpleExecutor.doQuery(MybatisSimpleExecutor.java:69)\r\n	at org.apache.ibatis.executor.BaseExecutor.queryFromDatabase(BaseExecutor.java:325)\r\n	at org.apache.ibatis.executor.BaseExecutor.query(BaseExecutor.java:156)\r\n	at com.baomidou.mybatisplus.core.executor.MybatisCachingExecutor.query(MybatisCachingExecutor.java:165)\r\n	at com.baomidou.mybatisplus.extension.plugins.MybatisPlusInterceptor.intercept(MybatisPlusInterceptor.java:81)\r\n	at org.apache.ibatis.plugin.Plugin.invoke(Plugin.java:61)\r\n	at com.sun.proxy.$Proxy185.query(Unknown Source)\r\n	at org.apache.ibatis.session.defaults.DefaultSqlSession.selectList(DefaultSqlSession.java:147)\r\n	at org.apache.ibatis.session.defaults.DefaultSqlSession.selectList(DefaultSqlSession.java:140)\r\n	at sun.reflect.GeneratedMethodAccessor178.invoke(Unknown Source)\r\n	at sun.reflect.DelegatingMethodAccessorImpl.invoke(DelegatingMethodAccessorImpl.java:43)\r\n	at java.lang.reflect.Method.invoke(Method.java:498)\r\n	at org.mybatis.spring.SqlSessionTemplate$SqlSessionInterceptor.invoke(SqlSessionTemplate.java:426)\r\n	... 126 more\r\n', '127.0.0.1', '内网IP|内网IP', '2023-12-29 15:42:49');
INSERT INTO `t_exception_log` VALUES (3, '/comments', 'com.aurora.controller.CommentController.getComments', 'GET', '[{\"type\":2}]', '获取评论', 'org.springframework.jdbc.BadSqlGrammarException: \r\n### Error querying database.  Cause: java.sql.SQLSyntaxErrorException: You have an error in your SQL syntax; check the manual that corresponds to your MySQL server version for the right syntax to use near \'( PARTITION BY parent_id ORDER BY create_time ASC ) row_num\n        FROM\n       \' at line 17\r\n### The error may exist in file [D:\\javacx\\aurora-master\\aurora-springboot\\target\\classes\\mapper\\CommentMapper.xml]\r\n### The error may involve defaultParameterMap\r\n### The error occurred while setting parameters\r\n### SQL: SELECT         *         FROM         (         SELECT         c.user_id,         u.nickname,         u.avatar,         u.website,         c.reply_user_id,         r.nickname AS reply_nickname,         r.website AS reply_website,         c.id,         c.parent_id,         c.comment_content,         c.create_time,         row_number () over ( PARTITION BY parent_id ORDER BY create_time ASC ) row_num         FROM         t_comment c         JOIN t_user_info u ON c.user_id = u.id         JOIN t_user_info r ON c.reply_user_id = r.id         WHERE         c.is_review = 1         AND         parent_id IN         (                        ?                   )         order by c.create_time desc         ) t\r\n### Cause: java.sql.SQLSyntaxErrorException: You have an error in your SQL syntax; check the manual that corresponds to your MySQL server version for the right syntax to use near \'( PARTITION BY parent_id ORDER BY create_time ASC ) row_num\n        FROM\n       \' at line 17\n; bad SQL grammar []; nested exception is java.sql.SQLSyntaxErrorException: You have an error in your SQL syntax; check the manual that corresponds to your MySQL server version for the right syntax to use near \'( PARTITION BY parent_id ORDER BY create_time ASC ) row_num\n        FROM\n       \' at line 17\r\n	at org.springframework.jdbc.support.SQLErrorCodeSQLExceptionTranslator.doTranslate(SQLErrorCodeSQLExceptionTranslator.java:239)\r\n	at org.springframework.jdbc.support.AbstractFallbackSQLExceptionTranslator.translate(AbstractFallbackSQLExceptionTranslator.java:72)\r\n	at org.mybatis.spring.MyBatisExceptionTranslator.translateExceptionIfPossible(MyBatisExceptionTranslator.java:88)\r\n	at org.mybatis.spring.SqlSessionTemplate$SqlSessionInterceptor.invoke(SqlSessionTemplate.java:440)\r\n	at com.sun.proxy.$Proxy113.selectList(Unknown Source)\r\n	at org.mybatis.spring.SqlSessionTemplate.selectList(SqlSessionTemplate.java:223)\r\n	at com.baomidou.mybatisplus.core.override.MybatisMapperMethod.executeForMany(MybatisMapperMethod.java:173)\r\n	at com.baomidou.mybatisplus.core.override.MybatisMapperMethod.execute(MybatisMapperMethod.java:78)\r\n	at com.baomidou.mybatisplus.core.override.MybatisMapperProxy$PlainMethodInvoker.invoke(MybatisMapperProxy.java:148)\r\n	at com.baomidou.mybatisplus.core.override.MybatisMapperProxy.invoke(MybatisMapperProxy.java:89)\r\n	at com.sun.proxy.$Proxy162.listReplies(Unknown Source)\r\n	at sun.reflect.NativeMethodAccessorImpl.invoke0(Native Method)\r\n	at sun.reflect.NativeMethodAccessorImpl.invoke(NativeMethodAccessorImpl.java:62)\r\n	at sun.reflect.DelegatingMethodAccessorImpl.invoke(DelegatingMethodAccessorImpl.java:43)\r\n	at java.lang.reflect.Method.invoke(Method.java:498)\r\n	at org.springframework.aop.support.AopUtils.invokeJoinpointUsingReflection(AopUtils.java:344)\r\n	at org.springframework.aop.framework.ReflectiveMethodInvocation.invokeJoinpoint(ReflectiveMethodInvocation.java:198)\r\n	at org.springframework.aop.framework.ReflectiveMethodInvocation.proceed(ReflectiveMethodInvocation.java:163)\r\n	at org.springframework.dao.support.PersistenceExceptionTranslationInterceptor.invoke(PersistenceExceptionTranslationInterceptor.java:139)\r\n	at org.springframework.aop.framework.ReflectiveMethodInvocation.proceed(ReflectiveMethodInvocation.java:186)\r\n	at org.springframework.aop.framework.JdkDynamicAopProxy.invoke(JdkDynamicAopProxy.java:212)\r\n	at com.sun.proxy.$Proxy163.listReplies(Unknown Source)\r\n	at com.aurora.service.impl.CommentServiceImpl.listComments(CommentServiceImpl.java:119)\r\n	at com.aurora.service.impl.CommentServiceImpl$$FastClassBySpringCGLIB$$fea9678a.invoke(<generated>)\r\n	at org.springframework.cglib.proxy.MethodProxy.invoke(MethodProxy.java:218)\r\n	at org.springframework.aop.framework.CglibAopProxy$DynamicAdvisedInterceptor.intercept(CglibAopProxy.java:687)\r\n	at com.aurora.service.impl.CommentServiceImpl$$EnhancerBySpringCGLIB$$76597481.listComments(<generated>)\r\n	at com.aurora.controller.CommentController.getComments(CommentController.java:40)\r\n	at com.aurora.controller.CommentController$$FastClassBySpringCGLIB$$6d73c74a.invoke(<generated>)\r\n	at org.springframework.cglib.proxy.MethodProxy.invoke(MethodProxy.java:218)\r\n	at org.springframework.aop.framework.CglibAopProxy$CglibMethodInvocation.invokeJoinpoint(CglibAopProxy.java:771)\r\n	at org.springframework.aop.framework.ReflectiveMethodInvocation.proceed(ReflectiveMethodInvocation.java:163)\r\n	at org.springframework.aop.framework.CglibAopProxy$CglibMethodInvocation.proceed(CglibAopProxy.java:749)\r\n	at org.springframework.aop.aspectj.AspectJAfterThrowingAdvice.invoke(AspectJAfterThrowingAdvice.java:62)\r\n	at org.springframework.aop.framework.ReflectiveMethodInvocation.proceed(ReflectiveMethodInvocation.java:186)\r\n	at org.springframework.aop.framework.CglibAopProxy$CglibMethodInvocation.proceed(CglibAopProxy.java:749)\r\n	at org.springframework.aop.interceptor.ExposeInvocationInterceptor.invoke(ExposeInvocationInterceptor.java:95)\r\n	at org.springframework.aop.framework.ReflectiveMethodInvocation.proceed(ReflectiveMethodInvocation.java:186)\r\n	at org.springframework.aop.framework.CglibAopProxy$CglibMethodInvocation.proceed(CglibAopProxy.java:749)\r\n	at org.springframework.aop.framework.CglibAopProxy$DynamicAdvisedInterceptor.intercept(CglibAopProxy.java:691)\r\n	at com.aurora.controller.CommentController$$EnhancerBySpringCGLIB$$93a8f186.getComments(<generated>)\r\n	at sun.reflect.NativeMethodAccessorImpl.invoke0(Native Method)\r\n	at sun.reflect.NativeMethodAccessorImpl.invoke(NativeMethodAccessorImpl.java:62)\r\n	at sun.reflect.DelegatingMethodAccessorImpl.invoke(DelegatingMethodAccessorImpl.java:43)\r\n	at java.lang.reflect.Method.invoke(Method.java:498)\r\n	at org.springframework.web.method.support.InvocableHandlerMethod.doInvoke(InvocableHandlerMethod.java:190)\r\n	at org.springframework.web.method.support.InvocableHandlerMethod.invokeForRequest(InvocableHandlerMethod.java:138)\r\n	at org.springframework.web.servlet.mvc.method.annotation.ServletInvocableHandlerMethod.invokeAndHandle(ServletInvocableHandlerMethod.java:105)\r\n	at org.springframework.web.servlet.mvc.method.annotation.RequestMappingHandlerAdapter.invokeHandlerMethod(RequestMappingHandlerAdapter.java:878)\r\n	at org.springframework.web.servlet.mvc.method.annotation.RequestMappingHandlerAdapter.handleInternal(RequestMappingHandlerAdapter.java:792)\r\n	at org.springframework.web.servlet.mvc.method.AbstractHandlerMethodAdapter.handle(AbstractHandlerMethodAdapter.java:87)\r\n	at org.springframework.web.servlet.DispatcherServlet.doDispatch(DispatcherServlet.java:1040)\r\n	at org.springframework.web.servlet.DispatcherServlet.doService(DispatcherServlet.java:943)\r\n	at org.springframework.web.servlet.FrameworkServlet.processRequest(FrameworkServlet.java:1006)\r\n	at org.springframework.web.servlet.FrameworkServlet.doGet(FrameworkServlet.java:898)\r\n	at javax.servlet.http.HttpServlet.service(HttpServlet.java:626)\r\n	at org.springframework.web.servlet.FrameworkServlet.service(FrameworkServlet.java:883)\r\n	at javax.servlet.http.HttpServlet.service(HttpServlet.java:733)\r\n	at org.apache.catalina.core.ApplicationFilterChain.internalDoFilter(ApplicationFilterChain.java:231)\r\n	at org.apache.catalina.core.ApplicationFilterChain.doFilter(ApplicationFilterChain.java:166)\r\n	at org.apache.tomcat.websocket.server.WsFilter.doFilter(WsFilter.java:53)\r\n	at org.apache.catalina.core.ApplicationFilterChain.internalDoFilter(ApplicationFilterChain.java:193)\r\n	at org.apache.catalina.core.ApplicationFilterChain.doFilter(ApplicationFilterChain.java:166)\r\n	at org.springframework.web.filter.OncePerRequestFilter.doFilter(OncePerRequestFilter.java:113)\r\n	at org.apache.catalina.core.ApplicationFilterChain.internalDoFilter(ApplicationFilterChain.java:193)\r\n	at org.apache.catalina.core.ApplicationFilterChain.doFilter(ApplicationFilterChain.java:166)\r\n	at org.springframework.security.web.FilterChainProxy$VirtualFilterChain.doFilter(FilterChainProxy.java:320)\r\n	at org.springframework.security.web.access.intercept.FilterSecurityInterceptor.invoke(FilterSecurityInterceptor.java:126)\r\n	at org.springframework.security.web.access.intercept.FilterSecurityInterceptor.doFilter(FilterSecurityInterceptor.java:90)\r\n	at org.springframework.security.web.FilterChainProxy$VirtualFilterChain.doFilter(FilterChainProxy.java:334)\r\n	at org.springframework.security.web.access.ExceptionTranslationFilter.doFilter(ExceptionTranslationFilter.java:118)\r\n	at org.springframework.security.web.FilterChainProxy$VirtualFilterChain.doFilter(FilterChainProxy.java:334)\r\n	at org.springframework.security.web.session.SessionManagementFilter.doFilter(SessionManagementFilter.java:137)\r\n	at org.springframework.security.web.FilterChainProxy$VirtualFilterChain.doFilter(FilterChainProxy.java:334)\r\n	at org.springframework.security.web.authentication.AnonymousAuthenticationFilter.doFilter(AnonymousAuthenticationFilter.java:111)\r\n	at org.springframework.security.web.FilterChainProxy$VirtualFilterChain.doFilter(FilterChainProxy.java:334)\r\n	at org.springframework.security.web.servletapi.SecurityContextHolderAwareRequestFilter.doFilter(SecurityContextHolderAwareRequestFilter.java:158)\r\n	at org.springframework.security.web.FilterChainProxy$VirtualFilterChain.doFilter(FilterChainProxy.java:334)\r\n	at org.springframework.security.web.savedrequest.RequestCacheAwareFilter.doFilter(RequestCacheAwareFilter.java:63)\r\n	at org.springframework.security.web.FilterChainProxy$VirtualFilterChain.doFilter(FilterChainProxy.java:334)\r\n	at org.springframework.security.web.authentication.AbstractAuthenticationProcessingFilter.doFilter(AbstractAuthenticationProcessingFilter.java:200)\r\n	at org.springframework.security.web.FilterChainProxy$VirtualFilterChain.doFilter(FilterChainProxy.java:334)\r\n	at com.aurora.filter.JwtAuthenticationTokenFilter.doFilterInternal(JwtAuthenticationTokenFilter.java:39)\r\n	at org.springframework.web.filter.OncePerRequestFilter.doFilter(OncePerRequestFilter.java:119)\r\n	at org.springframework.security.web.FilterChainProxy$VirtualFilterChain.doFilter(FilterChainProxy.java:334)\r\n	at org.springframework.security.web.authentication.logout.LogoutFilter.doFilter(LogoutFilter.java:116)\r\n	at org.springframework.security.web.FilterChainProxy$VirtualFilterChain.doFilter(FilterChainProxy.java:334)\r\n	at org.springframework.security.web.header.HeaderWriterFilter.doHeadersAfter(HeaderWriterFilter.java:92)\r\n	at org.springframework.security.web.header.HeaderWriterFilter.doFilterInternal(HeaderWriterFilter.java:77)\r\n	at org.springframework.web.filter.OncePerRequestFilter.doFilter(OncePerRequestFilter.java:119)\r\n	at org.springframework.security.web.FilterChainProxy$VirtualFilterChain.doFilter(FilterChainProxy.java:334)\r\n	at org.springframework.security.web.context.SecurityContextPersistenceFilter.doFilter(SecurityContextPersistenceFilter.java:105)\r\n	at org.springframework.security.web.FilterChainProxy$VirtualFilterChain.doFilter(FilterChainProxy.java:334)\r\n	at org.springframework.security.web.context.request.async.WebAsyncManagerIntegrationFilter.doFilterInternal(WebAsyncManagerIntegrationFilter.java:56)\r\n	at org.springframework.web.filter.OncePerRequestFilter.doFilter(OncePerRequestFilter.java:119)\r\n	at org.springframework.security.web.FilterChainProxy$VirtualFilterChain.doFilter(FilterChainProxy.java:334)\r\n	at org.springframework.security.web.FilterChainProxy.doFilterInternal(FilterChainProxy.java:215)\r\n	at org.springframework.security.web.FilterChainProxy.doFilter(FilterChainProxy.java:178)\r\n	at org.springframework.web.filter.DelegatingFilterProxy.invokeDelegate(DelegatingFilterProxy.java:358)\r\n	at org.springframework.web.filter.DelegatingFilterProxy.doFilter(DelegatingFilterProxy.java:271)\r\n	at org.apache.catalina.core.ApplicationFilterChain.internalDoFilter(ApplicationFilterChain.java:193)\r\n	at org.apache.catalina.core.ApplicationFilterChain.doFilter(ApplicationFilterChain.java:166)\r\n	at org.springframework.web.filter.RequestContextFilter.doFilterInternal(RequestContextFilter.java:100)\r\n	at org.springframework.web.filter.OncePerRequestFilter.doFilter(OncePerRequestFilter.java:119)\r\n	at org.apache.catalina.core.ApplicationFilterChain.internalDoFilter(ApplicationFilterChain.java:193)\r\n	at org.apache.catalina.core.ApplicationFilterChain.doFilter(ApplicationFilterChain.java:166)\r\n	at org.springframework.web.filter.FormContentFilter.doFilterInternal(FormContentFilter.java:93)\r\n	at org.springframework.web.filter.OncePerRequestFilter.doFilter(OncePerRequestFilter.java:119)\r\n	at org.apache.catalina.core.ApplicationFilterChain.internalDoFilter(ApplicationFilterChain.java:193)\r\n	at org.apache.catalina.core.ApplicationFilterChain.doFilter(ApplicationFilterChain.java:166)\r\n	at org.springframework.web.filter.CharacterEncodingFilter.doFilterInternal(CharacterEncodingFilter.java:201)\r\n	at org.springframework.web.filter.OncePerRequestFilter.doFilter(OncePerRequestFilter.java:119)\r\n	at org.apache.catalina.core.ApplicationFilterChain.internalDoFilter(ApplicationFilterChain.java:193)\r\n	at org.apache.catalina.core.ApplicationFilterChain.doFilter(ApplicationFilterChain.java:166)\r\n	at org.apache.catalina.core.StandardWrapperValve.invoke(StandardWrapperValve.java:202)\r\n	at org.apache.catalina.core.StandardContextValve.invoke(StandardContextValve.java:97)\r\n	at org.apache.catalina.authenticator.AuthenticatorBase.invoke(AuthenticatorBase.java:542)\r\n	at org.apache.catalina.core.StandardHostValve.invoke(StandardHostValve.java:143)\r\n	at org.apache.catalina.valves.ErrorReportValve.invoke(ErrorReportValve.java:92)\r\n	at org.apache.catalina.core.StandardEngineValve.invoke(StandardEngineValve.java:78)\r\n	at org.apache.catalina.connector.CoyoteAdapter.service(CoyoteAdapter.java:343)\r\n	at org.apache.coyote.http11.Http11Processor.service(Http11Processor.java:374)\r\n	at org.apache.coyote.AbstractProcessorLight.process(AbstractProcessorLight.java:65)\r\n	at org.apache.coyote.AbstractProtocol$ConnectionHandler.process(AbstractProtocol.java:888)\r\n	at org.apache.tomcat.util.net.NioEndpoint$SocketProcessor.doRun(NioEndpoint.java:1597)\r\n	at org.apache.tomcat.util.net.SocketProcessorBase.run(SocketProcessorBase.java:49)\r\n	at java.util.concurrent.ThreadPoolExecutor.runWorker(ThreadPoolExecutor.java:1149)\r\n	at java.util.concurrent.ThreadPoolExecutor$Worker.run(ThreadPoolExecutor.java:624)\r\n	at org.apache.tomcat.util.threads.TaskThread$WrappingRunnable.run(TaskThread.java:61)\r\n	at java.lang.Thread.run(Thread.java:750)\r\nCaused by: java.sql.SQLSyntaxErrorException: You have an error in your SQL syntax; check the manual that corresponds to your MySQL server version for the right syntax to use near \'( PARTITION BY parent_id ORDER BY create_time ASC ) row_num\n        FROM\n       \' at line 17\r\n	at com.mysql.cj.jdbc.exceptions.SQLError.createSQLException(SQLError.java:120)\r\n	at com.mysql.cj.jdbc.exceptions.SQLError.createSQLException(SQLError.java:97)\r\n	at com.mysql.cj.jdbc.exceptions.SQLExceptionsMapping.translateException(SQLExceptionsMapping.java:122)\r\n	at com.mysql.cj.jdbc.ClientPreparedStatement.executeInternal(ClientPreparedStatement.java:953)\r\n	at com.mysql.cj.jdbc.ClientPreparedStatement.execute(ClientPreparedStatement.java:370)\r\n	at com.zaxxer.hikari.pool.ProxyPreparedStatement.execute(ProxyPreparedStatement.java:44)\r\n	at com.zaxxer.hikari.pool.HikariProxyPreparedStatement.execute(HikariProxyPreparedStatement.java)\r\n	at sun.reflect.GeneratedMethodAccessor122.invoke(Unknown Source)\r\n	at sun.reflect.DelegatingMethodAccessorImpl.invoke(DelegatingMethodAccessorImpl.java:43)\r\n	at java.lang.reflect.Method.invoke(Method.java:498)\r\n	at org.apache.ibatis.logging.jdbc.PreparedStatementLogger.invoke(PreparedStatementLogger.java:59)\r\n	at com.sun.proxy.$Proxy188.execute(Unknown Source)\r\n	at org.apache.ibatis.executor.statement.PreparedStatementHandler.query(PreparedStatementHandler.java:64)\r\n	at org.apache.ibatis.executor.statement.RoutingStatementHandler.query(RoutingStatementHandler.java:79)\r\n	at sun.reflect.GeneratedMethodAccessor128.invoke(Unknown Source)\r\n	at sun.reflect.DelegatingMethodAccessorImpl.invoke(DelegatingMethodAccessorImpl.java:43)\r\n	at java.lang.reflect.Method.invoke(Method.java:498)\r\n	at org.apache.ibatis.plugin.Plugin.invoke(Plugin.java:63)\r\n	at com.sun.proxy.$Proxy186.query(Unknown Source)\r\n	at com.baomidou.mybatisplus.core.executor.MybatisSimpleExecutor.doQuery(MybatisSimpleExecutor.java:69)\r\n	at org.apache.ibatis.executor.BaseExecutor.queryFromDatabase(BaseExecutor.java:325)\r\n	at org.apache.ibatis.executor.BaseExecutor.query(BaseExecutor.java:156)\r\n	at com.baomidou.mybatisplus.core.executor.MybatisCachingExecutor.query(MybatisCachingExecutor.java:165)\r\n	at com.baomidou.mybatisplus.extension.plugins.MybatisPlusInterceptor.intercept(MybatisPlusInterceptor.java:81)\r\n	at org.apache.ibatis.plugin.Plugin.invoke(Plugin.java:61)\r\n	at com.sun.proxy.$Proxy185.query(Unknown Source)\r\n	at org.apache.ibatis.session.defaults.DefaultSqlSession.selectList(DefaultSqlSession.java:147)\r\n	at org.apache.ibatis.session.defaults.DefaultSqlSession.selectList(DefaultSqlSession.java:140)\r\n	at sun.reflect.GeneratedMethodAccessor178.invoke(Unknown Source)\r\n	at sun.reflect.DelegatingMethodAccessorImpl.invoke(DelegatingMethodAccessorImpl.java:43)\r\n	at java.lang.reflect.Method.invoke(Method.java:498)\r\n	at org.mybatis.spring.SqlSessionTemplate$SqlSessionInterceptor.invoke(SqlSessionTemplate.java:426)\r\n	... 126 more\r\n', '127.0.0.1', '内网IP|内网IP', '2023-12-29 15:43:24');
INSERT INTO `t_exception_log` VALUES (4, '/comments', 'com.aurora.controller.CommentController.getComments', 'GET', '[{\"type\":4}]', '获取评论', 'org.springframework.jdbc.BadSqlGrammarException: \r\n### Error querying database.  Cause: java.sql.SQLSyntaxErrorException: You have an error in your SQL syntax; check the manual that corresponds to your MySQL server version for the right syntax to use near \'( PARTITION BY parent_id ORDER BY create_time ASC ) row_num\n        FROM\n       \' at line 17\r\n### The error may exist in file [D:\\javacx\\aurora-master\\aurora-springboot\\target\\classes\\mapper\\CommentMapper.xml]\r\n### The error may involve defaultParameterMap\r\n### The error occurred while setting parameters\r\n### SQL: SELECT         *         FROM         (         SELECT         c.user_id,         u.nickname,         u.avatar,         u.website,         c.reply_user_id,         r.nickname AS reply_nickname,         r.website AS reply_website,         c.id,         c.parent_id,         c.comment_content,         c.create_time,         row_number () over ( PARTITION BY parent_id ORDER BY create_time ASC ) row_num         FROM         t_comment c         JOIN t_user_info u ON c.user_id = u.id         JOIN t_user_info r ON c.reply_user_id = r.id         WHERE         c.is_review = 1         AND         parent_id IN         (                        ?                   )         order by c.create_time desc         ) t\r\n### Cause: java.sql.SQLSyntaxErrorException: You have an error in your SQL syntax; check the manual that corresponds to your MySQL server version for the right syntax to use near \'( PARTITION BY parent_id ORDER BY create_time ASC ) row_num\n        FROM\n       \' at line 17\n; bad SQL grammar []; nested exception is java.sql.SQLSyntaxErrorException: You have an error in your SQL syntax; check the manual that corresponds to your MySQL server version for the right syntax to use near \'( PARTITION BY parent_id ORDER BY create_time ASC ) row_num\n        FROM\n       \' at line 17\r\n	at org.springframework.jdbc.support.SQLErrorCodeSQLExceptionTranslator.doTranslate(SQLErrorCodeSQLExceptionTranslator.java:239)\r\n	at org.springframework.jdbc.support.AbstractFallbackSQLExceptionTranslator.translate(AbstractFallbackSQLExceptionTranslator.java:72)\r\n	at org.mybatis.spring.MyBatisExceptionTranslator.translateExceptionIfPossible(MyBatisExceptionTranslator.java:88)\r\n	at org.mybatis.spring.SqlSessionTemplate$SqlSessionInterceptor.invoke(SqlSessionTemplate.java:440)\r\n	at com.sun.proxy.$Proxy113.selectList(Unknown Source)\r\n	at org.mybatis.spring.SqlSessionTemplate.selectList(SqlSessionTemplate.java:223)\r\n	at com.baomidou.mybatisplus.core.override.MybatisMapperMethod.executeForMany(MybatisMapperMethod.java:173)\r\n	at com.baomidou.mybatisplus.core.override.MybatisMapperMethod.execute(MybatisMapperMethod.java:78)\r\n	at com.baomidou.mybatisplus.core.override.MybatisMapperProxy$PlainMethodInvoker.invoke(MybatisMapperProxy.java:148)\r\n	at com.baomidou.mybatisplus.core.override.MybatisMapperProxy.invoke(MybatisMapperProxy.java:89)\r\n	at com.sun.proxy.$Proxy162.listReplies(Unknown Source)\r\n	at sun.reflect.NativeMethodAccessorImpl.invoke0(Native Method)\r\n	at sun.reflect.NativeMethodAccessorImpl.invoke(NativeMethodAccessorImpl.java:62)\r\n	at sun.reflect.DelegatingMethodAccessorImpl.invoke(DelegatingMethodAccessorImpl.java:43)\r\n	at java.lang.reflect.Method.invoke(Method.java:498)\r\n	at org.springframework.aop.support.AopUtils.invokeJoinpointUsingReflection(AopUtils.java:344)\r\n	at org.springframework.aop.framework.ReflectiveMethodInvocation.invokeJoinpoint(ReflectiveMethodInvocation.java:198)\r\n	at org.springframework.aop.framework.ReflectiveMethodInvocation.proceed(ReflectiveMethodInvocation.java:163)\r\n	at org.springframework.dao.support.PersistenceExceptionTranslationInterceptor.invoke(PersistenceExceptionTranslationInterceptor.java:139)\r\n	at org.springframework.aop.framework.ReflectiveMethodInvocation.proceed(ReflectiveMethodInvocation.java:186)\r\n	at org.springframework.aop.framework.JdkDynamicAopProxy.invoke(JdkDynamicAopProxy.java:212)\r\n	at com.sun.proxy.$Proxy163.listReplies(Unknown Source)\r\n	at com.aurora.service.impl.CommentServiceImpl.listComments(CommentServiceImpl.java:119)\r\n	at com.aurora.service.impl.CommentServiceImpl$$FastClassBySpringCGLIB$$fea9678a.invoke(<generated>)\r\n	at org.springframework.cglib.proxy.MethodProxy.invoke(MethodProxy.java:218)\r\n	at org.springframework.aop.framework.CglibAopProxy$DynamicAdvisedInterceptor.intercept(CglibAopProxy.java:687)\r\n	at com.aurora.service.impl.CommentServiceImpl$$EnhancerBySpringCGLIB$$76597481.listComments(<generated>)\r\n	at com.aurora.controller.CommentController.getComments(CommentController.java:40)\r\n	at com.aurora.controller.CommentController$$FastClassBySpringCGLIB$$6d73c74a.invoke(<generated>)\r\n	at org.springframework.cglib.proxy.MethodProxy.invoke(MethodProxy.java:218)\r\n	at org.springframework.aop.framework.CglibAopProxy$CglibMethodInvocation.invokeJoinpoint(CglibAopProxy.java:771)\r\n	at org.springframework.aop.framework.ReflectiveMethodInvocation.proceed(ReflectiveMethodInvocation.java:163)\r\n	at org.springframework.aop.framework.CglibAopProxy$CglibMethodInvocation.proceed(CglibAopProxy.java:749)\r\n	at org.springframework.aop.aspectj.AspectJAfterThrowingAdvice.invoke(AspectJAfterThrowingAdvice.java:62)\r\n	at org.springframework.aop.framework.ReflectiveMethodInvocation.proceed(ReflectiveMethodInvocation.java:186)\r\n	at org.springframework.aop.framework.CglibAopProxy$CglibMethodInvocation.proceed(CglibAopProxy.java:749)\r\n	at org.springframework.aop.interceptor.ExposeInvocationInterceptor.invoke(ExposeInvocationInterceptor.java:95)\r\n	at org.springframework.aop.framework.ReflectiveMethodInvocation.proceed(ReflectiveMethodInvocation.java:186)\r\n	at org.springframework.aop.framework.CglibAopProxy$CglibMethodInvocation.proceed(CglibAopProxy.java:749)\r\n	at org.springframework.aop.framework.CglibAopProxy$DynamicAdvisedInterceptor.intercept(CglibAopProxy.java:691)\r\n	at com.aurora.controller.CommentController$$EnhancerBySpringCGLIB$$93a8f186.getComments(<generated>)\r\n	at sun.reflect.NativeMethodAccessorImpl.invoke0(Native Method)\r\n	at sun.reflect.NativeMethodAccessorImpl.invoke(NativeMethodAccessorImpl.java:62)\r\n	at sun.reflect.DelegatingMethodAccessorImpl.invoke(DelegatingMethodAccessorImpl.java:43)\r\n	at java.lang.reflect.Method.invoke(Method.java:498)\r\n	at org.springframework.web.method.support.InvocableHandlerMethod.doInvoke(InvocableHandlerMethod.java:190)\r\n	at org.springframework.web.method.support.InvocableHandlerMethod.invokeForRequest(InvocableHandlerMethod.java:138)\r\n	at org.springframework.web.servlet.mvc.method.annotation.ServletInvocableHandlerMethod.invokeAndHandle(ServletInvocableHandlerMethod.java:105)\r\n	at org.springframework.web.servlet.mvc.method.annotation.RequestMappingHandlerAdapter.invokeHandlerMethod(RequestMappingHandlerAdapter.java:878)\r\n	at org.springframework.web.servlet.mvc.method.annotation.RequestMappingHandlerAdapter.handleInternal(RequestMappingHandlerAdapter.java:792)\r\n	at org.springframework.web.servlet.mvc.method.AbstractHandlerMethodAdapter.handle(AbstractHandlerMethodAdapter.java:87)\r\n	at org.springframework.web.servlet.DispatcherServlet.doDispatch(DispatcherServlet.java:1040)\r\n	at org.springframework.web.servlet.DispatcherServlet.doService(DispatcherServlet.java:943)\r\n	at org.springframework.web.servlet.FrameworkServlet.processRequest(FrameworkServlet.java:1006)\r\n	at org.springframework.web.servlet.FrameworkServlet.doGet(FrameworkServlet.java:898)\r\n	at javax.servlet.http.HttpServlet.service(HttpServlet.java:626)\r\n	at org.springframework.web.servlet.FrameworkServlet.service(FrameworkServlet.java:883)\r\n	at javax.servlet.http.HttpServlet.service(HttpServlet.java:733)\r\n	at org.apache.catalina.core.ApplicationFilterChain.internalDoFilter(ApplicationFilterChain.java:231)\r\n	at org.apache.catalina.core.ApplicationFilterChain.doFilter(ApplicationFilterChain.java:166)\r\n	at org.apache.tomcat.websocket.server.WsFilter.doFilter(WsFilter.java:53)\r\n	at org.apache.catalina.core.ApplicationFilterChain.internalDoFilter(ApplicationFilterChain.java:193)\r\n	at org.apache.catalina.core.ApplicationFilterChain.doFilter(ApplicationFilterChain.java:166)\r\n	at org.springframework.web.filter.OncePerRequestFilter.doFilter(OncePerRequestFilter.java:113)\r\n	at org.apache.catalina.core.ApplicationFilterChain.internalDoFilter(ApplicationFilterChain.java:193)\r\n	at org.apache.catalina.core.ApplicationFilterChain.doFilter(ApplicationFilterChain.java:166)\r\n	at org.springframework.security.web.FilterChainProxy$VirtualFilterChain.doFilter(FilterChainProxy.java:320)\r\n	at org.springframework.security.web.access.intercept.FilterSecurityInterceptor.invoke(FilterSecurityInterceptor.java:126)\r\n	at org.springframework.security.web.access.intercept.FilterSecurityInterceptor.doFilter(FilterSecurityInterceptor.java:90)\r\n	at org.springframework.security.web.FilterChainProxy$VirtualFilterChain.doFilter(FilterChainProxy.java:334)\r\n	at org.springframework.security.web.access.ExceptionTranslationFilter.doFilter(ExceptionTranslationFilter.java:118)\r\n	at org.springframework.security.web.FilterChainProxy$VirtualFilterChain.doFilter(FilterChainProxy.java:334)\r\n	at org.springframework.security.web.session.SessionManagementFilter.doFilter(SessionManagementFilter.java:137)\r\n	at org.springframework.security.web.FilterChainProxy$VirtualFilterChain.doFilter(FilterChainProxy.java:334)\r\n	at org.springframework.security.web.authentication.AnonymousAuthenticationFilter.doFilter(AnonymousAuthenticationFilter.java:111)\r\n	at org.springframework.security.web.FilterChainProxy$VirtualFilterChain.doFilter(FilterChainProxy.java:334)\r\n	at org.springframework.security.web.servletapi.SecurityContextHolderAwareRequestFilter.doFilter(SecurityContextHolderAwareRequestFilter.java:158)\r\n	at org.springframework.security.web.FilterChainProxy$VirtualFilterChain.doFilter(FilterChainProxy.java:334)\r\n	at org.springframework.security.web.savedrequest.RequestCacheAwareFilter.doFilter(RequestCacheAwareFilter.java:63)\r\n	at org.springframework.security.web.FilterChainProxy$VirtualFilterChain.doFilter(FilterChainProxy.java:334)\r\n	at org.springframework.security.web.authentication.AbstractAuthenticationProcessingFilter.doFilter(AbstractAuthenticationProcessingFilter.java:200)\r\n	at org.springframework.security.web.FilterChainProxy$VirtualFilterChain.doFilter(FilterChainProxy.java:334)\r\n	at com.aurora.filter.JwtAuthenticationTokenFilter.doFilterInternal(JwtAuthenticationTokenFilter.java:39)\r\n	at org.springframework.web.filter.OncePerRequestFilter.doFilter(OncePerRequestFilter.java:119)\r\n	at org.springframework.security.web.FilterChainProxy$VirtualFilterChain.doFilter(FilterChainProxy.java:334)\r\n	at org.springframework.security.web.authentication.logout.LogoutFilter.doFilter(LogoutFilter.java:116)\r\n	at org.springframework.security.web.FilterChainProxy$VirtualFilterChain.doFilter(FilterChainProxy.java:334)\r\n	at org.springframework.security.web.header.HeaderWriterFilter.doHeadersAfter(HeaderWriterFilter.java:92)\r\n	at org.springframework.security.web.header.HeaderWriterFilter.doFilterInternal(HeaderWriterFilter.java:77)\r\n	at org.springframework.web.filter.OncePerRequestFilter.doFilter(OncePerRequestFilter.java:119)\r\n	at org.springframework.security.web.FilterChainProxy$VirtualFilterChain.doFilter(FilterChainProxy.java:334)\r\n	at org.springframework.security.web.context.SecurityContextPersistenceFilter.doFilter(SecurityContextPersistenceFilter.java:105)\r\n	at org.springframework.security.web.FilterChainProxy$VirtualFilterChain.doFilter(FilterChainProxy.java:334)\r\n	at org.springframework.security.web.context.request.async.WebAsyncManagerIntegrationFilter.doFilterInternal(WebAsyncManagerIntegrationFilter.java:56)\r\n	at org.springframework.web.filter.OncePerRequestFilter.doFilter(OncePerRequestFilter.java:119)\r\n	at org.springframework.security.web.FilterChainProxy$VirtualFilterChain.doFilter(FilterChainProxy.java:334)\r\n	at org.springframework.security.web.FilterChainProxy.doFilterInternal(FilterChainProxy.java:215)\r\n	at org.springframework.security.web.FilterChainProxy.doFilter(FilterChainProxy.java:178)\r\n	at org.springframework.web.filter.DelegatingFilterProxy.invokeDelegate(DelegatingFilterProxy.java:358)\r\n	at org.springframework.web.filter.DelegatingFilterProxy.doFilter(DelegatingFilterProxy.java:271)\r\n	at org.apache.catalina.core.ApplicationFilterChain.internalDoFilter(ApplicationFilterChain.java:193)\r\n	at org.apache.catalina.core.ApplicationFilterChain.doFilter(ApplicationFilterChain.java:166)\r\n	at org.springframework.web.filter.RequestContextFilter.doFilterInternal(RequestContextFilter.java:100)\r\n	at org.springframework.web.filter.OncePerRequestFilter.doFilter(OncePerRequestFilter.java:119)\r\n	at org.apache.catalina.core.ApplicationFilterChain.internalDoFilter(ApplicationFilterChain.java:193)\r\n	at org.apache.catalina.core.ApplicationFilterChain.doFilter(ApplicationFilterChain.java:166)\r\n	at org.springframework.web.filter.FormContentFilter.doFilterInternal(FormContentFilter.java:93)\r\n	at org.springframework.web.filter.OncePerRequestFilter.doFilter(OncePerRequestFilter.java:119)\r\n	at org.apache.catalina.core.ApplicationFilterChain.internalDoFilter(ApplicationFilterChain.java:193)\r\n	at org.apache.catalina.core.ApplicationFilterChain.doFilter(ApplicationFilterChain.java:166)\r\n	at org.springframework.web.filter.CharacterEncodingFilter.doFilterInternal(CharacterEncodingFilter.java:201)\r\n	at org.springframework.web.filter.OncePerRequestFilter.doFilter(OncePerRequestFilter.java:119)\r\n	at org.apache.catalina.core.ApplicationFilterChain.internalDoFilter(ApplicationFilterChain.java:193)\r\n	at org.apache.catalina.core.ApplicationFilterChain.doFilter(ApplicationFilterChain.java:166)\r\n	at org.apache.catalina.core.StandardWrapperValve.invoke(StandardWrapperValve.java:202)\r\n	at org.apache.catalina.core.StandardContextValve.invoke(StandardContextValve.java:97)\r\n	at org.apache.catalina.authenticator.AuthenticatorBase.invoke(AuthenticatorBase.java:542)\r\n	at org.apache.catalina.core.StandardHostValve.invoke(StandardHostValve.java:143)\r\n	at org.apache.catalina.valves.ErrorReportValve.invoke(ErrorReportValve.java:92)\r\n	at org.apache.catalina.core.StandardEngineValve.invoke(StandardEngineValve.java:78)\r\n	at org.apache.catalina.connector.CoyoteAdapter.service(CoyoteAdapter.java:343)\r\n	at org.apache.coyote.http11.Http11Processor.service(Http11Processor.java:374)\r\n	at org.apache.coyote.AbstractProcessorLight.process(AbstractProcessorLight.java:65)\r\n	at org.apache.coyote.AbstractProtocol$ConnectionHandler.process(AbstractProtocol.java:888)\r\n	at org.apache.tomcat.util.net.NioEndpoint$SocketProcessor.doRun(NioEndpoint.java:1597)\r\n	at org.apache.tomcat.util.net.SocketProcessorBase.run(SocketProcessorBase.java:49)\r\n	at java.util.concurrent.ThreadPoolExecutor.runWorker(ThreadPoolExecutor.java:1149)\r\n	at java.util.concurrent.ThreadPoolExecutor$Worker.run(ThreadPoolExecutor.java:624)\r\n	at org.apache.tomcat.util.threads.TaskThread$WrappingRunnable.run(TaskThread.java:61)\r\n	at java.lang.Thread.run(Thread.java:750)\r\nCaused by: java.sql.SQLSyntaxErrorException: You have an error in your SQL syntax; check the manual that corresponds to your MySQL server version for the right syntax to use near \'( PARTITION BY parent_id ORDER BY create_time ASC ) row_num\n        FROM\n       \' at line 17\r\n	at com.mysql.cj.jdbc.exceptions.SQLError.createSQLException(SQLError.java:120)\r\n	at com.mysql.cj.jdbc.exceptions.SQLError.createSQLException(SQLError.java:97)\r\n	at com.mysql.cj.jdbc.exceptions.SQLExceptionsMapping.translateException(SQLExceptionsMapping.java:122)\r\n	at com.mysql.cj.jdbc.ClientPreparedStatement.executeInternal(ClientPreparedStatement.java:953)\r\n	at com.mysql.cj.jdbc.ClientPreparedStatement.execute(ClientPreparedStatement.java:370)\r\n	at com.zaxxer.hikari.pool.ProxyPreparedStatement.execute(ProxyPreparedStatement.java:44)\r\n	at com.zaxxer.hikari.pool.HikariProxyPreparedStatement.execute(HikariProxyPreparedStatement.java)\r\n	at sun.reflect.GeneratedMethodAccessor122.invoke(Unknown Source)\r\n	at sun.reflect.DelegatingMethodAccessorImpl.invoke(DelegatingMethodAccessorImpl.java:43)\r\n	at java.lang.reflect.Method.invoke(Method.java:498)\r\n	at org.apache.ibatis.logging.jdbc.PreparedStatementLogger.invoke(PreparedStatementLogger.java:59)\r\n	at com.sun.proxy.$Proxy188.execute(Unknown Source)\r\n	at org.apache.ibatis.executor.statement.PreparedStatementHandler.query(PreparedStatementHandler.java:64)\r\n	at org.apache.ibatis.executor.statement.RoutingStatementHandler.query(RoutingStatementHandler.java:79)\r\n	at sun.reflect.GeneratedMethodAccessor128.invoke(Unknown Source)\r\n	at sun.reflect.DelegatingMethodAccessorImpl.invoke(DelegatingMethodAccessorImpl.java:43)\r\n	at java.lang.reflect.Method.invoke(Method.java:498)\r\n	at org.apache.ibatis.plugin.Plugin.invoke(Plugin.java:63)\r\n	at com.sun.proxy.$Proxy186.query(Unknown Source)\r\n	at com.baomidou.mybatisplus.core.executor.MybatisSimpleExecutor.doQuery(MybatisSimpleExecutor.java:69)\r\n	at org.apache.ibatis.executor.BaseExecutor.queryFromDatabase(BaseExecutor.java:325)\r\n	at org.apache.ibatis.executor.BaseExecutor.query(BaseExecutor.java:156)\r\n	at com.baomidou.mybatisplus.core.executor.MybatisCachingExecutor.query(MybatisCachingExecutor.java:165)\r\n	at com.baomidou.mybatisplus.extension.plugins.MybatisPlusInterceptor.intercept(MybatisPlusInterceptor.java:81)\r\n	at org.apache.ibatis.plugin.Plugin.invoke(Plugin.java:61)\r\n	at com.sun.proxy.$Proxy185.query(Unknown Source)\r\n	at org.apache.ibatis.session.defaults.DefaultSqlSession.selectList(DefaultSqlSession.java:147)\r\n	at org.apache.ibatis.session.defaults.DefaultSqlSession.selectList(DefaultSqlSession.java:140)\r\n	at sun.reflect.GeneratedMethodAccessor178.invoke(Unknown Source)\r\n	at sun.reflect.DelegatingMethodAccessorImpl.invoke(DelegatingMethodAccessorImpl.java:43)\r\n	at java.lang.reflect.Method.invoke(Method.java:498)\r\n	at org.mybatis.spring.SqlSessionTemplate$SqlSessionInterceptor.invoke(SqlSessionTemplate.java:426)\r\n	... 126 more\r\n', '127.0.0.1', '内网IP|内网IP', '2023-12-29 15:43:47');
INSERT INTO `t_exception_log` VALUES (5, '/comments', 'com.aurora.controller.CommentController.getComments', 'GET', '[{\"type\":4}]', '获取评论', 'org.springframework.jdbc.BadSqlGrammarException: \r\n### Error querying database.  Cause: java.sql.SQLSyntaxErrorException: You have an error in your SQL syntax; check the manual that corresponds to your MySQL server version for the right syntax to use near \'( PARTITION BY parent_id ORDER BY create_time ASC ) row_num\n        FROM\n       \' at line 17\r\n### The error may exist in file [D:\\javacx\\aurora-master\\aurora-springboot\\target\\classes\\mapper\\CommentMapper.xml]\r\n### The error may involve defaultParameterMap\r\n### The error occurred while setting parameters\r\n### SQL: SELECT         *         FROM         (         SELECT         c.user_id,         u.nickname,         u.avatar,         u.website,         c.reply_user_id,         r.nickname AS reply_nickname,         r.website AS reply_website,         c.id,         c.parent_id,         c.comment_content,         c.create_time,         row_number () over ( PARTITION BY parent_id ORDER BY create_time ASC ) row_num         FROM         t_comment c         JOIN t_user_info u ON c.user_id = u.id         JOIN t_user_info r ON c.reply_user_id = r.id         WHERE         c.is_review = 1         AND         parent_id IN         (                        ?                   )         order by c.create_time desc         ) t\r\n### Cause: java.sql.SQLSyntaxErrorException: You have an error in your SQL syntax; check the manual that corresponds to your MySQL server version for the right syntax to use near \'( PARTITION BY parent_id ORDER BY create_time ASC ) row_num\n        FROM\n       \' at line 17\n; bad SQL grammar []; nested exception is java.sql.SQLSyntaxErrorException: You have an error in your SQL syntax; check the manual that corresponds to your MySQL server version for the right syntax to use near \'( PARTITION BY parent_id ORDER BY create_time ASC ) row_num\n        FROM\n       \' at line 17\r\n	at org.springframework.jdbc.support.SQLErrorCodeSQLExceptionTranslator.doTranslate(SQLErrorCodeSQLExceptionTranslator.java:239)\r\n	at org.springframework.jdbc.support.AbstractFallbackSQLExceptionTranslator.translate(AbstractFallbackSQLExceptionTranslator.java:72)\r\n	at org.mybatis.spring.MyBatisExceptionTranslator.translateExceptionIfPossible(MyBatisExceptionTranslator.java:88)\r\n	at org.mybatis.spring.SqlSessionTemplate$SqlSessionInterceptor.invoke(SqlSessionTemplate.java:440)\r\n	at com.sun.proxy.$Proxy113.selectList(Unknown Source)\r\n	at org.mybatis.spring.SqlSessionTemplate.selectList(SqlSessionTemplate.java:223)\r\n	at com.baomidou.mybatisplus.core.override.MybatisMapperMethod.executeForMany(MybatisMapperMethod.java:173)\r\n	at com.baomidou.mybatisplus.core.override.MybatisMapperMethod.execute(MybatisMapperMethod.java:78)\r\n	at com.baomidou.mybatisplus.core.override.MybatisMapperProxy$PlainMethodInvoker.invoke(MybatisMapperProxy.java:148)\r\n	at com.baomidou.mybatisplus.core.override.MybatisMapperProxy.invoke(MybatisMapperProxy.java:89)\r\n	at com.sun.proxy.$Proxy162.listReplies(Unknown Source)\r\n	at sun.reflect.NativeMethodAccessorImpl.invoke0(Native Method)\r\n	at sun.reflect.NativeMethodAccessorImpl.invoke(NativeMethodAccessorImpl.java:62)\r\n	at sun.reflect.DelegatingMethodAccessorImpl.invoke(DelegatingMethodAccessorImpl.java:43)\r\n	at java.lang.reflect.Method.invoke(Method.java:498)\r\n	at org.springframework.aop.support.AopUtils.invokeJoinpointUsingReflection(AopUtils.java:344)\r\n	at org.springframework.aop.framework.ReflectiveMethodInvocation.invokeJoinpoint(ReflectiveMethodInvocation.java:198)\r\n	at org.springframework.aop.framework.ReflectiveMethodInvocation.proceed(ReflectiveMethodInvocation.java:163)\r\n	at org.springframework.dao.support.PersistenceExceptionTranslationInterceptor.invoke(PersistenceExceptionTranslationInterceptor.java:139)\r\n	at org.springframework.aop.framework.ReflectiveMethodInvocation.proceed(ReflectiveMethodInvocation.java:186)\r\n	at org.springframework.aop.framework.JdkDynamicAopProxy.invoke(JdkDynamicAopProxy.java:212)\r\n	at com.sun.proxy.$Proxy163.listReplies(Unknown Source)\r\n	at com.aurora.service.impl.CommentServiceImpl.listComments(CommentServiceImpl.java:119)\r\n	at com.aurora.service.impl.CommentServiceImpl$$FastClassBySpringCGLIB$$fea9678a.invoke(<generated>)\r\n	at org.springframework.cglib.proxy.MethodProxy.invoke(MethodProxy.java:218)\r\n	at org.springframework.aop.framework.CglibAopProxy$DynamicAdvisedInterceptor.intercept(CglibAopProxy.java:687)\r\n	at com.aurora.service.impl.CommentServiceImpl$$EnhancerBySpringCGLIB$$76597481.listComments(<generated>)\r\n	at com.aurora.controller.CommentController.getComments(CommentController.java:40)\r\n	at com.aurora.controller.CommentController$$FastClassBySpringCGLIB$$6d73c74a.invoke(<generated>)\r\n	at org.springframework.cglib.proxy.MethodProxy.invoke(MethodProxy.java:218)\r\n	at org.springframework.aop.framework.CglibAopProxy$CglibMethodInvocation.invokeJoinpoint(CglibAopProxy.java:771)\r\n	at org.springframework.aop.framework.ReflectiveMethodInvocation.proceed(ReflectiveMethodInvocation.java:163)\r\n	at org.springframework.aop.framework.CglibAopProxy$CglibMethodInvocation.proceed(CglibAopProxy.java:749)\r\n	at org.springframework.aop.aspectj.AspectJAfterThrowingAdvice.invoke(AspectJAfterThrowingAdvice.java:62)\r\n	at org.springframework.aop.framework.ReflectiveMethodInvocation.proceed(ReflectiveMethodInvocation.java:186)\r\n	at org.springframework.aop.framework.CglibAopProxy$CglibMethodInvocation.proceed(CglibAopProxy.java:749)\r\n	at org.springframework.aop.interceptor.ExposeInvocationInterceptor.invoke(ExposeInvocationInterceptor.java:95)\r\n	at org.springframework.aop.framework.ReflectiveMethodInvocation.proceed(ReflectiveMethodInvocation.java:186)\r\n	at org.springframework.aop.framework.CglibAopProxy$CglibMethodInvocation.proceed(CglibAopProxy.java:749)\r\n	at org.springframework.aop.framework.CglibAopProxy$DynamicAdvisedInterceptor.intercept(CglibAopProxy.java:691)\r\n	at com.aurora.controller.CommentController$$EnhancerBySpringCGLIB$$93a8f186.getComments(<generated>)\r\n	at sun.reflect.NativeMethodAccessorImpl.invoke0(Native Method)\r\n	at sun.reflect.NativeMethodAccessorImpl.invoke(NativeMethodAccessorImpl.java:62)\r\n	at sun.reflect.DelegatingMethodAccessorImpl.invoke(DelegatingMethodAccessorImpl.java:43)\r\n	at java.lang.reflect.Method.invoke(Method.java:498)\r\n	at org.springframework.web.method.support.InvocableHandlerMethod.doInvoke(InvocableHandlerMethod.java:190)\r\n	at org.springframework.web.method.support.InvocableHandlerMethod.invokeForRequest(InvocableHandlerMethod.java:138)\r\n	at org.springframework.web.servlet.mvc.method.annotation.ServletInvocableHandlerMethod.invokeAndHandle(ServletInvocableHandlerMethod.java:105)\r\n	at org.springframework.web.servlet.mvc.method.annotation.RequestMappingHandlerAdapter.invokeHandlerMethod(RequestMappingHandlerAdapter.java:878)\r\n	at org.springframework.web.servlet.mvc.method.annotation.RequestMappingHandlerAdapter.handleInternal(RequestMappingHandlerAdapter.java:792)\r\n	at org.springframework.web.servlet.mvc.method.AbstractHandlerMethodAdapter.handle(AbstractHandlerMethodAdapter.java:87)\r\n	at org.springframework.web.servlet.DispatcherServlet.doDispatch(DispatcherServlet.java:1040)\r\n	at org.springframework.web.servlet.DispatcherServlet.doService(DispatcherServlet.java:943)\r\n	at org.springframework.web.servlet.FrameworkServlet.processRequest(FrameworkServlet.java:1006)\r\n	at org.springframework.web.servlet.FrameworkServlet.doGet(FrameworkServlet.java:898)\r\n	at javax.servlet.http.HttpServlet.service(HttpServlet.java:626)\r\n	at org.springframework.web.servlet.FrameworkServlet.service(FrameworkServlet.java:883)\r\n	at javax.servlet.http.HttpServlet.service(HttpServlet.java:733)\r\n	at org.apache.catalina.core.ApplicationFilterChain.internalDoFilter(ApplicationFilterChain.java:231)\r\n	at org.apache.catalina.core.ApplicationFilterChain.doFilter(ApplicationFilterChain.java:166)\r\n	at org.apache.tomcat.websocket.server.WsFilter.doFilter(WsFilter.java:53)\r\n	at org.apache.catalina.core.ApplicationFilterChain.internalDoFilter(ApplicationFilterChain.java:193)\r\n	at org.apache.catalina.core.ApplicationFilterChain.doFilter(ApplicationFilterChain.java:166)\r\n	at org.springframework.web.filter.OncePerRequestFilter.doFilter(OncePerRequestFilter.java:113)\r\n	at org.apache.catalina.core.ApplicationFilterChain.internalDoFilter(ApplicationFilterChain.java:193)\r\n	at org.apache.catalina.core.ApplicationFilterChain.doFilter(ApplicationFilterChain.java:166)\r\n	at org.springframework.security.web.FilterChainProxy$VirtualFilterChain.doFilter(FilterChainProxy.java:320)\r\n	at org.springframework.security.web.access.intercept.FilterSecurityInterceptor.invoke(FilterSecurityInterceptor.java:126)\r\n	at org.springframework.security.web.access.intercept.FilterSecurityInterceptor.doFilter(FilterSecurityInterceptor.java:90)\r\n	at org.springframework.security.web.FilterChainProxy$VirtualFilterChain.doFilter(FilterChainProxy.java:334)\r\n	at org.springframework.security.web.access.ExceptionTranslationFilter.doFilter(ExceptionTranslationFilter.java:118)\r\n	at org.springframework.security.web.FilterChainProxy$VirtualFilterChain.doFilter(FilterChainProxy.java:334)\r\n	at org.springframework.security.web.session.SessionManagementFilter.doFilter(SessionManagementFilter.java:137)\r\n	at org.springframework.security.web.FilterChainProxy$VirtualFilterChain.doFilter(FilterChainProxy.java:334)\r\n	at org.springframework.security.web.authentication.AnonymousAuthenticationFilter.doFilter(AnonymousAuthenticationFilter.java:111)\r\n	at org.springframework.security.web.FilterChainProxy$VirtualFilterChain.doFilter(FilterChainProxy.java:334)\r\n	at org.springframework.security.web.servletapi.SecurityContextHolderAwareRequestFilter.doFilter(SecurityContextHolderAwareRequestFilter.java:158)\r\n	at org.springframework.security.web.FilterChainProxy$VirtualFilterChain.doFilter(FilterChainProxy.java:334)\r\n	at org.springframework.security.web.savedrequest.RequestCacheAwareFilter.doFilter(RequestCacheAwareFilter.java:63)\r\n	at org.springframework.security.web.FilterChainProxy$VirtualFilterChain.doFilter(FilterChainProxy.java:334)\r\n	at org.springframework.security.web.authentication.AbstractAuthenticationProcessingFilter.doFilter(AbstractAuthenticationProcessingFilter.java:200)\r\n	at org.springframework.security.web.FilterChainProxy$VirtualFilterChain.doFilter(FilterChainProxy.java:334)\r\n	at com.aurora.filter.JwtAuthenticationTokenFilter.doFilterInternal(JwtAuthenticationTokenFilter.java:39)\r\n	at org.springframework.web.filter.OncePerRequestFilter.doFilter(OncePerRequestFilter.java:119)\r\n	at org.springframework.security.web.FilterChainProxy$VirtualFilterChain.doFilter(FilterChainProxy.java:334)\r\n	at org.springframework.security.web.authentication.logout.LogoutFilter.doFilter(LogoutFilter.java:116)\r\n	at org.springframework.security.web.FilterChainProxy$VirtualFilterChain.doFilter(FilterChainProxy.java:334)\r\n	at org.springframework.security.web.header.HeaderWriterFilter.doHeadersAfter(HeaderWriterFilter.java:92)\r\n	at org.springframework.security.web.header.HeaderWriterFilter.doFilterInternal(HeaderWriterFilter.java:77)\r\n	at org.springframework.web.filter.OncePerRequestFilter.doFilter(OncePerRequestFilter.java:119)\r\n	at org.springframework.security.web.FilterChainProxy$VirtualFilterChain.doFilter(FilterChainProxy.java:334)\r\n	at org.springframework.security.web.context.SecurityContextPersistenceFilter.doFilter(SecurityContextPersistenceFilter.java:105)\r\n	at org.springframework.security.web.FilterChainProxy$VirtualFilterChain.doFilter(FilterChainProxy.java:334)\r\n	at org.springframework.security.web.context.request.async.WebAsyncManagerIntegrationFilter.doFilterInternal(WebAsyncManagerIntegrationFilter.java:56)\r\n	at org.springframework.web.filter.OncePerRequestFilter.doFilter(OncePerRequestFilter.java:119)\r\n	at org.springframework.security.web.FilterChainProxy$VirtualFilterChain.doFilter(FilterChainProxy.java:334)\r\n	at org.springframework.security.web.FilterChainProxy.doFilterInternal(FilterChainProxy.java:215)\r\n	at org.springframework.security.web.FilterChainProxy.doFilter(FilterChainProxy.java:178)\r\n	at org.springframework.web.filter.DelegatingFilterProxy.invokeDelegate(DelegatingFilterProxy.java:358)\r\n	at org.springframework.web.filter.DelegatingFilterProxy.doFilter(DelegatingFilterProxy.java:271)\r\n	at org.apache.catalina.core.ApplicationFilterChain.internalDoFilter(ApplicationFilterChain.java:193)\r\n	at org.apache.catalina.core.ApplicationFilterChain.doFilter(ApplicationFilterChain.java:166)\r\n	at org.springframework.web.filter.RequestContextFilter.doFilterInternal(RequestContextFilter.java:100)\r\n	at org.springframework.web.filter.OncePerRequestFilter.doFilter(OncePerRequestFilter.java:119)\r\n	at org.apache.catalina.core.ApplicationFilterChain.internalDoFilter(ApplicationFilterChain.java:193)\r\n	at org.apache.catalina.core.ApplicationFilterChain.doFilter(ApplicationFilterChain.java:166)\r\n	at org.springframework.web.filter.FormContentFilter.doFilterInternal(FormContentFilter.java:93)\r\n	at org.springframework.web.filter.OncePerRequestFilter.doFilter(OncePerRequestFilter.java:119)\r\n	at org.apache.catalina.core.ApplicationFilterChain.internalDoFilter(ApplicationFilterChain.java:193)\r\n	at org.apache.catalina.core.ApplicationFilterChain.doFilter(ApplicationFilterChain.java:166)\r\n	at org.springframework.web.filter.CharacterEncodingFilter.doFilterInternal(CharacterEncodingFilter.java:201)\r\n	at org.springframework.web.filter.OncePerRequestFilter.doFilter(OncePerRequestFilter.java:119)\r\n	at org.apache.catalina.core.ApplicationFilterChain.internalDoFilter(ApplicationFilterChain.java:193)\r\n	at org.apache.catalina.core.ApplicationFilterChain.doFilter(ApplicationFilterChain.java:166)\r\n	at org.apache.catalina.core.StandardWrapperValve.invoke(StandardWrapperValve.java:202)\r\n	at org.apache.catalina.core.StandardContextValve.invoke(StandardContextValve.java:97)\r\n	at org.apache.catalina.authenticator.AuthenticatorBase.invoke(AuthenticatorBase.java:542)\r\n	at org.apache.catalina.core.StandardHostValve.invoke(StandardHostValve.java:143)\r\n	at org.apache.catalina.valves.ErrorReportValve.invoke(ErrorReportValve.java:92)\r\n	at org.apache.catalina.core.StandardEngineValve.invoke(StandardEngineValve.java:78)\r\n	at org.apache.catalina.connector.CoyoteAdapter.service(CoyoteAdapter.java:343)\r\n	at org.apache.coyote.http11.Http11Processor.service(Http11Processor.java:374)\r\n	at org.apache.coyote.AbstractProcessorLight.process(AbstractProcessorLight.java:65)\r\n	at org.apache.coyote.AbstractProtocol$ConnectionHandler.process(AbstractProtocol.java:888)\r\n	at org.apache.tomcat.util.net.NioEndpoint$SocketProcessor.doRun(NioEndpoint.java:1597)\r\n	at org.apache.tomcat.util.net.SocketProcessorBase.run(SocketProcessorBase.java:49)\r\n	at java.util.concurrent.ThreadPoolExecutor.runWorker(ThreadPoolExecutor.java:1149)\r\n	at java.util.concurrent.ThreadPoolExecutor$Worker.run(ThreadPoolExecutor.java:624)\r\n	at org.apache.tomcat.util.threads.TaskThread$WrappingRunnable.run(TaskThread.java:61)\r\n	at java.lang.Thread.run(Thread.java:750)\r\nCaused by: java.sql.SQLSyntaxErrorException: You have an error in your SQL syntax; check the manual that corresponds to your MySQL server version for the right syntax to use near \'( PARTITION BY parent_id ORDER BY create_time ASC ) row_num\n        FROM\n       \' at line 17\r\n	at com.mysql.cj.jdbc.exceptions.SQLError.createSQLException(SQLError.java:120)\r\n	at com.mysql.cj.jdbc.exceptions.SQLError.createSQLException(SQLError.java:97)\r\n	at com.mysql.cj.jdbc.exceptions.SQLExceptionsMapping.translateException(SQLExceptionsMapping.java:122)\r\n	at com.mysql.cj.jdbc.ClientPreparedStatement.executeInternal(ClientPreparedStatement.java:953)\r\n	at com.mysql.cj.jdbc.ClientPreparedStatement.execute(ClientPreparedStatement.java:370)\r\n	at com.zaxxer.hikari.pool.ProxyPreparedStatement.execute(ProxyPreparedStatement.java:44)\r\n	at com.zaxxer.hikari.pool.HikariProxyPreparedStatement.execute(HikariProxyPreparedStatement.java)\r\n	at sun.reflect.GeneratedMethodAccessor122.invoke(Unknown Source)\r\n	at sun.reflect.DelegatingMethodAccessorImpl.invoke(DelegatingMethodAccessorImpl.java:43)\r\n	at java.lang.reflect.Method.invoke(Method.java:498)\r\n	at org.apache.ibatis.logging.jdbc.PreparedStatementLogger.invoke(PreparedStatementLogger.java:59)\r\n	at com.sun.proxy.$Proxy188.execute(Unknown Source)\r\n	at org.apache.ibatis.executor.statement.PreparedStatementHandler.query(PreparedStatementHandler.java:64)\r\n	at org.apache.ibatis.executor.statement.RoutingStatementHandler.query(RoutingStatementHandler.java:79)\r\n	at sun.reflect.GeneratedMethodAccessor128.invoke(Unknown Source)\r\n	at sun.reflect.DelegatingMethodAccessorImpl.invoke(DelegatingMethodAccessorImpl.java:43)\r\n	at java.lang.reflect.Method.invoke(Method.java:498)\r\n	at org.apache.ibatis.plugin.Plugin.invoke(Plugin.java:63)\r\n	at com.sun.proxy.$Proxy186.query(Unknown Source)\r\n	at com.baomidou.mybatisplus.core.executor.MybatisSimpleExecutor.doQuery(MybatisSimpleExecutor.java:69)\r\n	at org.apache.ibatis.executor.BaseExecutor.queryFromDatabase(BaseExecutor.java:325)\r\n	at org.apache.ibatis.executor.BaseExecutor.query(BaseExecutor.java:156)\r\n	at com.baomidou.mybatisplus.core.executor.MybatisCachingExecutor.query(MybatisCachingExecutor.java:165)\r\n	at com.baomidou.mybatisplus.extension.plugins.MybatisPlusInterceptor.intercept(MybatisPlusInterceptor.java:81)\r\n	at org.apache.ibatis.plugin.Plugin.invoke(Plugin.java:61)\r\n	at com.sun.proxy.$Proxy185.query(Unknown Source)\r\n	at org.apache.ibatis.session.defaults.DefaultSqlSession.selectList(DefaultSqlSession.java:147)\r\n	at org.apache.ibatis.session.defaults.DefaultSqlSession.selectList(DefaultSqlSession.java:140)\r\n	at sun.reflect.GeneratedMethodAccessor178.invoke(Unknown Source)\r\n	at sun.reflect.DelegatingMethodAccessorImpl.invoke(DelegatingMethodAccessorImpl.java:43)\r\n	at java.lang.reflect.Method.invoke(Method.java:498)\r\n	at org.mybatis.spring.SqlSessionTemplate$SqlSessionInterceptor.invoke(SqlSessionTemplate.java:426)\r\n	... 126 more\r\n', '127.0.0.1', '内网IP|内网IP', '2023-12-29 15:44:02');
INSERT INTO `t_exception_log` VALUES (6, '/admin/articles', 'com.aurora.controller.ArticleController.saveOrUpdateArticle', 'POST', '[{\"articleAbstract\":\"\",\"articleContent\":\"![image.png](http://boke-yxh.oss-cn-hangzhou.aliyuncs.com/aurora/articles/9824fa442684ae5aef12ee3a6f4a19bc.png)\\n原因：ib_logfile 文件冲突引起的\\n解决方法：\\n进入data目录下将ib_logfile0、ib_logfile1…文件删除即可\",\"articleCover\":\"http://boke-yxh.oss-cn-hangzhou.aliyuncs.com/aurora/articles/916293b0fddc978a4e2feed0215315aa.jpg\",\"articleTitle\":\"2023-12-29 docker 启动mysql 报Restarting (1) 49 seconds ago\",\"categoryName\":\"docker\",\"isFeatured\":0,\"isTop\":0,\"status\":1,\"tagNames\":[\"启动镜像报错\"],\"type\":1}]', '保存和修改文章', 'org.springframework.dao.DataIntegrityViolationException: \r\n### Error updating database.  Cause: com.mysql.cj.jdbc.exceptions.MysqlDataTruncation: Data truncation: Data too long for column \'article_title\' at row 1\r\n### The error may exist in com/aurora/mapper/ArticleMapper.java (best guess)\r\n### The error may involve com.aurora.mapper.ArticleMapper.insert-Inline\r\n### The error occurred while setting parameters\r\n### SQL: INSERT INTO t_article  ( user_id, category_id, article_cover, article_title, article_abstract, article_content, is_top, is_featured,  status, type,   create_time )  VALUES  ( ?, ?, ?, ?, ?, ?, ?, ?,  ?, ?,   ? )\r\n### Cause: com.mysql.cj.jdbc.exceptions.MysqlDataTruncation: Data truncation: Data too long for column \'article_title\' at row 1\n; Data truncation: Data too long for column \'article_title\' at row 1; nested exception is com.mysql.cj.jdbc.exceptions.MysqlDataTruncation: Data truncation: Data too long for column \'article_title\' at row 1\r\n	at org.springframework.jdbc.support.SQLStateSQLExceptionTranslator.doTranslate(SQLStateSQLExceptionTranslator.java:104)\r\n	at org.springframework.jdbc.support.AbstractFallbackSQLExceptionTranslator.translate(AbstractFallbackSQLExceptionTranslator.java:72)\r\n	at org.springframework.jdbc.support.AbstractFallbackSQLExceptionTranslator.translate(AbstractFallbackSQLExceptionTranslator.java:81)\r\n	at org.springframework.jdbc.support.AbstractFallbackSQLExceptionTranslator.translate(AbstractFallbackSQLExceptionTranslator.java:81)\r\n	at org.mybatis.spring.MyBatisExceptionTranslator.translateExceptionIfPossible(MyBatisExceptionTranslator.java:88)\r\n	at org.mybatis.spring.SqlSessionTemplate$SqlSessionInterceptor.invoke(SqlSessionTemplate.java:440)\r\n	at com.sun.proxy.$Proxy113.insert(Unknown Source)\r\n	at org.mybatis.spring.SqlSessionTemplate.insert(SqlSessionTemplate.java:271)\r\n	at com.baomidou.mybatisplus.core.override.MybatisMapperMethod.execute(MybatisMapperMethod.java:60)\r\n	at com.baomidou.mybatisplus.core.override.MybatisMapperProxy$PlainMethodInvoker.invoke(MybatisMapperProxy.java:148)\r\n	at com.baomidou.mybatisplus.core.override.MybatisMapperProxy.invoke(MybatisMapperProxy.java:89)\r\n	at com.sun.proxy.$Proxy133.insert(Unknown Source)\r\n	at sun.reflect.NativeMethodAccessorImpl.invoke0(Native Method)\r\n	at sun.reflect.NativeMethodAccessorImpl.invoke(NativeMethodAccessorImpl.java:62)\r\n	at sun.reflect.DelegatingMethodAccessorImpl.invoke(DelegatingMethodAccessorImpl.java:43)\r\n	at java.lang.reflect.Method.invoke(Method.java:498)\r\n	at org.springframework.aop.support.AopUtils.invokeJoinpointUsingReflection(AopUtils.java:344)\r\n	at org.springframework.aop.framework.ReflectiveMethodInvocation.invokeJoinpoint(ReflectiveMethodInvocation.java:198)\r\n	at org.springframework.aop.framework.ReflectiveMethodInvocation.proceed(ReflectiveMethodInvocation.java:163)\r\n	at org.springframework.dao.support.PersistenceExceptionTranslationInterceptor.invoke(PersistenceExceptionTranslationInterceptor.java:139)\r\n	at org.springframework.aop.framework.ReflectiveMethodInvocation.proceed(ReflectiveMethodInvocation.java:186)\r\n	at org.springframework.aop.framework.JdkDynamicAopProxy.invoke(JdkDynamicAopProxy.java:212)\r\n	at com.sun.proxy.$Proxy134.insert(Unknown Source)\r\n	at com.baomidou.mybatisplus.extension.service.IService.save(IService.java:63)\r\n	at com.baomidou.mybatisplus.extension.service.impl.ServiceImpl.saveOrUpdate(ServiceImpl.java:164)\r\n	at com.aurora.service.impl.ArticleServiceImpl.saveOrUpdateArticle(ArticleServiceImpl.java:248)\r\n	at com.aurora.service.impl.ArticleServiceImpl$$FastClassBySpringCGLIB$$16e85493.invoke(<generated>)\r\n	at org.springframework.cglib.proxy.MethodProxy.invoke(MethodProxy.java:218)\r\n	at org.springframework.aop.framework.CglibAopProxy$CglibMethodInvocation.invokeJoinpoint(CglibAopProxy.java:771)\r\n	at org.springframework.aop.framework.ReflectiveMethodInvocation.proceed(ReflectiveMethodInvocation.java:163)\r\n	at org.springframework.aop.framework.CglibAopProxy$CglibMethodInvocation.proceed(CglibAopProxy.java:749)\r\n	at org.springframework.transaction.interceptor.TransactionAspectSupport.invokeWithinTransaction(TransactionAspectSupport.java:367)\r\n	at org.springframework.transaction.interceptor.TransactionInterceptor.invoke(TransactionInterceptor.java:118)\r\n	at org.springframework.aop.framework.ReflectiveMethodInvocation.proceed(ReflectiveMethodInvocation.java:186)\r\n	at org.springframework.aop.framework.CglibAopProxy$CglibMethodInvocation.proceed(CglibAopProxy.java:749)\r\n	at org.springframework.aop.framework.CglibAopProxy$DynamicAdvisedInterceptor.intercept(CglibAopProxy.java:691)\r\n	at com.aurora.service.impl.ArticleServiceImpl$$EnhancerBySpringCGLIB$$83ca293c.saveOrUpdateArticle(<generated>)\r\n	at com.aurora.controller.ArticleController.saveOrUpdateArticle(ArticleController.java:89)\r\n	at com.aurora.controller.ArticleController$$FastClassBySpringCGLIB$$b88e9521.invoke(<generated>)\r\n	at org.springframework.cglib.proxy.MethodProxy.invoke(MethodProxy.java:218)\r\n	at org.springframework.aop.framework.CglibAopProxy$CglibMethodInvocation.invokeJoinpoint(CglibAopProxy.java:771)\r\n	at org.springframework.aop.framework.ReflectiveMethodInvocation.proceed(ReflectiveMethodInvocation.java:163)\r\n	at org.springframework.aop.framework.CglibAopProxy$CglibMethodInvocation.proceed(CglibAopProxy.java:749)\r\n	at org.springframework.aop.framework.adapter.AfterReturningAdviceInterceptor.invoke(AfterReturningAdviceInterceptor.java:55)\r\n	at org.springframework.aop.framework.ReflectiveMethodInvocation.proceed(ReflectiveMethodInvocation.java:175)\r\n	at org.springframework.aop.framework.CglibAopProxy$CglibMethodInvocation.proceed(CglibAopProxy.java:749)\r\n	at org.springframework.aop.aspectj.AspectJAfterThrowingAdvice.invoke(AspectJAfterThrowingAdvice.java:62)\r\n	at org.springframework.aop.framework.ReflectiveMethodInvocation.proceed(ReflectiveMethodInvocation.java:186)\r\n	at org.springframework.aop.framework.CglibAopProxy$CglibMethodInvocation.proceed(CglibAopProxy.java:749)\r\n	at org.springframework.aop.interceptor.ExposeInvocationInterceptor.invoke(ExposeInvocationInterceptor.java:95)\r\n	at org.springframework.aop.framework.ReflectiveMethodInvocation.proceed(ReflectiveMethodInvocation.java:186)\r\n	at org.springframework.aop.framework.CglibAopProxy$CglibMethodInvocation.proceed(CglibAopProxy.java:749)\r\n	at org.springframework.aop.framework.CglibAopProxy$DynamicAdvisedInterceptor.intercept(CglibAopProxy.java:691)\r\n	at com.aurora.controller.ArticleController$$EnhancerBySpringCGLIB$$773ecb00.saveOrUpdateArticle(<generated>)\r\n	at sun.reflect.NativeMethodAccessorImpl.invoke0(Native Method)\r\n	at sun.reflect.NativeMethodAccessorImpl.invoke(NativeMethodAccessorImpl.java:62)\r\n	at sun.reflect.DelegatingMethodAccessorImpl.invoke(DelegatingMethodAccessorImpl.java:43)\r\n	at java.lang.reflect.Method.invoke(Method.java:498)\r\n	at org.springframework.web.method.support.InvocableHandlerMethod.doInvoke(InvocableHandlerMethod.java:190)\r\n	at org.springframework.web.method.support.InvocableHandlerMethod.invokeForRequest(InvocableHandlerMethod.java:138)\r\n	at org.springframework.web.servlet.mvc.method.annotation.ServletInvocableHandlerMethod.invokeAndHandle(ServletInvocableHandlerMethod.java:105)\r\n	at org.springframework.web.servlet.mvc.method.annotation.RequestMappingHandlerAdapter.invokeHandlerMethod(RequestMappingHandlerAdapter.java:878)\r\n	at org.springframework.web.servlet.mvc.method.annotation.RequestMappingHandlerAdapter.handleInternal(RequestMappingHandlerAdapter.java:792)\r\n	at org.springframework.web.servlet.mvc.method.AbstractHandlerMethodAdapter.handle(AbstractHandlerMethodAdapter.java:87)\r\n	at org.springframework.web.servlet.DispatcherServlet.doDispatch(DispatcherServlet.java:1040)\r\n	at org.springframework.web.servlet.DispatcherServlet.doService(DispatcherServlet.java:943)\r\n	at org.springframework.web.servlet.FrameworkServlet.processRequest(FrameworkServlet.java:1006)\r\n	at org.springframework.web.servlet.FrameworkServlet.doPost(FrameworkServlet.java:909)\r\n	at javax.servlet.http.HttpServlet.service(HttpServlet.java:652)\r\n	at org.springframework.web.servlet.FrameworkServlet.service(FrameworkServlet.java:883)\r\n	at javax.servlet.http.HttpServlet.service(HttpServlet.java:733)\r\n	at org.apache.catalina.core.ApplicationFilterChain.internalDoFilter(ApplicationFilterChain.java:231)\r\n	at org.apache.catalina.core.ApplicationFilterChain.doFilter(ApplicationFilterChain.java:166)\r\n	at org.apache.tomcat.websocket.server.WsFilter.doFilter(WsFilter.java:53)\r\n	at org.apache.catalina.core.ApplicationFilterChain.internalDoFilter(ApplicationFilterChain.java:193)\r\n	at org.apache.catalina.core.ApplicationFilterChain.doFilter(ApplicationFilterChain.java:166)\r\n	at org.springframework.web.filter.OncePerRequestFilter.doFilter(OncePerRequestFilter.java:113)\r\n	at org.apache.catalina.core.ApplicationFilterChain.internalDoFilter(ApplicationFilterChain.java:193)\r\n	at org.apache.catalina.core.ApplicationFilterChain.doFilter(ApplicationFilterChain.java:166)\r\n	at org.springframework.security.web.FilterChainProxy$VirtualFilterChain.doFilter(FilterChainProxy.java:320)\r\n	at org.springframework.security.web.access.intercept.FilterSecurityInterceptor.invoke(FilterSecurityInterceptor.java:126)\r\n	at org.springframework.security.web.access.intercept.FilterSecurityInterceptor.doFilter(FilterSecurityInterceptor.java:90)\r\n	at org.springframework.security.web.FilterChainProxy$VirtualFilterChain.doFilter(FilterChainProxy.java:334)\r\n	at org.springframework.security.web.access.ExceptionTranslationFilter.doFilter(ExceptionTranslationFilter.java:118)\r\n	at org.springframework.security.web.FilterChainProxy$VirtualFilterChain.doFilter(FilterChainProxy.java:334)\r\n	at org.springframework.security.web.session.SessionManagementFilter.doFilter(SessionManagementFilter.java:137)\r\n	at org.springframework.security.web.FilterChainProxy$VirtualFilterChain.doFilter(FilterChainProxy.java:334)\r\n	at org.springframework.security.web.authentication.AnonymousAuthenticationFilter.doFilter(AnonymousAuthenticationFilter.java:111)\r\n	at org.springframework.security.web.FilterChainProxy$VirtualFilterChain.doFilter(FilterChainProxy.java:334)\r\n	at org.springframework.security.web.servletapi.SecurityContextHolderAwareRequestFilter.doFilter(SecurityContextHolderAwareRequestFilter.java:158)\r\n	at org.springframework.security.web.FilterChainProxy$VirtualFilterChain.doFilter(FilterChainProxy.java:334)\r\n	at org.springframework.security.web.savedrequest.RequestCacheAwareFilter.doFilter(RequestCacheAwareFilter.java:63)\r\n	at org.springframework.security.web.FilterChainProxy$VirtualFilterChain.doFilter(FilterChainProxy.java:334)\r\n	at org.springframework.security.web.authentication.AbstractAuthenticationProcessingFilter.doFilter(AbstractAuthenticationProcessingFilter.java:200)\r\n	at org.springframework.security.web.FilterChainProxy$VirtualFilterChain.doFilter(FilterChainProxy.java:334)\r\n	at com.aurora.filter.JwtAuthenticationTokenFilter.doFilterInternal(JwtAuthenticationTokenFilter.java:39)\r\n	at org.springframework.web.filter.OncePerRequestFilter.doFilter(OncePerRequestFilter.java:119)\r\n	at org.springframework.security.web.FilterChainProxy$VirtualFilterChain.doFilter(FilterChainProxy.java:334)\r\n	at org.springframework.security.web.authentication.logout.LogoutFilter.doFilter(LogoutFilter.java:116)\r\n	at org.springframework.security.web.FilterChainProxy$VirtualFilterChain.doFilter(FilterChainProxy.java:334)\r\n	at org.springframework.security.web.header.HeaderWriterFilter.doHeadersAfter(HeaderWriterFilter.java:92)\r\n	at org.springframework.security.web.header.HeaderWriterFilter.doFilterInternal(HeaderWriterFilter.java:77)\r\n	at org.springframework.web.filter.OncePerRequestFilter.doFilter(OncePerRequestFilter.java:119)\r\n	at org.springframework.security.web.FilterChainProxy$VirtualFilterChain.doFilter(FilterChainProxy.java:334)\r\n	at org.springframework.security.web.context.SecurityContextPersistenceFilter.doFilter(SecurityContextPersistenceFilter.java:105)\r\n	at org.springframework.security.web.FilterChainProxy$VirtualFilterChain.doFilter(FilterChainProxy.java:334)\r\n	at org.springframework.security.web.context.request.async.WebAsyncManagerIntegrationFilter.doFilterInternal(WebAsyncManagerIntegrationFilter.java:56)\r\n	at org.springframework.web.filter.OncePerRequestFilter.doFilter(OncePerRequestFilter.java:119)\r\n	at org.springframework.security.web.FilterChainProxy$VirtualFilterChain.doFilter(FilterChainProxy.java:334)\r\n	at org.springframework.security.web.FilterChainProxy.doFilterInternal(FilterChainProxy.java:215)\r\n	at org.springframework.security.web.FilterChainProxy.doFilter(FilterChainProxy.java:178)\r\n	at org.springframework.web.filter.DelegatingFilterProxy.invokeDelegate(DelegatingFilterProxy.java:358)\r\n	at org.springframework.web.filter.DelegatingFilterProxy.doFilter(DelegatingFilterProxy.java:271)\r\n	at org.apache.catalina.core.ApplicationFilterChain.internalDoFilter(ApplicationFilterChain.java:193)\r\n	at org.apache.catalina.core.ApplicationFilterChain.doFilter(ApplicationFilterChain.java:166)\r\n	at org.springframework.web.filter.RequestContextFilter.doFilterInternal(RequestContextFilter.java:100)\r\n	at org.springframework.web.filter.OncePerRequestFilter.doFilter(OncePerRequestFilter.java:119)\r\n	at org.apache.catalina.core.ApplicationFilterChain.internalDoFilter(ApplicationFilterChain.java:193)\r\n	at org.apache.catalina.core.ApplicationFilterChain.doFilter(ApplicationFilterChain.java:166)\r\n	at org.springframework.web.filter.FormContentFilter.doFilterInternal(FormContentFilter.java:93)\r\n	at org.springframework.web.filter.OncePerRequestFilter.doFilter(OncePerRequestFilter.java:119)\r\n	at org.apache.catalina.core.ApplicationFilterChain.internalDoFilter(ApplicationFilterChain.java:193)\r\n	at org.apache.catalina.core.ApplicationFilterChain.doFilter(ApplicationFilterChain.java:166)\r\n	at org.springframework.web.filter.CharacterEncodingFilter.doFilterInternal(CharacterEncodingFilter.java:201)\r\n	at org.springframework.web.filter.OncePerRequestFilter.doFilter(OncePerRequestFilter.java:119)\r\n	at org.apache.catalina.core.ApplicationFilterChain.internalDoFilter(ApplicationFilterChain.java:193)\r\n	at org.apache.catalina.core.ApplicationFilterChain.doFilter(ApplicationFilterChain.java:166)\r\n	at org.apache.catalina.core.StandardWrapperValve.invoke(StandardWrapperValve.java:202)\r\n	at org.apache.catalina.core.StandardContextValve.invoke(StandardContextValve.java:97)\r\n	at org.apache.catalina.authenticator.AuthenticatorBase.invoke(AuthenticatorBase.java:542)\r\n	at org.apache.catalina.core.StandardHostValve.invoke(StandardHostValve.java:143)\r\n	at org.apache.catalina.valves.ErrorReportValve.invoke(ErrorReportValve.java:92)\r\n	at org.apache.catalina.core.StandardEngineValve.invoke(StandardEngineValve.java:78)\r\n	at org.apache.catalina.connector.CoyoteAdapter.service(CoyoteAdapter.java:343)\r\n	at org.apache.coyote.http11.Http11Processor.service(Http11Processor.java:374)\r\n	at org.apache.coyote.AbstractProcessorLight.process(AbstractProcessorLight.java:65)\r\n	at org.apache.coyote.AbstractProtocol$ConnectionHandler.process(AbstractProtocol.java:888)\r\n	at org.apache.tomcat.util.net.NioEndpoint$SocketProcessor.doRun(NioEndpoint.java:1597)\r\n	at org.apache.tomcat.util.net.SocketProcessorBase.run(SocketProcessorBase.java:49)\r\n	at java.util.concurrent.ThreadPoolExecutor.runWorker(ThreadPoolExecutor.java:1149)\r\n	at java.util.concurrent.ThreadPoolExecutor$Worker.run(ThreadPoolExecutor.java:624)\r\n	at org.apache.tomcat.util.threads.TaskThread$WrappingRunnable.run(TaskThread.java:61)\r\n	at java.lang.Thread.run(Thread.java:750)\r\nCaused by: com.mysql.cj.jdbc.exceptions.MysqlDataTruncation: Data truncation: Data too long for column \'article_title\' at row 1\r\n	at com.mysql.cj.jdbc.exceptions.SQLExceptionsMapping.translateException(SQLExceptionsMapping.java:104)\r\n	at com.mysql.cj.jdbc.ClientPreparedStatement.executeInternal(ClientPreparedStatement.java:953)\r\n	at com.mysql.cj.jdbc.ClientPreparedStatement.execute(ClientPreparedStatement.java:370)\r\n	at com.zaxxer.hikari.pool.ProxyPreparedStatement.execute(ProxyPreparedStatement.java:44)\r\n	at com.zaxxer.hikari.pool.HikariProxyPreparedStatement.execute(HikariProxyPreparedStatement.java)\r\n	at sun.reflect.GeneratedMethodAccessor122.invoke(Unknown Source)\r\n	at sun.reflect.DelegatingMethodAccessorImpl.invoke(DelegatingMethodAccessorImpl.java:43)\r\n	at java.lang.reflect.Method.invoke(Method.java:498)\r\n	at org.apache.ibatis.logging.jdbc.PreparedStatementLogger.invoke(PreparedStatementLogger.java:59)\r\n	at com.sun.proxy.$Proxy188.execute(Unknown Source)\r\n	at org.apache.ibatis.executor.statement.PreparedStatementHandler.update(PreparedStatementHandler.java:47)\r\n	at org.apache.ibatis.executor.statement.RoutingStatementHandler.update(RoutingStatementHandler.java:74)\r\n	at sun.reflect.NativeMethodAccessorImpl.invoke0(Native Method)\r\n	at sun.reflect.NativeMethodAccessorImpl.invoke(NativeMethodAccessorImpl.java:62)\r\n	at sun.reflect.DelegatingMethodAccessorImpl.invoke(DelegatingMethodAccessorImpl.java:43)\r\n	at java.lang.reflect.Method.invoke(Method.java:498)\r\n	at org.apache.ibatis.plugin.Plugin.invoke(Plugin.java:63)\r\n	at com.sun.proxy.$Proxy186.update(Unknown Source)\r\n	at com.baomidou.mybatisplus.core.executor.MybatisSimpleExecutor.doUpdate(MybatisSimpleExecutor.java:56)\r\n	at org.apache.ibatis.executor.BaseExecutor.update(BaseExecutor.java:117)\r\n	at com.baomidou.mybatisplus.core.executor.MybatisCachingExecutor.update(MybatisCachingExecutor.java:85)\r\n	at sun.reflect.NativeMethodAccessorImpl.invoke0(Native Method)\r\n	at sun.reflect.NativeMethodAccessorImpl.invoke(NativeMethodAccessorImpl.java:62)\r\n	at sun.reflect.DelegatingMethodAccessorImpl.invoke(DelegatingMethodAccessorImpl.java:43)\r\n	at java.lang.reflect.Method.invoke(Method.java:498)\r\n	at org.apache.ibatis.plugin.Invocation.proceed(Invocation.java:49)\r\n	at com.baomidou.mybatisplus.extension.plugins.MybatisPlusInterceptor.intercept(MybatisPlusInterceptor.java:106)\r\n	at org.apache.ibatis.plugin.Plugin.invoke(Plugin.java:61)\r\n	at com.sun.proxy.$Proxy185.update(Unknown Source)\r\n	at org.apache.ibatis.session.defaults.DefaultSqlSession.update(DefaultSqlSession.java:197)\r\n	at org.apache.ibatis.session.defaults.DefaultSqlSession.insert(DefaultSqlSession.java:184)\r\n	at sun.reflect.NativeMethodAccessorImpl.invoke0(Native Method)\r\n	at sun.reflect.NativeMethodAccessorImpl.invoke(NativeMethodAccessorImpl.java:62)\r\n	at sun.reflect.DelegatingMethodAccessorImpl.invoke(DelegatingMethodAccessorImpl.java:43)\r\n	at java.lang.reflect.Method.invoke(Method.java:498)\r\n	at org.mybatis.spring.SqlSessionTemplate$SqlSessionInterceptor.invoke(SqlSessionTemplate.java:426)\r\n	... 137 more\r\n', '127.0.0.1', '内网IP|内网IP', '2023-12-29 16:21:20');
INSERT INTO `t_exception_log` VALUES (7, '/admin/articles', 'com.aurora.controller.ArticleController.saveOrUpdateArticle', 'POST', '[{\"articleAbstract\":\"\",\"articleContent\":\"![image.png](http://boke-yxh.oss-cn-hangzhou.aliyuncs.com/aurora/articles/9824fa442684ae5aef12ee3a6f4a19bc.png)\\n原因：ib_logfile 文件冲突引起的\\n解决方法：\\n进入data目录下将ib_logfile0、ib_logfile1…文件删除即可\",\"articleCover\":\"http://boke-yxh.oss-cn-hangzhou.aliyuncs.com/aurora/articles/916293b0fddc978a4e2feed0215315aa.jpg\",\"articleTitle\":\"2023-12-29 docker 启动mysql 报Restarting (1) 49 seconds ago\",\"categoryName\":\"docker\",\"isFeatured\":0,\"isTop\":0,\"status\":1,\"tagNames\":[\"启动镜像报错\"],\"type\":1}]', '保存和修改文章', 'org.springframework.dao.DataIntegrityViolationException: \r\n### Error updating database.  Cause: com.mysql.cj.jdbc.exceptions.MysqlDataTruncation: Data truncation: Data too long for column \'article_title\' at row 1\r\n### The error may exist in com/aurora/mapper/ArticleMapper.java (best guess)\r\n### The error may involve com.aurora.mapper.ArticleMapper.insert-Inline\r\n### The error occurred while setting parameters\r\n### SQL: INSERT INTO t_article  ( user_id, category_id, article_cover, article_title, article_abstract, article_content, is_top, is_featured,  status, type,   create_time )  VALUES  ( ?, ?, ?, ?, ?, ?, ?, ?,  ?, ?,   ? )\r\n### Cause: com.mysql.cj.jdbc.exceptions.MysqlDataTruncation: Data truncation: Data too long for column \'article_title\' at row 1\n; Data truncation: Data too long for column \'article_title\' at row 1; nested exception is com.mysql.cj.jdbc.exceptions.MysqlDataTruncation: Data truncation: Data too long for column \'article_title\' at row 1\r\n	at org.springframework.jdbc.support.SQLStateSQLExceptionTranslator.doTranslate(SQLStateSQLExceptionTranslator.java:104)\r\n	at org.springframework.jdbc.support.AbstractFallbackSQLExceptionTranslator.translate(AbstractFallbackSQLExceptionTranslator.java:72)\r\n	at org.springframework.jdbc.support.AbstractFallbackSQLExceptionTranslator.translate(AbstractFallbackSQLExceptionTranslator.java:81)\r\n	at org.springframework.jdbc.support.AbstractFallbackSQLExceptionTranslator.translate(AbstractFallbackSQLExceptionTranslator.java:81)\r\n	at org.mybatis.spring.MyBatisExceptionTranslator.translateExceptionIfPossible(MyBatisExceptionTranslator.java:88)\r\n	at org.mybatis.spring.SqlSessionTemplate$SqlSessionInterceptor.invoke(SqlSessionTemplate.java:440)\r\n	at com.sun.proxy.$Proxy113.insert(Unknown Source)\r\n	at org.mybatis.spring.SqlSessionTemplate.insert(SqlSessionTemplate.java:271)\r\n	at com.baomidou.mybatisplus.core.override.MybatisMapperMethod.execute(MybatisMapperMethod.java:60)\r\n	at com.baomidou.mybatisplus.core.override.MybatisMapperProxy$PlainMethodInvoker.invoke(MybatisMapperProxy.java:148)\r\n	at com.baomidou.mybatisplus.core.override.MybatisMapperProxy.invoke(MybatisMapperProxy.java:89)\r\n	at com.sun.proxy.$Proxy133.insert(Unknown Source)\r\n	at sun.reflect.NativeMethodAccessorImpl.invoke0(Native Method)\r\n	at sun.reflect.NativeMethodAccessorImpl.invoke(NativeMethodAccessorImpl.java:62)\r\n	at sun.reflect.DelegatingMethodAccessorImpl.invoke(DelegatingMethodAccessorImpl.java:43)\r\n	at java.lang.reflect.Method.invoke(Method.java:498)\r\n	at org.springframework.aop.support.AopUtils.invokeJoinpointUsingReflection(AopUtils.java:344)\r\n	at org.springframework.aop.framework.ReflectiveMethodInvocation.invokeJoinpoint(ReflectiveMethodInvocation.java:198)\r\n	at org.springframework.aop.framework.ReflectiveMethodInvocation.proceed(ReflectiveMethodInvocation.java:163)\r\n	at org.springframework.dao.support.PersistenceExceptionTranslationInterceptor.invoke(PersistenceExceptionTranslationInterceptor.java:139)\r\n	at org.springframework.aop.framework.ReflectiveMethodInvocation.proceed(ReflectiveMethodInvocation.java:186)\r\n	at org.springframework.aop.framework.JdkDynamicAopProxy.invoke(JdkDynamicAopProxy.java:212)\r\n	at com.sun.proxy.$Proxy134.insert(Unknown Source)\r\n	at com.baomidou.mybatisplus.extension.service.IService.save(IService.java:63)\r\n	at com.baomidou.mybatisplus.extension.service.impl.ServiceImpl.saveOrUpdate(ServiceImpl.java:164)\r\n	at com.aurora.service.impl.ArticleServiceImpl.saveOrUpdateArticle(ArticleServiceImpl.java:248)\r\n	at com.aurora.service.impl.ArticleServiceImpl$$FastClassBySpringCGLIB$$16e85493.invoke(<generated>)\r\n	at org.springframework.cglib.proxy.MethodProxy.invoke(MethodProxy.java:218)\r\n	at org.springframework.aop.framework.CglibAopProxy$CglibMethodInvocation.invokeJoinpoint(CglibAopProxy.java:771)\r\n	at org.springframework.aop.framework.ReflectiveMethodInvocation.proceed(ReflectiveMethodInvocation.java:163)\r\n	at org.springframework.aop.framework.CglibAopProxy$CglibMethodInvocation.proceed(CglibAopProxy.java:749)\r\n	at org.springframework.transaction.interceptor.TransactionAspectSupport.invokeWithinTransaction(TransactionAspectSupport.java:367)\r\n	at org.springframework.transaction.interceptor.TransactionInterceptor.invoke(TransactionInterceptor.java:118)\r\n	at org.springframework.aop.framework.ReflectiveMethodInvocation.proceed(ReflectiveMethodInvocation.java:186)\r\n	at org.springframework.aop.framework.CglibAopProxy$CglibMethodInvocation.proceed(CglibAopProxy.java:749)\r\n	at org.springframework.aop.framework.CglibAopProxy$DynamicAdvisedInterceptor.intercept(CglibAopProxy.java:691)\r\n	at com.aurora.service.impl.ArticleServiceImpl$$EnhancerBySpringCGLIB$$83ca293c.saveOrUpdateArticle(<generated>)\r\n	at com.aurora.controller.ArticleController.saveOrUpdateArticle(ArticleController.java:89)\r\n	at com.aurora.controller.ArticleController$$FastClassBySpringCGLIB$$b88e9521.invoke(<generated>)\r\n	at org.springframework.cglib.proxy.MethodProxy.invoke(MethodProxy.java:218)\r\n	at org.springframework.aop.framework.CglibAopProxy$CglibMethodInvocation.invokeJoinpoint(CglibAopProxy.java:771)\r\n	at org.springframework.aop.framework.ReflectiveMethodInvocation.proceed(ReflectiveMethodInvocation.java:163)\r\n	at org.springframework.aop.framework.CglibAopProxy$CglibMethodInvocation.proceed(CglibAopProxy.java:749)\r\n	at org.springframework.aop.framework.adapter.AfterReturningAdviceInterceptor.invoke(AfterReturningAdviceInterceptor.java:55)\r\n	at org.springframework.aop.framework.ReflectiveMethodInvocation.proceed(ReflectiveMethodInvocation.java:175)\r\n	at org.springframework.aop.framework.CglibAopProxy$CglibMethodInvocation.proceed(CglibAopProxy.java:749)\r\n	at org.springframework.aop.aspectj.AspectJAfterThrowingAdvice.invoke(AspectJAfterThrowingAdvice.java:62)\r\n	at org.springframework.aop.framework.ReflectiveMethodInvocation.proceed(ReflectiveMethodInvocation.java:186)\r\n	at org.springframework.aop.framework.CglibAopProxy$CglibMethodInvocation.proceed(CglibAopProxy.java:749)\r\n	at org.springframework.aop.interceptor.ExposeInvocationInterceptor.invoke(ExposeInvocationInterceptor.java:95)\r\n	at org.springframework.aop.framework.ReflectiveMethodInvocation.proceed(ReflectiveMethodInvocation.java:186)\r\n	at org.springframework.aop.framework.CglibAopProxy$CglibMethodInvocation.proceed(CglibAopProxy.java:749)\r\n	at org.springframework.aop.framework.CglibAopProxy$DynamicAdvisedInterceptor.intercept(CglibAopProxy.java:691)\r\n	at com.aurora.controller.ArticleController$$EnhancerBySpringCGLIB$$773ecb00.saveOrUpdateArticle(<generated>)\r\n	at sun.reflect.NativeMethodAccessorImpl.invoke0(Native Method)\r\n	at sun.reflect.NativeMethodAccessorImpl.invoke(NativeMethodAccessorImpl.java:62)\r\n	at sun.reflect.DelegatingMethodAccessorImpl.invoke(DelegatingMethodAccessorImpl.java:43)\r\n	at java.lang.reflect.Method.invoke(Method.java:498)\r\n	at org.springframework.web.method.support.InvocableHandlerMethod.doInvoke(InvocableHandlerMethod.java:190)\r\n	at org.springframework.web.method.support.InvocableHandlerMethod.invokeForRequest(InvocableHandlerMethod.java:138)\r\n	at org.springframework.web.servlet.mvc.method.annotation.ServletInvocableHandlerMethod.invokeAndHandle(ServletInvocableHandlerMethod.java:105)\r\n	at org.springframework.web.servlet.mvc.method.annotation.RequestMappingHandlerAdapter.invokeHandlerMethod(RequestMappingHandlerAdapter.java:878)\r\n	at org.springframework.web.servlet.mvc.method.annotation.RequestMappingHandlerAdapter.handleInternal(RequestMappingHandlerAdapter.java:792)\r\n	at org.springframework.web.servlet.mvc.method.AbstractHandlerMethodAdapter.handle(AbstractHandlerMethodAdapter.java:87)\r\n	at org.springframework.web.servlet.DispatcherServlet.doDispatch(DispatcherServlet.java:1040)\r\n	at org.springframework.web.servlet.DispatcherServlet.doService(DispatcherServlet.java:943)\r\n	at org.springframework.web.servlet.FrameworkServlet.processRequest(FrameworkServlet.java:1006)\r\n	at org.springframework.web.servlet.FrameworkServlet.doPost(FrameworkServlet.java:909)\r\n	at javax.servlet.http.HttpServlet.service(HttpServlet.java:652)\r\n	at org.springframework.web.servlet.FrameworkServlet.service(FrameworkServlet.java:883)\r\n	at javax.servlet.http.HttpServlet.service(HttpServlet.java:733)\r\n	at org.apache.catalina.core.ApplicationFilterChain.internalDoFilter(ApplicationFilterChain.java:231)\r\n	at org.apache.catalina.core.ApplicationFilterChain.doFilter(ApplicationFilterChain.java:166)\r\n	at org.apache.tomcat.websocket.server.WsFilter.doFilter(WsFilter.java:53)\r\n	at org.apache.catalina.core.ApplicationFilterChain.internalDoFilter(ApplicationFilterChain.java:193)\r\n	at org.apache.catalina.core.ApplicationFilterChain.doFilter(ApplicationFilterChain.java:166)\r\n	at org.springframework.web.filter.OncePerRequestFilter.doFilter(OncePerRequestFilter.java:113)\r\n	at org.apache.catalina.core.ApplicationFilterChain.internalDoFilter(ApplicationFilterChain.java:193)\r\n	at org.apache.catalina.core.ApplicationFilterChain.doFilter(ApplicationFilterChain.java:166)\r\n	at org.springframework.security.web.FilterChainProxy$VirtualFilterChain.doFilter(FilterChainProxy.java:320)\r\n	at org.springframework.security.web.access.intercept.FilterSecurityInterceptor.invoke(FilterSecurityInterceptor.java:126)\r\n	at org.springframework.security.web.access.intercept.FilterSecurityInterceptor.doFilter(FilterSecurityInterceptor.java:90)\r\n	at org.springframework.security.web.FilterChainProxy$VirtualFilterChain.doFilter(FilterChainProxy.java:334)\r\n	at org.springframework.security.web.access.ExceptionTranslationFilter.doFilter(ExceptionTranslationFilter.java:118)\r\n	at org.springframework.security.web.FilterChainProxy$VirtualFilterChain.doFilter(FilterChainProxy.java:334)\r\n	at org.springframework.security.web.session.SessionManagementFilter.doFilter(SessionManagementFilter.java:137)\r\n	at org.springframework.security.web.FilterChainProxy$VirtualFilterChain.doFilter(FilterChainProxy.java:334)\r\n	at org.springframework.security.web.authentication.AnonymousAuthenticationFilter.doFilter(AnonymousAuthenticationFilter.java:111)\r\n	at org.springframework.security.web.FilterChainProxy$VirtualFilterChain.doFilter(FilterChainProxy.java:334)\r\n	at org.springframework.security.web.servletapi.SecurityContextHolderAwareRequestFilter.doFilter(SecurityContextHolderAwareRequestFilter.java:158)\r\n	at org.springframework.security.web.FilterChainProxy$VirtualFilterChain.doFilter(FilterChainProxy.java:334)\r\n	at org.springframework.security.web.savedrequest.RequestCacheAwareFilter.doFilter(RequestCacheAwareFilter.java:63)\r\n	at org.springframework.security.web.FilterChainProxy$VirtualFilterChain.doFilter(FilterChainProxy.java:334)\r\n	at org.springframework.security.web.authentication.AbstractAuthenticationProcessingFilter.doFilter(AbstractAuthenticationProcessingFilter.java:200)\r\n	at org.springframework.security.web.FilterChainProxy$VirtualFilterChain.doFilter(FilterChainProxy.java:334)\r\n	at com.aurora.filter.JwtAuthenticationTokenFilter.doFilterInternal(JwtAuthenticationTokenFilter.java:39)\r\n	at org.springframework.web.filter.OncePerRequestFilter.doFilter(OncePerRequestFilter.java:119)\r\n	at org.springframework.security.web.FilterChainProxy$VirtualFilterChain.doFilter(FilterChainProxy.java:334)\r\n	at org.springframework.security.web.authentication.logout.LogoutFilter.doFilter(LogoutFilter.java:116)\r\n	at org.springframework.security.web.FilterChainProxy$VirtualFilterChain.doFilter(FilterChainProxy.java:334)\r\n	at org.springframework.security.web.header.HeaderWriterFilter.doHeadersAfter(HeaderWriterFilter.java:92)\r\n	at org.springframework.security.web.header.HeaderWriterFilter.doFilterInternal(HeaderWriterFilter.java:77)\r\n	at org.springframework.web.filter.OncePerRequestFilter.doFilter(OncePerRequestFilter.java:119)\r\n	at org.springframework.security.web.FilterChainProxy$VirtualFilterChain.doFilter(FilterChainProxy.java:334)\r\n	at org.springframework.security.web.context.SecurityContextPersistenceFilter.doFilter(SecurityContextPersistenceFilter.java:105)\r\n	at org.springframework.security.web.FilterChainProxy$VirtualFilterChain.doFilter(FilterChainProxy.java:334)\r\n	at org.springframework.security.web.context.request.async.WebAsyncManagerIntegrationFilter.doFilterInternal(WebAsyncManagerIntegrationFilter.java:56)\r\n	at org.springframework.web.filter.OncePerRequestFilter.doFilter(OncePerRequestFilter.java:119)\r\n	at org.springframework.security.web.FilterChainProxy$VirtualFilterChain.doFilter(FilterChainProxy.java:334)\r\n	at org.springframework.security.web.FilterChainProxy.doFilterInternal(FilterChainProxy.java:215)\r\n	at org.springframework.security.web.FilterChainProxy.doFilter(FilterChainProxy.java:178)\r\n	at org.springframework.web.filter.DelegatingFilterProxy.invokeDelegate(DelegatingFilterProxy.java:358)\r\n	at org.springframework.web.filter.DelegatingFilterProxy.doFilter(DelegatingFilterProxy.java:271)\r\n	at org.apache.catalina.core.ApplicationFilterChain.internalDoFilter(ApplicationFilterChain.java:193)\r\n	at org.apache.catalina.core.ApplicationFilterChain.doFilter(ApplicationFilterChain.java:166)\r\n	at org.springframework.web.filter.RequestContextFilter.doFilterInternal(RequestContextFilter.java:100)\r\n	at org.springframework.web.filter.OncePerRequestFilter.doFilter(OncePerRequestFilter.java:119)\r\n	at org.apache.catalina.core.ApplicationFilterChain.internalDoFilter(ApplicationFilterChain.java:193)\r\n	at org.apache.catalina.core.ApplicationFilterChain.doFilter(ApplicationFilterChain.java:166)\r\n	at org.springframework.web.filter.FormContentFilter.doFilterInternal(FormContentFilter.java:93)\r\n	at org.springframework.web.filter.OncePerRequestFilter.doFilter(OncePerRequestFilter.java:119)\r\n	at org.apache.catalina.core.ApplicationFilterChain.internalDoFilter(ApplicationFilterChain.java:193)\r\n	at org.apache.catalina.core.ApplicationFilterChain.doFilter(ApplicationFilterChain.java:166)\r\n	at org.springframework.web.filter.CharacterEncodingFilter.doFilterInternal(CharacterEncodingFilter.java:201)\r\n	at org.springframework.web.filter.OncePerRequestFilter.doFilter(OncePerRequestFilter.java:119)\r\n	at org.apache.catalina.core.ApplicationFilterChain.internalDoFilter(ApplicationFilterChain.java:193)\r\n	at org.apache.catalina.core.ApplicationFilterChain.doFilter(ApplicationFilterChain.java:166)\r\n	at org.apache.catalina.core.StandardWrapperValve.invoke(StandardWrapperValve.java:202)\r\n	at org.apache.catalina.core.StandardContextValve.invoke(StandardContextValve.java:97)\r\n	at org.apache.catalina.authenticator.AuthenticatorBase.invoke(AuthenticatorBase.java:542)\r\n	at org.apache.catalina.core.StandardHostValve.invoke(StandardHostValve.java:143)\r\n	at org.apache.catalina.valves.ErrorReportValve.invoke(ErrorReportValve.java:92)\r\n	at org.apache.catalina.core.StandardEngineValve.invoke(StandardEngineValve.java:78)\r\n	at org.apache.catalina.connector.CoyoteAdapter.service(CoyoteAdapter.java:343)\r\n	at org.apache.coyote.http11.Http11Processor.service(Http11Processor.java:374)\r\n	at org.apache.coyote.AbstractProcessorLight.process(AbstractProcessorLight.java:65)\r\n	at org.apache.coyote.AbstractProtocol$ConnectionHandler.process(AbstractProtocol.java:888)\r\n	at org.apache.tomcat.util.net.NioEndpoint$SocketProcessor.doRun(NioEndpoint.java:1597)\r\n	at org.apache.tomcat.util.net.SocketProcessorBase.run(SocketProcessorBase.java:49)\r\n	at java.util.concurrent.ThreadPoolExecutor.runWorker(ThreadPoolExecutor.java:1149)\r\n	at java.util.concurrent.ThreadPoolExecutor$Worker.run(ThreadPoolExecutor.java:624)\r\n	at org.apache.tomcat.util.threads.TaskThread$WrappingRunnable.run(TaskThread.java:61)\r\n	at java.lang.Thread.run(Thread.java:750)\r\nCaused by: com.mysql.cj.jdbc.exceptions.MysqlDataTruncation: Data truncation: Data too long for column \'article_title\' at row 1\r\n	at com.mysql.cj.jdbc.exceptions.SQLExceptionsMapping.translateException(SQLExceptionsMapping.java:104)\r\n	at com.mysql.cj.jdbc.ClientPreparedStatement.executeInternal(ClientPreparedStatement.java:953)\r\n	at com.mysql.cj.jdbc.ClientPreparedStatement.execute(ClientPreparedStatement.java:370)\r\n	at com.zaxxer.hikari.pool.ProxyPreparedStatement.execute(ProxyPreparedStatement.java:44)\r\n	at com.zaxxer.hikari.pool.HikariProxyPreparedStatement.execute(HikariProxyPreparedStatement.java)\r\n	at sun.reflect.GeneratedMethodAccessor122.invoke(Unknown Source)\r\n	at sun.reflect.DelegatingMethodAccessorImpl.invoke(DelegatingMethodAccessorImpl.java:43)\r\n	at java.lang.reflect.Method.invoke(Method.java:498)\r\n	at org.apache.ibatis.logging.jdbc.PreparedStatementLogger.invoke(PreparedStatementLogger.java:59)\r\n	at com.sun.proxy.$Proxy188.execute(Unknown Source)\r\n	at org.apache.ibatis.executor.statement.PreparedStatementHandler.update(PreparedStatementHandler.java:47)\r\n	at org.apache.ibatis.executor.statement.RoutingStatementHandler.update(RoutingStatementHandler.java:74)\r\n	at sun.reflect.NativeMethodAccessorImpl.invoke0(Native Method)\r\n	at sun.reflect.NativeMethodAccessorImpl.invoke(NativeMethodAccessorImpl.java:62)\r\n	at sun.reflect.DelegatingMethodAccessorImpl.invoke(DelegatingMethodAccessorImpl.java:43)\r\n	at java.lang.reflect.Method.invoke(Method.java:498)\r\n	at org.apache.ibatis.plugin.Plugin.invoke(Plugin.java:63)\r\n	at com.sun.proxy.$Proxy186.update(Unknown Source)\r\n	at com.baomidou.mybatisplus.core.executor.MybatisSimpleExecutor.doUpdate(MybatisSimpleExecutor.java:56)\r\n	at org.apache.ibatis.executor.BaseExecutor.update(BaseExecutor.java:117)\r\n	at com.baomidou.mybatisplus.core.executor.MybatisCachingExecutor.update(MybatisCachingExecutor.java:85)\r\n	at sun.reflect.NativeMethodAccessorImpl.invoke0(Native Method)\r\n	at sun.reflect.NativeMethodAccessorImpl.invoke(NativeMethodAccessorImpl.java:62)\r\n	at sun.reflect.DelegatingMethodAccessorImpl.invoke(DelegatingMethodAccessorImpl.java:43)\r\n	at java.lang.reflect.Method.invoke(Method.java:498)\r\n	at org.apache.ibatis.plugin.Invocation.proceed(Invocation.java:49)\r\n	at com.baomidou.mybatisplus.extension.plugins.MybatisPlusInterceptor.intercept(MybatisPlusInterceptor.java:106)\r\n	at org.apache.ibatis.plugin.Plugin.invoke(Plugin.java:61)\r\n	at com.sun.proxy.$Proxy185.update(Unknown Source)\r\n	at org.apache.ibatis.session.defaults.DefaultSqlSession.update(DefaultSqlSession.java:197)\r\n	at org.apache.ibatis.session.defaults.DefaultSqlSession.insert(DefaultSqlSession.java:184)\r\n	at sun.reflect.NativeMethodAccessorImpl.invoke0(Native Method)\r\n	at sun.reflect.NativeMethodAccessorImpl.invoke(NativeMethodAccessorImpl.java:62)\r\n	at sun.reflect.DelegatingMethodAccessorImpl.invoke(DelegatingMethodAccessorImpl.java:43)\r\n	at java.lang.reflect.Method.invoke(Method.java:498)\r\n	at org.mybatis.spring.SqlSessionTemplate$SqlSessionInterceptor.invoke(SqlSessionTemplate.java:426)\r\n	... 137 more\r\n', '127.0.0.1', '内网IP|内网IP', '2023-12-29 16:21:40');
INSERT INTO `t_exception_log` VALUES (8, '/admin/articles', 'com.aurora.controller.ArticleController.saveOrUpdateArticle', 'POST', '[{\"articleAbstract\":\"docker启动mysql报Restarting (1) 49 seconds ago \",\"articleContent\":\" ![image.png](http://boke-yxh.oss-cn-hangzhou.aliyuncs.com/aurora/articles/fbd9518afc3926e5aeb8cffcadb3d66c.png)\\n原因：ib_logfile 文件冲突引起的\\n解决方法：\\n进入data目录下将ib_logfile0、ib_logfile1…文件删除即可\\n\",\"articleCover\":\"http://boke-yxh.oss-cn-hangzhou.aliyuncs.com/aurora/articles/6c5ac065bbb1c878f32f3eae9f00251b.jpg\",\"articleTitle\":\"2023-12-29 docker启动容器报错\",\"categoryName\":\"docker\",\"isFeatured\":0,\"isTop\":0,\"status\":1,\"tagNames\":[\"docker启动mysql报Restarting (1) 49 seconds ago\"],\"type\":1}]', '保存和修改文章', 'org.springframework.dao.DataIntegrityViolationException: com.aurora.mapper.TagMapper.insert (batch index #1) failed. Cause: java.sql.BatchUpdateException: Data truncation: Data too long for column \'tag_name\' at row 1\n; Data truncation: Data too long for column \'tag_name\' at row 1; nested exception is java.sql.BatchUpdateException: Data truncation: Data too long for column \'tag_name\' at row 1\r\n	at org.springframework.jdbc.support.SQLStateSQLExceptionTranslator.doTranslate(SQLStateSQLExceptionTranslator.java:104)\r\n	at org.springframework.jdbc.support.AbstractFallbackSQLExceptionTranslator.translate(AbstractFallbackSQLExceptionTranslator.java:72)\r\n	at org.springframework.jdbc.support.AbstractFallbackSQLExceptionTranslator.translate(AbstractFallbackSQLExceptionTranslator.java:81)\r\n	at org.springframework.jdbc.support.AbstractFallbackSQLExceptionTranslator.translate(AbstractFallbackSQLExceptionTranslator.java:81)\r\n	at org.mybatis.spring.MyBatisExceptionTranslator.translateExceptionIfPossible(MyBatisExceptionTranslator.java:88)\r\n	at com.baomidou.mybatisplus.extension.toolkit.SqlHelper.executeBatch(SqlHelper.java:185)\r\n	at com.baomidou.mybatisplus.extension.toolkit.SqlHelper.executeBatch(SqlHelper.java:207)\r\n	at com.baomidou.mybatisplus.extension.service.impl.ServiceImpl.executeBatch(ServiceImpl.java:239)\r\n	at com.baomidou.mybatisplus.extension.service.impl.ServiceImpl.saveBatch(ServiceImpl.java:135)\r\n	at com.baomidou.mybatisplus.extension.service.IService.saveBatch(IService.java:73)\r\n	at com.baomidou.mybatisplus.extension.service.IService$$FastClassBySpringCGLIB$$f8525d18.invoke(<generated>)\r\n	at org.springframework.cglib.proxy.MethodProxy.invoke(MethodProxy.java:218)\r\n	at org.springframework.aop.framework.CglibAopProxy$CglibMethodInvocation.invokeJoinpoint(CglibAopProxy.java:771)\r\n	at org.springframework.aop.framework.ReflectiveMethodInvocation.proceed(ReflectiveMethodInvocation.java:163)\r\n	at org.springframework.aop.framework.CglibAopProxy$CglibMethodInvocation.proceed(CglibAopProxy.java:749)\r\n	at org.springframework.transaction.interceptor.TransactionAspectSupport.invokeWithinTransaction(TransactionAspectSupport.java:367)\r\n	at org.springframework.transaction.interceptor.TransactionInterceptor.invoke(TransactionInterceptor.java:118)\r\n	at org.springframework.aop.framework.ReflectiveMethodInvocation.proceed(ReflectiveMethodInvocation.java:186)\r\n	at org.springframework.aop.framework.CglibAopProxy$CglibMethodInvocation.proceed(CglibAopProxy.java:749)\r\n	at org.springframework.aop.framework.CglibAopProxy$DynamicAdvisedInterceptor.intercept(CglibAopProxy.java:691)\r\n	at com.aurora.service.impl.TagServiceImpl$$EnhancerBySpringCGLIB$$7b819d50.saveBatch(<generated>)\r\n	at com.aurora.service.impl.ArticleServiceImpl.saveArticleTag(ArticleServiceImpl.java:361)\r\n	at com.aurora.service.impl.ArticleServiceImpl.saveOrUpdateArticle(ArticleServiceImpl.java:249)\r\n	at com.aurora.service.impl.ArticleServiceImpl$$FastClassBySpringCGLIB$$16e85493.invoke(<generated>)\r\n	at org.springframework.cglib.proxy.MethodProxy.invoke(MethodProxy.java:218)\r\n	at org.springframework.aop.framework.CglibAopProxy$CglibMethodInvocation.invokeJoinpoint(CglibAopProxy.java:771)\r\n	at org.springframework.aop.framework.ReflectiveMethodInvocation.proceed(ReflectiveMethodInvocation.java:163)\r\n	at org.springframework.aop.framework.CglibAopProxy$CglibMethodInvocation.proceed(CglibAopProxy.java:749)\r\n	at org.springframework.transaction.interceptor.TransactionAspectSupport.invokeWithinTransaction(TransactionAspectSupport.java:367)\r\n	at org.springframework.transaction.interceptor.TransactionInterceptor.invoke(TransactionInterceptor.java:118)\r\n	at org.springframework.aop.framework.ReflectiveMethodInvocation.proceed(ReflectiveMethodInvocation.java:186)\r\n	at org.springframework.aop.framework.CglibAopProxy$CglibMethodInvocation.proceed(CglibAopProxy.java:749)\r\n	at org.springframework.aop.framework.CglibAopProxy$DynamicAdvisedInterceptor.intercept(CglibAopProxy.java:691)\r\n	at com.aurora.service.impl.ArticleServiceImpl$$EnhancerBySpringCGLIB$$83ca293c.saveOrUpdateArticle(<generated>)\r\n	at com.aurora.controller.ArticleController.saveOrUpdateArticle(ArticleController.java:89)\r\n	at com.aurora.controller.ArticleController$$FastClassBySpringCGLIB$$b88e9521.invoke(<generated>)\r\n	at org.springframework.cglib.proxy.MethodProxy.invoke(MethodProxy.java:218)\r\n	at org.springframework.aop.framework.CglibAopProxy$CglibMethodInvocation.invokeJoinpoint(CglibAopProxy.java:771)\r\n	at org.springframework.aop.framework.ReflectiveMethodInvocation.proceed(ReflectiveMethodInvocation.java:163)\r\n	at org.springframework.aop.framework.CglibAopProxy$CglibMethodInvocation.proceed(CglibAopProxy.java:749)\r\n	at org.springframework.aop.framework.adapter.AfterReturningAdviceInterceptor.invoke(AfterReturningAdviceInterceptor.java:55)\r\n	at org.springframework.aop.framework.ReflectiveMethodInvocation.proceed(ReflectiveMethodInvocation.java:175)\r\n	at org.springframework.aop.framework.CglibAopProxy$CglibMethodInvocation.proceed(CglibAopProxy.java:749)\r\n	at org.springframework.aop.aspectj.AspectJAfterThrowingAdvice.invoke(AspectJAfterThrowingAdvice.java:62)\r\n	at org.springframework.aop.framework.ReflectiveMethodInvocation.proceed(ReflectiveMethodInvocation.java:186)\r\n	at org.springframework.aop.framework.CglibAopProxy$CglibMethodInvocation.proceed(CglibAopProxy.java:749)\r\n	at org.springframework.aop.interceptor.ExposeInvocationInterceptor.invoke(ExposeInvocationInterceptor.java:95)\r\n	at org.springframework.aop.framework.ReflectiveMethodInvocation.proceed(ReflectiveMethodInvocation.java:186)\r\n	at org.springframework.aop.framework.CglibAopProxy$CglibMethodInvocation.proceed(CglibAopProxy.java:749)\r\n	at org.springframework.aop.framework.CglibAopProxy$DynamicAdvisedInterceptor.intercept(CglibAopProxy.java:691)\r\n	at com.aurora.controller.ArticleController$$EnhancerBySpringCGLIB$$773ecb00.saveOrUpdateArticle(<generated>)\r\n	at sun.reflect.NativeMethodAccessorImpl.invoke0(Native Method)\r\n	at sun.reflect.NativeMethodAccessorImpl.invoke(NativeMethodAccessorImpl.java:62)\r\n	at sun.reflect.DelegatingMethodAccessorImpl.invoke(DelegatingMethodAccessorImpl.java:43)\r\n	at java.lang.reflect.Method.invoke(Method.java:498)\r\n	at org.springframework.web.method.support.InvocableHandlerMethod.doInvoke(InvocableHandlerMethod.java:190)\r\n	at org.springframework.web.method.support.InvocableHandlerMethod.invokeForRequest(InvocableHandlerMethod.java:138)\r\n	at org.springframework.web.servlet.mvc.method.annotation.ServletInvocableHandlerMethod.invokeAndHandle(ServletInvocableHandlerMethod.java:105)\r\n	at org.springframework.web.servlet.mvc.method.annotation.RequestMappingHandlerAdapter.invokeHandlerMethod(RequestMappingHandlerAdapter.java:878)\r\n	at org.springframework.web.servlet.mvc.method.annotation.RequestMappingHandlerAdapter.handleInternal(RequestMappingHandlerAdapter.java:792)\r\n	at org.springframework.web.servlet.mvc.method.AbstractHandlerMethodAdapter.handle(AbstractHandlerMethodAdapter.java:87)\r\n	at org.springframework.web.servlet.DispatcherServlet.doDispatch(DispatcherServlet.java:1040)\r\n	at org.springframework.web.servlet.DispatcherServlet.doService(DispatcherServlet.java:943)\r\n	at org.springframework.web.servlet.FrameworkServlet.processRequest(FrameworkServlet.java:1006)\r\n	at org.springframework.web.servlet.FrameworkServlet.doPost(FrameworkServlet.java:909)\r\n	at javax.servlet.http.HttpServlet.service(HttpServlet.java:652)\r\n	at org.springframework.web.servlet.FrameworkServlet.service(FrameworkServlet.java:883)\r\n	at javax.servlet.http.HttpServlet.service(HttpServlet.java:733)\r\n	at org.apache.catalina.core.ApplicationFilterChain.internalDoFilter(ApplicationFilterChain.java:231)\r\n	at org.apache.catalina.core.ApplicationFilterChain.doFilter(ApplicationFilterChain.java:166)\r\n	at org.apache.tomcat.websocket.server.WsFilter.doFilter(WsFilter.java:53)\r\n	at org.apache.catalina.core.ApplicationFilterChain.internalDoFilter(ApplicationFilterChain.java:193)\r\n	at org.apache.catalina.core.ApplicationFilterChain.doFilter(ApplicationFilterChain.java:166)\r\n	at org.springframework.web.filter.OncePerRequestFilter.doFilter(OncePerRequestFilter.java:113)\r\n	at org.apache.catalina.core.ApplicationFilterChain.internalDoFilter(ApplicationFilterChain.java:193)\r\n	at org.apache.catalina.core.ApplicationFilterChain.doFilter(ApplicationFilterChain.java:166)\r\n	at org.springframework.security.web.FilterChainProxy$VirtualFilterChain.doFilter(FilterChainProxy.java:320)\r\n	at org.springframework.security.web.access.intercept.FilterSecurityInterceptor.invoke(FilterSecurityInterceptor.java:126)\r\n	at org.springframework.security.web.access.intercept.FilterSecurityInterceptor.doFilter(FilterSecurityInterceptor.java:90)\r\n	at org.springframework.security.web.FilterChainProxy$VirtualFilterChain.doFilter(FilterChainProxy.java:334)\r\n	at org.springframework.security.web.access.ExceptionTranslationFilter.doFilter(ExceptionTranslationFilter.java:118)\r\n	at org.springframework.security.web.FilterChainProxy$VirtualFilterChain.doFilter(FilterChainProxy.java:334)\r\n	at org.springframework.security.web.session.SessionManagementFilter.doFilter(SessionManagementFilter.java:137)\r\n	at org.springframework.security.web.FilterChainProxy$VirtualFilterChain.doFilter(FilterChainProxy.java:334)\r\n	at org.springframework.security.web.authentication.AnonymousAuthenticationFilter.doFilter(AnonymousAuthenticationFilter.java:111)\r\n	at org.springframework.security.web.FilterChainProxy$VirtualFilterChain.doFilter(FilterChainProxy.java:334)\r\n	at org.springframework.security.web.servletapi.SecurityContextHolderAwareRequestFilter.doFilter(SecurityContextHolderAwareRequestFilter.java:158)\r\n	at org.springframework.security.web.FilterChainProxy$VirtualFilterChain.doFilter(FilterChainProxy.java:334)\r\n	at org.springframework.security.web.savedrequest.RequestCacheAwareFilter.doFilter(RequestCacheAwareFilter.java:63)\r\n	at org.springframework.security.web.FilterChainProxy$VirtualFilterChain.doFilter(FilterChainProxy.java:334)\r\n	at org.springframework.security.web.authentication.AbstractAuthenticationProcessingFilter.doFilter(AbstractAuthenticationProcessingFilter.java:200)\r\n	at org.springframework.security.web.FilterChainProxy$VirtualFilterChain.doFilter(FilterChainProxy.java:334)\r\n	at com.aurora.filter.JwtAuthenticationTokenFilter.doFilterInternal(JwtAuthenticationTokenFilter.java:39)\r\n	at org.springframework.web.filter.OncePerRequestFilter.doFilter(OncePerRequestFilter.java:119)\r\n	at org.springframework.security.web.FilterChainProxy$VirtualFilterChain.doFilter(FilterChainProxy.java:334)\r\n	at org.springframework.security.web.authentication.logout.LogoutFilter.doFilter(LogoutFilter.java:116)\r\n	at org.springframework.security.web.FilterChainProxy$VirtualFilterChain.doFilter(FilterChainProxy.java:334)\r\n	at org.springframework.security.web.header.HeaderWriterFilter.doHeadersAfter(HeaderWriterFilter.java:92)\r\n	at org.springframework.security.web.header.HeaderWriterFilter.doFilterInternal(HeaderWriterFilter.java:77)\r\n	at org.springframework.web.filter.OncePerRequestFilter.doFilter(OncePerRequestFilter.java:119)\r\n	at org.springframework.security.web.FilterChainProxy$VirtualFilterChain.doFilter(FilterChainProxy.java:334)\r\n	at org.springframework.security.web.context.SecurityContextPersistenceFilter.doFilter(SecurityContextPersistenceFilter.java:105)\r\n	at org.springframework.security.web.FilterChainProxy$VirtualFilterChain.doFilter(FilterChainProxy.java:334)\r\n	at org.springframework.security.web.context.request.async.WebAsyncManagerIntegrationFilter.doFilterInternal(WebAsyncManagerIntegrationFilter.java:56)\r\n	at org.springframework.web.filter.OncePerRequestFilter.doFilter(OncePerRequestFilter.java:119)\r\n	at org.springframework.security.web.FilterChainProxy$VirtualFilterChain.doFilter(FilterChainProxy.java:334)\r\n	at org.springframework.security.web.FilterChainProxy.doFilterInternal(FilterChainProxy.java:215)\r\n	at org.springframework.security.web.FilterChainProxy.doFilter(FilterChainProxy.java:178)\r\n	at org.springframework.web.filter.DelegatingFilterProxy.invokeDelegate(DelegatingFilterProxy.java:358)\r\n	at org.springframework.web.filter.DelegatingFilterProxy.doFilter(DelegatingFilterProxy.java:271)\r\n	at org.apache.catalina.core.ApplicationFilterChain.internalDoFilter(ApplicationFilterChain.java:193)\r\n	at org.apache.catalina.core.ApplicationFilterChain.doFilter(ApplicationFilterChain.java:166)\r\n	at org.springframework.web.filter.RequestContextFilter.doFilterInternal(RequestContextFilter.java:100)\r\n	at org.springframework.web.filter.OncePerRequestFilter.doFilter(OncePerRequestFilter.java:119)\r\n	at org.apache.catalina.core.ApplicationFilterChain.internalDoFilter(ApplicationFilterChain.java:193)\r\n	at org.apache.catalina.core.ApplicationFilterChain.doFilter(ApplicationFilterChain.java:166)\r\n	at org.springframework.web.filter.FormContentFilter.doFilterInternal(FormContentFilter.java:93)\r\n	at org.springframework.web.filter.OncePerRequestFilter.doFilter(OncePerRequestFilter.java:119)\r\n	at org.apache.catalina.core.ApplicationFilterChain.internalDoFilter(ApplicationFilterChain.java:193)\r\n	at org.apache.catalina.core.ApplicationFilterChain.doFilter(ApplicationFilterChain.java:166)\r\n	at org.springframework.web.filter.CharacterEncodingFilter.doFilterInternal(CharacterEncodingFilter.java:201)\r\n	at org.springframework.web.filter.OncePerRequestFilter.doFilter(OncePerRequestFilter.java:119)\r\n	at org.apache.catalina.core.ApplicationFilterChain.internalDoFilter(ApplicationFilterChain.java:193)\r\n	at org.apache.catalina.core.ApplicationFilterChain.doFilter(ApplicationFilterChain.java:166)\r\n	at org.apache.catalina.core.StandardWrapperValve.invoke(StandardWrapperValve.java:202)\r\n	at org.apache.catalina.core.StandardContextValve.invoke(StandardContextValve.java:97)\r\n	at org.apache.catalina.authenticator.AuthenticatorBase.invoke(AuthenticatorBase.java:542)\r\n	at org.apache.catalina.core.StandardHostValve.invoke(StandardHostValve.java:143)\r\n	at org.apache.catalina.valves.ErrorReportValve.invoke(ErrorReportValve.java:92)\r\n	at org.apache.catalina.core.StandardEngineValve.invoke(StandardEngineValve.java:78)\r\n	at org.apache.catalina.connector.CoyoteAdapter.service(CoyoteAdapter.java:343)\r\n	at org.apache.coyote.http11.Http11Processor.service(Http11Processor.java:374)\r\n	at org.apache.coyote.AbstractProcessorLight.process(AbstractProcessorLight.java:65)\r\n	at org.apache.coyote.AbstractProtocol$ConnectionHandler.process(AbstractProtocol.java:888)\r\n	at org.apache.tomcat.util.net.NioEndpoint$SocketProcessor.doRun(NioEndpoint.java:1597)\r\n	at org.apache.tomcat.util.net.SocketProcessorBase.run(SocketProcessorBase.java:49)\r\n	at java.util.concurrent.ThreadPoolExecutor.runWorker(ThreadPoolExecutor.java:1149)\r\n	at java.util.concurrent.ThreadPoolExecutor$Worker.run(ThreadPoolExecutor.java:624)\r\n	at org.apache.tomcat.util.threads.TaskThread$WrappingRunnable.run(TaskThread.java:61)\r\n	at java.lang.Thread.run(Thread.java:750)\r\nCaused by: java.sql.BatchUpdateException: Data truncation: Data too long for column \'tag_name\' at row 1\r\n	at sun.reflect.NativeConstructorAccessorImpl.newInstance0(Native Method)\r\n	at sun.reflect.NativeConstructorAccessorImpl.newInstance(NativeConstructorAccessorImpl.java:62)\r\n	at sun.reflect.DelegatingConstructorAccessorImpl.newInstance(DelegatingConstructorAccessorImpl.java:45)\r\n	at java.lang.reflect.Constructor.newInstance(Constructor.java:423)\r\n	at com.mysql.cj.util.Util.handleNewInstance(Util.java:192)\r\n	at com.mysql.cj.util.Util.getInstance(Util.java:167)\r\n	at com.mysql.cj.util.Util.getInstance(Util.java:174)\r\n	at com.mysql.cj.jdbc.exceptions.SQLError.createBatchUpdateException(SQLError.java:224)\r\n	at com.mysql.cj.jdbc.ClientPreparedStatement.executeBatchSerially(ClientPreparedStatement.java:853)\r\n	at com.mysql.cj.jdbc.ClientPreparedStatement.executeBatchInternal(ClientPreparedStatement.java:435)\r\n	at com.mysql.cj.jdbc.StatementImpl.executeBatch(StatementImpl.java:796)\r\n	at com.zaxxer.hikari.pool.ProxyStatement.executeBatch(ProxyStatement.java:128)\r\n	at com.zaxxer.hikari.pool.HikariProxyPreparedStatement.executeBatch(HikariProxyPreparedStatement.java)\r\n	at sun.reflect.NativeMethodAccessorImpl.invoke0(Native Method)\r\n	at sun.reflect.NativeMethodAccessorImpl.invoke(NativeMethodAccessorImpl.java:62)\r\n	at sun.reflect.DelegatingMethodAccessorImpl.invoke(DelegatingMethodAccessorImpl.java:43)\r\n	at java.lang.reflect.Method.invoke(Method.java:498)\r\n	at org.apache.ibatis.logging.jdbc.PreparedStatementLogger.invoke(PreparedStatementLogger.java:78)\r\n	at com.sun.proxy.$Proxy188.executeBatch(Unknown Source)\r\n	at com.baomidou.mybatisplus.core.executor.MybatisBatchExecutor.doFlushStatements(MybatisBatchExecutor.java:135)\r\n	at org.apache.ibatis.executor.BaseExecutor.flushStatements(BaseExecutor.java:129)\r\n	at org.apache.ibatis.executor.BaseExecutor.flushStatements(BaseExecutor.java:122)\r\n	at com.baomidou.mybatisplus.core.executor.MybatisCachingExecutor.flushStatements(MybatisCachingExecutor.java:218)\r\n	at sun.reflect.NativeMethodAccessorImpl.invoke0(Native Method)\r\n	at sun.reflect.NativeMethodAccessorImpl.invoke(NativeMethodAccessorImpl.java:62)\r\n	at sun.reflect.DelegatingMethodAccessorImpl.invoke(DelegatingMethodAccessorImpl.java:43)\r\n	at java.lang.reflect.Method.invoke(Method.java:498)\r\n	at org.apache.ibatis.plugin.Plugin.invoke(Plugin.java:63)\r\n	at com.sun.proxy.$Proxy185.flushStatements(Unknown Source)\r\n	at org.apache.ibatis.session.defaults.DefaultSqlSession.flushStatements(DefaultSqlSession.java:252)\r\n	at com.baomidou.mybatisplus.extension.toolkit.SqlHelper.lambda$executeBatch$0(SqlHelper.java:213)\r\n	at com.baomidou.mybatisplus.extension.toolkit.SqlHelper.executeBatch(SqlHelper.java:175)\r\n	... 134 more\r\nCaused by: com.mysql.cj.jdbc.exceptions.MysqlDataTruncation: Data truncation: Data too long for column \'tag_name\' at row 1\r\n	at com.mysql.cj.jdbc.exceptions.SQLExceptionsMapping.translateException(SQLExceptionsMapping.java:104)\r\n	at com.mysql.cj.jdbc.ClientPreparedStatement.executeInternal(ClientPreparedStatement.java:953)\r\n	at com.mysql.cj.jdbc.ClientPreparedStatement.executeUpdateInternal(ClientPreparedStatement.java:1092)\r\n	at com.mysql.cj.jdbc.ClientPreparedStatement.executeBatchSerially(ClientPreparedStatement.java:832)\r\n	... 157 more\r\n', '127.0.0.1', '内网IP|内网IP', '2023-12-29 16:36:18');
INSERT INTO `t_exception_log` VALUES (9, '/admin/articles', 'com.aurora.controller.ArticleController.saveOrUpdateArticle', 'POST', '[{\"articleAbstract\":\"\",\"articleContent\":\" ![image.png](http://boke-yxh.oss-cn-hangzhou.aliyuncs.com/aurora/articles/fbd9518afc3926e5aeb8cffcadb3d66c.png)\\n原因：ib_logfile 文件冲突引起的\\n解决方法：\\n进入data目录下将ib_logfile0、ib_logfile1…文件删除即可\\n\",\"articleCover\":\"http://boke-yxh.oss-cn-hangzhou.aliyuncs.com/aurora/articles/6c5ac065bbb1c878f32f3eae9f00251b.jpg\",\"articleTitle\":\"2023-12-29 docker启动容器报错\",\"categoryName\":\"docker\",\"isFeatured\":0,\"isTop\":0,\"status\":1,\"tagNames\":[\"docker启动mysql报Restarting (1) 49 seconds ago\"],\"type\":1}]', '保存和修改文章', 'org.springframework.dao.DataIntegrityViolationException: com.aurora.mapper.TagMapper.insert (batch index #1) failed. Cause: java.sql.BatchUpdateException: Data truncation: Data too long for column \'tag_name\' at row 1\n; Data truncation: Data too long for column \'tag_name\' at row 1; nested exception is java.sql.BatchUpdateException: Data truncation: Data too long for column \'tag_name\' at row 1\r\n	at org.springframework.jdbc.support.SQLStateSQLExceptionTranslator.doTranslate(SQLStateSQLExceptionTranslator.java:104)\r\n	at org.springframework.jdbc.support.AbstractFallbackSQLExceptionTranslator.translate(AbstractFallbackSQLExceptionTranslator.java:72)\r\n	at org.springframework.jdbc.support.AbstractFallbackSQLExceptionTranslator.translate(AbstractFallbackSQLExceptionTranslator.java:81)\r\n	at org.springframework.jdbc.support.AbstractFallbackSQLExceptionTranslator.translate(AbstractFallbackSQLExceptionTranslator.java:81)\r\n	at org.mybatis.spring.MyBatisExceptionTranslator.translateExceptionIfPossible(MyBatisExceptionTranslator.java:88)\r\n	at com.baomidou.mybatisplus.extension.toolkit.SqlHelper.executeBatch(SqlHelper.java:185)\r\n	at com.baomidou.mybatisplus.extension.toolkit.SqlHelper.executeBatch(SqlHelper.java:207)\r\n	at com.baomidou.mybatisplus.extension.service.impl.ServiceImpl.executeBatch(ServiceImpl.java:239)\r\n	at com.baomidou.mybatisplus.extension.service.impl.ServiceImpl.saveBatch(ServiceImpl.java:135)\r\n	at com.baomidou.mybatisplus.extension.service.IService.saveBatch(IService.java:73)\r\n	at com.baomidou.mybatisplus.extension.service.IService$$FastClassBySpringCGLIB$$f8525d18.invoke(<generated>)\r\n	at org.springframework.cglib.proxy.MethodProxy.invoke(MethodProxy.java:218)\r\n	at org.springframework.aop.framework.CglibAopProxy$CglibMethodInvocation.invokeJoinpoint(CglibAopProxy.java:771)\r\n	at org.springframework.aop.framework.ReflectiveMethodInvocation.proceed(ReflectiveMethodInvocation.java:163)\r\n	at org.springframework.aop.framework.CglibAopProxy$CglibMethodInvocation.proceed(CglibAopProxy.java:749)\r\n	at org.springframework.transaction.interceptor.TransactionAspectSupport.invokeWithinTransaction(TransactionAspectSupport.java:367)\r\n	at org.springframework.transaction.interceptor.TransactionInterceptor.invoke(TransactionInterceptor.java:118)\r\n	at org.springframework.aop.framework.ReflectiveMethodInvocation.proceed(ReflectiveMethodInvocation.java:186)\r\n	at org.springframework.aop.framework.CglibAopProxy$CglibMethodInvocation.proceed(CglibAopProxy.java:749)\r\n	at org.springframework.aop.framework.CglibAopProxy$DynamicAdvisedInterceptor.intercept(CglibAopProxy.java:691)\r\n	at com.aurora.service.impl.TagServiceImpl$$EnhancerBySpringCGLIB$$7b819d50.saveBatch(<generated>)\r\n	at com.aurora.service.impl.ArticleServiceImpl.saveArticleTag(ArticleServiceImpl.java:361)\r\n	at com.aurora.service.impl.ArticleServiceImpl.saveOrUpdateArticle(ArticleServiceImpl.java:249)\r\n	at com.aurora.service.impl.ArticleServiceImpl$$FastClassBySpringCGLIB$$16e85493.invoke(<generated>)\r\n	at org.springframework.cglib.proxy.MethodProxy.invoke(MethodProxy.java:218)\r\n	at org.springframework.aop.framework.CglibAopProxy$CglibMethodInvocation.invokeJoinpoint(CglibAopProxy.java:771)\r\n	at org.springframework.aop.framework.ReflectiveMethodInvocation.proceed(ReflectiveMethodInvocation.java:163)\r\n	at org.springframework.aop.framework.CglibAopProxy$CglibMethodInvocation.proceed(CglibAopProxy.java:749)\r\n	at org.springframework.transaction.interceptor.TransactionAspectSupport.invokeWithinTransaction(TransactionAspectSupport.java:367)\r\n	at org.springframework.transaction.interceptor.TransactionInterceptor.invoke(TransactionInterceptor.java:118)\r\n	at org.springframework.aop.framework.ReflectiveMethodInvocation.proceed(ReflectiveMethodInvocation.java:186)\r\n	at org.springframework.aop.framework.CglibAopProxy$CglibMethodInvocation.proceed(CglibAopProxy.java:749)\r\n	at org.springframework.aop.framework.CglibAopProxy$DynamicAdvisedInterceptor.intercept(CglibAopProxy.java:691)\r\n	at com.aurora.service.impl.ArticleServiceImpl$$EnhancerBySpringCGLIB$$83ca293c.saveOrUpdateArticle(<generated>)\r\n	at com.aurora.controller.ArticleController.saveOrUpdateArticle(ArticleController.java:89)\r\n	at com.aurora.controller.ArticleController$$FastClassBySpringCGLIB$$b88e9521.invoke(<generated>)\r\n	at org.springframework.cglib.proxy.MethodProxy.invoke(MethodProxy.java:218)\r\n	at org.springframework.aop.framework.CglibAopProxy$CglibMethodInvocation.invokeJoinpoint(CglibAopProxy.java:771)\r\n	at org.springframework.aop.framework.ReflectiveMethodInvocation.proceed(ReflectiveMethodInvocation.java:163)\r\n	at org.springframework.aop.framework.CglibAopProxy$CglibMethodInvocation.proceed(CglibAopProxy.java:749)\r\n	at org.springframework.aop.framework.adapter.AfterReturningAdviceInterceptor.invoke(AfterReturningAdviceInterceptor.java:55)\r\n	at org.springframework.aop.framework.ReflectiveMethodInvocation.proceed(ReflectiveMethodInvocation.java:175)\r\n	at org.springframework.aop.framework.CglibAopProxy$CglibMethodInvocation.proceed(CglibAopProxy.java:749)\r\n	at org.springframework.aop.aspectj.AspectJAfterThrowingAdvice.invoke(AspectJAfterThrowingAdvice.java:62)\r\n	at org.springframework.aop.framework.ReflectiveMethodInvocation.proceed(ReflectiveMethodInvocation.java:186)\r\n	at org.springframework.aop.framework.CglibAopProxy$CglibMethodInvocation.proceed(CglibAopProxy.java:749)\r\n	at org.springframework.aop.interceptor.ExposeInvocationInterceptor.invoke(ExposeInvocationInterceptor.java:95)\r\n	at org.springframework.aop.framework.ReflectiveMethodInvocation.proceed(ReflectiveMethodInvocation.java:186)\r\n	at org.springframework.aop.framework.CglibAopProxy$CglibMethodInvocation.proceed(CglibAopProxy.java:749)\r\n	at org.springframework.aop.framework.CglibAopProxy$DynamicAdvisedInterceptor.intercept(CglibAopProxy.java:691)\r\n	at com.aurora.controller.ArticleController$$EnhancerBySpringCGLIB$$773ecb00.saveOrUpdateArticle(<generated>)\r\n	at sun.reflect.NativeMethodAccessorImpl.invoke0(Native Method)\r\n	at sun.reflect.NativeMethodAccessorImpl.invoke(NativeMethodAccessorImpl.java:62)\r\n	at sun.reflect.DelegatingMethodAccessorImpl.invoke(DelegatingMethodAccessorImpl.java:43)\r\n	at java.lang.reflect.Method.invoke(Method.java:498)\r\n	at org.springframework.web.method.support.InvocableHandlerMethod.doInvoke(InvocableHandlerMethod.java:190)\r\n	at org.springframework.web.method.support.InvocableHandlerMethod.invokeForRequest(InvocableHandlerMethod.java:138)\r\n	at org.springframework.web.servlet.mvc.method.annotation.ServletInvocableHandlerMethod.invokeAndHandle(ServletInvocableHandlerMethod.java:105)\r\n	at org.springframework.web.servlet.mvc.method.annotation.RequestMappingHandlerAdapter.invokeHandlerMethod(RequestMappingHandlerAdapter.java:878)\r\n	at org.springframework.web.servlet.mvc.method.annotation.RequestMappingHandlerAdapter.handleInternal(RequestMappingHandlerAdapter.java:792)\r\n	at org.springframework.web.servlet.mvc.method.AbstractHandlerMethodAdapter.handle(AbstractHandlerMethodAdapter.java:87)\r\n	at org.springframework.web.servlet.DispatcherServlet.doDispatch(DispatcherServlet.java:1040)\r\n	at org.springframework.web.servlet.DispatcherServlet.doService(DispatcherServlet.java:943)\r\n	at org.springframework.web.servlet.FrameworkServlet.processRequest(FrameworkServlet.java:1006)\r\n	at org.springframework.web.servlet.FrameworkServlet.doPost(FrameworkServlet.java:909)\r\n	at javax.servlet.http.HttpServlet.service(HttpServlet.java:652)\r\n	at org.springframework.web.servlet.FrameworkServlet.service(FrameworkServlet.java:883)\r\n	at javax.servlet.http.HttpServlet.service(HttpServlet.java:733)\r\n	at org.apache.catalina.core.ApplicationFilterChain.internalDoFilter(ApplicationFilterChain.java:231)\r\n	at org.apache.catalina.core.ApplicationFilterChain.doFilter(ApplicationFilterChain.java:166)\r\n	at org.apache.tomcat.websocket.server.WsFilter.doFilter(WsFilter.java:53)\r\n	at org.apache.catalina.core.ApplicationFilterChain.internalDoFilter(ApplicationFilterChain.java:193)\r\n	at org.apache.catalina.core.ApplicationFilterChain.doFilter(ApplicationFilterChain.java:166)\r\n	at org.springframework.web.filter.OncePerRequestFilter.doFilter(OncePerRequestFilter.java:113)\r\n	at org.apache.catalina.core.ApplicationFilterChain.internalDoFilter(ApplicationFilterChain.java:193)\r\n	at org.apache.catalina.core.ApplicationFilterChain.doFilter(ApplicationFilterChain.java:166)\r\n	at org.springframework.security.web.FilterChainProxy$VirtualFilterChain.doFilter(FilterChainProxy.java:320)\r\n	at org.springframework.security.web.access.intercept.FilterSecurityInterceptor.invoke(FilterSecurityInterceptor.java:126)\r\n	at org.springframework.security.web.access.intercept.FilterSecurityInterceptor.doFilter(FilterSecurityInterceptor.java:90)\r\n	at org.springframework.security.web.FilterChainProxy$VirtualFilterChain.doFilter(FilterChainProxy.java:334)\r\n	at org.springframework.security.web.access.ExceptionTranslationFilter.doFilter(ExceptionTranslationFilter.java:118)\r\n	at org.springframework.security.web.FilterChainProxy$VirtualFilterChain.doFilter(FilterChainProxy.java:334)\r\n	at org.springframework.security.web.session.SessionManagementFilter.doFilter(SessionManagementFilter.java:137)\r\n	at org.springframework.security.web.FilterChainProxy$VirtualFilterChain.doFilter(FilterChainProxy.java:334)\r\n	at org.springframework.security.web.authentication.AnonymousAuthenticationFilter.doFilter(AnonymousAuthenticationFilter.java:111)\r\n	at org.springframework.security.web.FilterChainProxy$VirtualFilterChain.doFilter(FilterChainProxy.java:334)\r\n	at org.springframework.security.web.servletapi.SecurityContextHolderAwareRequestFilter.doFilter(SecurityContextHolderAwareRequestFilter.java:158)\r\n	at org.springframework.security.web.FilterChainProxy$VirtualFilterChain.doFilter(FilterChainProxy.java:334)\r\n	at org.springframework.security.web.savedrequest.RequestCacheAwareFilter.doFilter(RequestCacheAwareFilter.java:63)\r\n	at org.springframework.security.web.FilterChainProxy$VirtualFilterChain.doFilter(FilterChainProxy.java:334)\r\n	at org.springframework.security.web.authentication.AbstractAuthenticationProcessingFilter.doFilter(AbstractAuthenticationProcessingFilter.java:200)\r\n	at org.springframework.security.web.FilterChainProxy$VirtualFilterChain.doFilter(FilterChainProxy.java:334)\r\n	at com.aurora.filter.JwtAuthenticationTokenFilter.doFilterInternal(JwtAuthenticationTokenFilter.java:39)\r\n	at org.springframework.web.filter.OncePerRequestFilter.doFilter(OncePerRequestFilter.java:119)\r\n	at org.springframework.security.web.FilterChainProxy$VirtualFilterChain.doFilter(FilterChainProxy.java:334)\r\n	at org.springframework.security.web.authentication.logout.LogoutFilter.doFilter(LogoutFilter.java:116)\r\n	at org.springframework.security.web.FilterChainProxy$VirtualFilterChain.doFilter(FilterChainProxy.java:334)\r\n	at org.springframework.security.web.header.HeaderWriterFilter.doHeadersAfter(HeaderWriterFilter.java:92)\r\n	at org.springframework.security.web.header.HeaderWriterFilter.doFilterInternal(HeaderWriterFilter.java:77)\r\n	at org.springframework.web.filter.OncePerRequestFilter.doFilter(OncePerRequestFilter.java:119)\r\n	at org.springframework.security.web.FilterChainProxy$VirtualFilterChain.doFilter(FilterChainProxy.java:334)\r\n	at org.springframework.security.web.context.SecurityContextPersistenceFilter.doFilter(SecurityContextPersistenceFilter.java:105)\r\n	at org.springframework.security.web.FilterChainProxy$VirtualFilterChain.doFilter(FilterChainProxy.java:334)\r\n	at org.springframework.security.web.context.request.async.WebAsyncManagerIntegrationFilter.doFilterInternal(WebAsyncManagerIntegrationFilter.java:56)\r\n	at org.springframework.web.filter.OncePerRequestFilter.doFilter(OncePerRequestFilter.java:119)\r\n	at org.springframework.security.web.FilterChainProxy$VirtualFilterChain.doFilter(FilterChainProxy.java:334)\r\n	at org.springframework.security.web.FilterChainProxy.doFilterInternal(FilterChainProxy.java:215)\r\n	at org.springframework.security.web.FilterChainProxy.doFilter(FilterChainProxy.java:178)\r\n	at org.springframework.web.filter.DelegatingFilterProxy.invokeDelegate(DelegatingFilterProxy.java:358)\r\n	at org.springframework.web.filter.DelegatingFilterProxy.doFilter(DelegatingFilterProxy.java:271)\r\n	at org.apache.catalina.core.ApplicationFilterChain.internalDoFilter(ApplicationFilterChain.java:193)\r\n	at org.apache.catalina.core.ApplicationFilterChain.doFilter(ApplicationFilterChain.java:166)\r\n	at org.springframework.web.filter.RequestContextFilter.doFilterInternal(RequestContextFilter.java:100)\r\n	at org.springframework.web.filter.OncePerRequestFilter.doFilter(OncePerRequestFilter.java:119)\r\n	at org.apache.catalina.core.ApplicationFilterChain.internalDoFilter(ApplicationFilterChain.java:193)\r\n	at org.apache.catalina.core.ApplicationFilterChain.doFilter(ApplicationFilterChain.java:166)\r\n	at org.springframework.web.filter.FormContentFilter.doFilterInternal(FormContentFilter.java:93)\r\n	at org.springframework.web.filter.OncePerRequestFilter.doFilter(OncePerRequestFilter.java:119)\r\n	at org.apache.catalina.core.ApplicationFilterChain.internalDoFilter(ApplicationFilterChain.java:193)\r\n	at org.apache.catalina.core.ApplicationFilterChain.doFilter(ApplicationFilterChain.java:166)\r\n	at org.springframework.web.filter.CharacterEncodingFilter.doFilterInternal(CharacterEncodingFilter.java:201)\r\n	at org.springframework.web.filter.OncePerRequestFilter.doFilter(OncePerRequestFilter.java:119)\r\n	at org.apache.catalina.core.ApplicationFilterChain.internalDoFilter(ApplicationFilterChain.java:193)\r\n	at org.apache.catalina.core.ApplicationFilterChain.doFilter(ApplicationFilterChain.java:166)\r\n	at org.apache.catalina.core.StandardWrapperValve.invoke(StandardWrapperValve.java:202)\r\n	at org.apache.catalina.core.StandardContextValve.invoke(StandardContextValve.java:97)\r\n	at org.apache.catalina.authenticator.AuthenticatorBase.invoke(AuthenticatorBase.java:542)\r\n	at org.apache.catalina.core.StandardHostValve.invoke(StandardHostValve.java:143)\r\n	at org.apache.catalina.valves.ErrorReportValve.invoke(ErrorReportValve.java:92)\r\n	at org.apache.catalina.core.StandardEngineValve.invoke(StandardEngineValve.java:78)\r\n	at org.apache.catalina.connector.CoyoteAdapter.service(CoyoteAdapter.java:343)\r\n	at org.apache.coyote.http11.Http11Processor.service(Http11Processor.java:374)\r\n	at org.apache.coyote.AbstractProcessorLight.process(AbstractProcessorLight.java:65)\r\n	at org.apache.coyote.AbstractProtocol$ConnectionHandler.process(AbstractProtocol.java:888)\r\n	at org.apache.tomcat.util.net.NioEndpoint$SocketProcessor.doRun(NioEndpoint.java:1597)\r\n	at org.apache.tomcat.util.net.SocketProcessorBase.run(SocketProcessorBase.java:49)\r\n	at java.util.concurrent.ThreadPoolExecutor.runWorker(ThreadPoolExecutor.java:1149)\r\n	at java.util.concurrent.ThreadPoolExecutor$Worker.run(ThreadPoolExecutor.java:624)\r\n	at org.apache.tomcat.util.threads.TaskThread$WrappingRunnable.run(TaskThread.java:61)\r\n	at java.lang.Thread.run(Thread.java:750)\r\nCaused by: java.sql.BatchUpdateException: Data truncation: Data too long for column \'tag_name\' at row 1\r\n	at sun.reflect.NativeConstructorAccessorImpl.newInstance0(Native Method)\r\n	at sun.reflect.NativeConstructorAccessorImpl.newInstance(NativeConstructorAccessorImpl.java:62)\r\n	at sun.reflect.DelegatingConstructorAccessorImpl.newInstance(DelegatingConstructorAccessorImpl.java:45)\r\n	at java.lang.reflect.Constructor.newInstance(Constructor.java:423)\r\n	at com.mysql.cj.util.Util.handleNewInstance(Util.java:192)\r\n	at com.mysql.cj.util.Util.getInstance(Util.java:167)\r\n	at com.mysql.cj.util.Util.getInstance(Util.java:174)\r\n	at com.mysql.cj.jdbc.exceptions.SQLError.createBatchUpdateException(SQLError.java:224)\r\n	at com.mysql.cj.jdbc.ClientPreparedStatement.executeBatchSerially(ClientPreparedStatement.java:853)\r\n	at com.mysql.cj.jdbc.ClientPreparedStatement.executeBatchInternal(ClientPreparedStatement.java:435)\r\n	at com.mysql.cj.jdbc.StatementImpl.executeBatch(StatementImpl.java:796)\r\n	at com.zaxxer.hikari.pool.ProxyStatement.executeBatch(ProxyStatement.java:128)\r\n	at com.zaxxer.hikari.pool.HikariProxyPreparedStatement.executeBatch(HikariProxyPreparedStatement.java)\r\n	at sun.reflect.NativeMethodAccessorImpl.invoke0(Native Method)\r\n	at sun.reflect.NativeMethodAccessorImpl.invoke(NativeMethodAccessorImpl.java:62)\r\n	at sun.reflect.DelegatingMethodAccessorImpl.invoke(DelegatingMethodAccessorImpl.java:43)\r\n	at java.lang.reflect.Method.invoke(Method.java:498)\r\n	at org.apache.ibatis.logging.jdbc.PreparedStatementLogger.invoke(PreparedStatementLogger.java:78)\r\n	at com.sun.proxy.$Proxy188.executeBatch(Unknown Source)\r\n	at com.baomidou.mybatisplus.core.executor.MybatisBatchExecutor.doFlushStatements(MybatisBatchExecutor.java:135)\r\n	at org.apache.ibatis.executor.BaseExecutor.flushStatements(BaseExecutor.java:129)\r\n	at org.apache.ibatis.executor.BaseExecutor.flushStatements(BaseExecutor.java:122)\r\n	at com.baomidou.mybatisplus.core.executor.MybatisCachingExecutor.flushStatements(MybatisCachingExecutor.java:218)\r\n	at sun.reflect.NativeMethodAccessorImpl.invoke0(Native Method)\r\n	at sun.reflect.NativeMethodAccessorImpl.invoke(NativeMethodAccessorImpl.java:62)\r\n	at sun.reflect.DelegatingMethodAccessorImpl.invoke(DelegatingMethodAccessorImpl.java:43)\r\n	at java.lang.reflect.Method.invoke(Method.java:498)\r\n	at org.apache.ibatis.plugin.Plugin.invoke(Plugin.java:63)\r\n	at com.sun.proxy.$Proxy185.flushStatements(Unknown Source)\r\n	at org.apache.ibatis.session.defaults.DefaultSqlSession.flushStatements(DefaultSqlSession.java:252)\r\n	at com.baomidou.mybatisplus.extension.toolkit.SqlHelper.lambda$executeBatch$0(SqlHelper.java:213)\r\n	at com.baomidou.mybatisplus.extension.toolkit.SqlHelper.executeBatch(SqlHelper.java:175)\r\n	... 134 more\r\nCaused by: com.mysql.cj.jdbc.exceptions.MysqlDataTruncation: Data truncation: Data too long for column \'tag_name\' at row 1\r\n	at com.mysql.cj.jdbc.exceptions.SQLExceptionsMapping.translateException(SQLExceptionsMapping.java:104)\r\n	at com.mysql.cj.jdbc.ClientPreparedStatement.executeInternal(ClientPreparedStatement.java:953)\r\n	at com.mysql.cj.jdbc.ClientPreparedStatement.executeUpdateInternal(ClientPreparedStatement.java:1092)\r\n	at com.mysql.cj.jdbc.ClientPreparedStatement.executeBatchSerially(ClientPreparedStatement.java:832)\r\n	... 157 more\r\n', '127.0.0.1', '内网IP|内网IP', '2023-12-29 16:36:28');
INSERT INTO `t_exception_log` VALUES (10, '/admin/articles', 'com.aurora.controller.ArticleController.saveOrUpdateArticle', 'POST', '[{\"articleAbstract\":\"\",\"articleContent\":\" ![image.png](http://boke-yxh.oss-cn-hangzhou.aliyuncs.com/aurora/articles/fbd9518afc3926e5aeb8cffcadb3d66c.png)\\n原因：ib_logfile 文件冲突引起的\\n解决方法：\\n进入data目录下将ib_logfile0、ib_logfile1…文件删除即可\\n\",\"articleCover\":\"http://boke-yxh.oss-cn-hangzhou.aliyuncs.com/aurora/articles/6c5ac065bbb1c878f32f3eae9f00251b.jpg\",\"articleTitle\":\"2023-12-29 \",\"categoryName\":\"docker\",\"isFeatured\":0,\"isTop\":0,\"status\":1,\"tagNames\":[\"docker启动mysql报Restarting (1) 49 seconds ago\"],\"type\":1}]', '保存和修改文章', 'org.springframework.dao.DataIntegrityViolationException: com.aurora.mapper.TagMapper.insert (batch index #1) failed. Cause: java.sql.BatchUpdateException: Data truncation: Data too long for column \'tag_name\' at row 1\n; Data truncation: Data too long for column \'tag_name\' at row 1; nested exception is java.sql.BatchUpdateException: Data truncation: Data too long for column \'tag_name\' at row 1\r\n	at org.springframework.jdbc.support.SQLStateSQLExceptionTranslator.doTranslate(SQLStateSQLExceptionTranslator.java:104)\r\n	at org.springframework.jdbc.support.AbstractFallbackSQLExceptionTranslator.translate(AbstractFallbackSQLExceptionTranslator.java:72)\r\n	at org.springframework.jdbc.support.AbstractFallbackSQLExceptionTranslator.translate(AbstractFallbackSQLExceptionTranslator.java:81)\r\n	at org.springframework.jdbc.support.AbstractFallbackSQLExceptionTranslator.translate(AbstractFallbackSQLExceptionTranslator.java:81)\r\n	at org.mybatis.spring.MyBatisExceptionTranslator.translateExceptionIfPossible(MyBatisExceptionTranslator.java:88)\r\n	at com.baomidou.mybatisplus.extension.toolkit.SqlHelper.executeBatch(SqlHelper.java:185)\r\n	at com.baomidou.mybatisplus.extension.toolkit.SqlHelper.executeBatch(SqlHelper.java:207)\r\n	at com.baomidou.mybatisplus.extension.service.impl.ServiceImpl.executeBatch(ServiceImpl.java:239)\r\n	at com.baomidou.mybatisplus.extension.service.impl.ServiceImpl.saveBatch(ServiceImpl.java:135)\r\n	at com.baomidou.mybatisplus.extension.service.IService.saveBatch(IService.java:73)\r\n	at com.baomidou.mybatisplus.extension.service.IService$$FastClassBySpringCGLIB$$f8525d18.invoke(<generated>)\r\n	at org.springframework.cglib.proxy.MethodProxy.invoke(MethodProxy.java:218)\r\n	at org.springframework.aop.framework.CglibAopProxy$CglibMethodInvocation.invokeJoinpoint(CglibAopProxy.java:771)\r\n	at org.springframework.aop.framework.ReflectiveMethodInvocation.proceed(ReflectiveMethodInvocation.java:163)\r\n	at org.springframework.aop.framework.CglibAopProxy$CglibMethodInvocation.proceed(CglibAopProxy.java:749)\r\n	at org.springframework.transaction.interceptor.TransactionAspectSupport.invokeWithinTransaction(TransactionAspectSupport.java:367)\r\n	at org.springframework.transaction.interceptor.TransactionInterceptor.invoke(TransactionInterceptor.java:118)\r\n	at org.springframework.aop.framework.ReflectiveMethodInvocation.proceed(ReflectiveMethodInvocation.java:186)\r\n	at org.springframework.aop.framework.CglibAopProxy$CglibMethodInvocation.proceed(CglibAopProxy.java:749)\r\n	at org.springframework.aop.framework.CglibAopProxy$DynamicAdvisedInterceptor.intercept(CglibAopProxy.java:691)\r\n	at com.aurora.service.impl.TagServiceImpl$$EnhancerBySpringCGLIB$$7b819d50.saveBatch(<generated>)\r\n	at com.aurora.service.impl.ArticleServiceImpl.saveArticleTag(ArticleServiceImpl.java:361)\r\n	at com.aurora.service.impl.ArticleServiceImpl.saveOrUpdateArticle(ArticleServiceImpl.java:249)\r\n	at com.aurora.service.impl.ArticleServiceImpl$$FastClassBySpringCGLIB$$16e85493.invoke(<generated>)\r\n	at org.springframework.cglib.proxy.MethodProxy.invoke(MethodProxy.java:218)\r\n	at org.springframework.aop.framework.CglibAopProxy$CglibMethodInvocation.invokeJoinpoint(CglibAopProxy.java:771)\r\n	at org.springframework.aop.framework.ReflectiveMethodInvocation.proceed(ReflectiveMethodInvocation.java:163)\r\n	at org.springframework.aop.framework.CglibAopProxy$CglibMethodInvocation.proceed(CglibAopProxy.java:749)\r\n	at org.springframework.transaction.interceptor.TransactionAspectSupport.invokeWithinTransaction(TransactionAspectSupport.java:367)\r\n	at org.springframework.transaction.interceptor.TransactionInterceptor.invoke(TransactionInterceptor.java:118)\r\n	at org.springframework.aop.framework.ReflectiveMethodInvocation.proceed(ReflectiveMethodInvocation.java:186)\r\n	at org.springframework.aop.framework.CglibAopProxy$CglibMethodInvocation.proceed(CglibAopProxy.java:749)\r\n	at org.springframework.aop.framework.CglibAopProxy$DynamicAdvisedInterceptor.intercept(CglibAopProxy.java:691)\r\n	at com.aurora.service.impl.ArticleServiceImpl$$EnhancerBySpringCGLIB$$83ca293c.saveOrUpdateArticle(<generated>)\r\n	at com.aurora.controller.ArticleController.saveOrUpdateArticle(ArticleController.java:89)\r\n	at com.aurora.controller.ArticleController$$FastClassBySpringCGLIB$$b88e9521.invoke(<generated>)\r\n	at org.springframework.cglib.proxy.MethodProxy.invoke(MethodProxy.java:218)\r\n	at org.springframework.aop.framework.CglibAopProxy$CglibMethodInvocation.invokeJoinpoint(CglibAopProxy.java:771)\r\n	at org.springframework.aop.framework.ReflectiveMethodInvocation.proceed(ReflectiveMethodInvocation.java:163)\r\n	at org.springframework.aop.framework.CglibAopProxy$CglibMethodInvocation.proceed(CglibAopProxy.java:749)\r\n	at org.springframework.aop.framework.adapter.AfterReturningAdviceInterceptor.invoke(AfterReturningAdviceInterceptor.java:55)\r\n	at org.springframework.aop.framework.ReflectiveMethodInvocation.proceed(ReflectiveMethodInvocation.java:175)\r\n	at org.springframework.aop.framework.CglibAopProxy$CglibMethodInvocation.proceed(CglibAopProxy.java:749)\r\n	at org.springframework.aop.aspectj.AspectJAfterThrowingAdvice.invoke(AspectJAfterThrowingAdvice.java:62)\r\n	at org.springframework.aop.framework.ReflectiveMethodInvocation.proceed(ReflectiveMethodInvocation.java:186)\r\n	at org.springframework.aop.framework.CglibAopProxy$CglibMethodInvocation.proceed(CglibAopProxy.java:749)\r\n	at org.springframework.aop.interceptor.ExposeInvocationInterceptor.invoke(ExposeInvocationInterceptor.java:95)\r\n	at org.springframework.aop.framework.ReflectiveMethodInvocation.proceed(ReflectiveMethodInvocation.java:186)\r\n	at org.springframework.aop.framework.CglibAopProxy$CglibMethodInvocation.proceed(CglibAopProxy.java:749)\r\n	at org.springframework.aop.framework.CglibAopProxy$DynamicAdvisedInterceptor.intercept(CglibAopProxy.java:691)\r\n	at com.aurora.controller.ArticleController$$EnhancerBySpringCGLIB$$773ecb00.saveOrUpdateArticle(<generated>)\r\n	at sun.reflect.NativeMethodAccessorImpl.invoke0(Native Method)\r\n	at sun.reflect.NativeMethodAccessorImpl.invoke(NativeMethodAccessorImpl.java:62)\r\n	at sun.reflect.DelegatingMethodAccessorImpl.invoke(DelegatingMethodAccessorImpl.java:43)\r\n	at java.lang.reflect.Method.invoke(Method.java:498)\r\n	at org.springframework.web.method.support.InvocableHandlerMethod.doInvoke(InvocableHandlerMethod.java:190)\r\n	at org.springframework.web.method.support.InvocableHandlerMethod.invokeForRequest(InvocableHandlerMethod.java:138)\r\n	at org.springframework.web.servlet.mvc.method.annotation.ServletInvocableHandlerMethod.invokeAndHandle(ServletInvocableHandlerMethod.java:105)\r\n	at org.springframework.web.servlet.mvc.method.annotation.RequestMappingHandlerAdapter.invokeHandlerMethod(RequestMappingHandlerAdapter.java:878)\r\n	at org.springframework.web.servlet.mvc.method.annotation.RequestMappingHandlerAdapter.handleInternal(RequestMappingHandlerAdapter.java:792)\r\n	at org.springframework.web.servlet.mvc.method.AbstractHandlerMethodAdapter.handle(AbstractHandlerMethodAdapter.java:87)\r\n	at org.springframework.web.servlet.DispatcherServlet.doDispatch(DispatcherServlet.java:1040)\r\n	at org.springframework.web.servlet.DispatcherServlet.doService(DispatcherServlet.java:943)\r\n	at org.springframework.web.servlet.FrameworkServlet.processRequest(FrameworkServlet.java:1006)\r\n	at org.springframework.web.servlet.FrameworkServlet.doPost(FrameworkServlet.java:909)\r\n	at javax.servlet.http.HttpServlet.service(HttpServlet.java:652)\r\n	at org.springframework.web.servlet.FrameworkServlet.service(FrameworkServlet.java:883)\r\n	at javax.servlet.http.HttpServlet.service(HttpServlet.java:733)\r\n	at org.apache.catalina.core.ApplicationFilterChain.internalDoFilter(ApplicationFilterChain.java:231)\r\n	at org.apache.catalina.core.ApplicationFilterChain.doFilter(ApplicationFilterChain.java:166)\r\n	at org.apache.tomcat.websocket.server.WsFilter.doFilter(WsFilter.java:53)\r\n	at org.apache.catalina.core.ApplicationFilterChain.internalDoFilter(ApplicationFilterChain.java:193)\r\n	at org.apache.catalina.core.ApplicationFilterChain.doFilter(ApplicationFilterChain.java:166)\r\n	at org.springframework.web.filter.OncePerRequestFilter.doFilter(OncePerRequestFilter.java:113)\r\n	at org.apache.catalina.core.ApplicationFilterChain.internalDoFilter(ApplicationFilterChain.java:193)\r\n	at org.apache.catalina.core.ApplicationFilterChain.doFilter(ApplicationFilterChain.java:166)\r\n	at org.springframework.security.web.FilterChainProxy$VirtualFilterChain.doFilter(FilterChainProxy.java:320)\r\n	at org.springframework.security.web.access.intercept.FilterSecurityInterceptor.invoke(FilterSecurityInterceptor.java:126)\r\n	at org.springframework.security.web.access.intercept.FilterSecurityInterceptor.doFilter(FilterSecurityInterceptor.java:90)\r\n	at org.springframework.security.web.FilterChainProxy$VirtualFilterChain.doFilter(FilterChainProxy.java:334)\r\n	at org.springframework.security.web.access.ExceptionTranslationFilter.doFilter(ExceptionTranslationFilter.java:118)\r\n	at org.springframework.security.web.FilterChainProxy$VirtualFilterChain.doFilter(FilterChainProxy.java:334)\r\n	at org.springframework.security.web.session.SessionManagementFilter.doFilter(SessionManagementFilter.java:137)\r\n	at org.springframework.security.web.FilterChainProxy$VirtualFilterChain.doFilter(FilterChainProxy.java:334)\r\n	at org.springframework.security.web.authentication.AnonymousAuthenticationFilter.doFilter(AnonymousAuthenticationFilter.java:111)\r\n	at org.springframework.security.web.FilterChainProxy$VirtualFilterChain.doFilter(FilterChainProxy.java:334)\r\n	at org.springframework.security.web.servletapi.SecurityContextHolderAwareRequestFilter.doFilter(SecurityContextHolderAwareRequestFilter.java:158)\r\n	at org.springframework.security.web.FilterChainProxy$VirtualFilterChain.doFilter(FilterChainProxy.java:334)\r\n	at org.springframework.security.web.savedrequest.RequestCacheAwareFilter.doFilter(RequestCacheAwareFilter.java:63)\r\n	at org.springframework.security.web.FilterChainProxy$VirtualFilterChain.doFilter(FilterChainProxy.java:334)\r\n	at org.springframework.security.web.authentication.AbstractAuthenticationProcessingFilter.doFilter(AbstractAuthenticationProcessingFilter.java:200)\r\n	at org.springframework.security.web.FilterChainProxy$VirtualFilterChain.doFilter(FilterChainProxy.java:334)\r\n	at com.aurora.filter.JwtAuthenticationTokenFilter.doFilterInternal(JwtAuthenticationTokenFilter.java:39)\r\n	at org.springframework.web.filter.OncePerRequestFilter.doFilter(OncePerRequestFilter.java:119)\r\n	at org.springframework.security.web.FilterChainProxy$VirtualFilterChain.doFilter(FilterChainProxy.java:334)\r\n	at org.springframework.security.web.authentication.logout.LogoutFilter.doFilter(LogoutFilter.java:116)\r\n	at org.springframework.security.web.FilterChainProxy$VirtualFilterChain.doFilter(FilterChainProxy.java:334)\r\n	at org.springframework.security.web.header.HeaderWriterFilter.doHeadersAfter(HeaderWriterFilter.java:92)\r\n	at org.springframework.security.web.header.HeaderWriterFilter.doFilterInternal(HeaderWriterFilter.java:77)\r\n	at org.springframework.web.filter.OncePerRequestFilter.doFilter(OncePerRequestFilter.java:119)\r\n	at org.springframework.security.web.FilterChainProxy$VirtualFilterChain.doFilter(FilterChainProxy.java:334)\r\n	at org.springframework.security.web.context.SecurityContextPersistenceFilter.doFilter(SecurityContextPersistenceFilter.java:105)\r\n	at org.springframework.security.web.FilterChainProxy$VirtualFilterChain.doFilter(FilterChainProxy.java:334)\r\n	at org.springframework.security.web.context.request.async.WebAsyncManagerIntegrationFilter.doFilterInternal(WebAsyncManagerIntegrationFilter.java:56)\r\n	at org.springframework.web.filter.OncePerRequestFilter.doFilter(OncePerRequestFilter.java:119)\r\n	at org.springframework.security.web.FilterChainProxy$VirtualFilterChain.doFilter(FilterChainProxy.java:334)\r\n	at org.springframework.security.web.FilterChainProxy.doFilterInternal(FilterChainProxy.java:215)\r\n	at org.springframework.security.web.FilterChainProxy.doFilter(FilterChainProxy.java:178)\r\n	at org.springframework.web.filter.DelegatingFilterProxy.invokeDelegate(DelegatingFilterProxy.java:358)\r\n	at org.springframework.web.filter.DelegatingFilterProxy.doFilter(DelegatingFilterProxy.java:271)\r\n	at org.apache.catalina.core.ApplicationFilterChain.internalDoFilter(ApplicationFilterChain.java:193)\r\n	at org.apache.catalina.core.ApplicationFilterChain.doFilter(ApplicationFilterChain.java:166)\r\n	at org.springframework.web.filter.RequestContextFilter.doFilterInternal(RequestContextFilter.java:100)\r\n	at org.springframework.web.filter.OncePerRequestFilter.doFilter(OncePerRequestFilter.java:119)\r\n	at org.apache.catalina.core.ApplicationFilterChain.internalDoFilter(ApplicationFilterChain.java:193)\r\n	at org.apache.catalina.core.ApplicationFilterChain.doFilter(ApplicationFilterChain.java:166)\r\n	at org.springframework.web.filter.FormContentFilter.doFilterInternal(FormContentFilter.java:93)\r\n	at org.springframework.web.filter.OncePerRequestFilter.doFilter(OncePerRequestFilter.java:119)\r\n	at org.apache.catalina.core.ApplicationFilterChain.internalDoFilter(ApplicationFilterChain.java:193)\r\n	at org.apache.catalina.core.ApplicationFilterChain.doFilter(ApplicationFilterChain.java:166)\r\n	at org.springframework.web.filter.CharacterEncodingFilter.doFilterInternal(CharacterEncodingFilter.java:201)\r\n	at org.springframework.web.filter.OncePerRequestFilter.doFilter(OncePerRequestFilter.java:119)\r\n	at org.apache.catalina.core.ApplicationFilterChain.internalDoFilter(ApplicationFilterChain.java:193)\r\n	at org.apache.catalina.core.ApplicationFilterChain.doFilter(ApplicationFilterChain.java:166)\r\n	at org.apache.catalina.core.StandardWrapperValve.invoke(StandardWrapperValve.java:202)\r\n	at org.apache.catalina.core.StandardContextValve.invoke(StandardContextValve.java:97)\r\n	at org.apache.catalina.authenticator.AuthenticatorBase.invoke(AuthenticatorBase.java:542)\r\n	at org.apache.catalina.core.StandardHostValve.invoke(StandardHostValve.java:143)\r\n	at org.apache.catalina.valves.ErrorReportValve.invoke(ErrorReportValve.java:92)\r\n	at org.apache.catalina.core.StandardEngineValve.invoke(StandardEngineValve.java:78)\r\n	at org.apache.catalina.connector.CoyoteAdapter.service(CoyoteAdapter.java:343)\r\n	at org.apache.coyote.http11.Http11Processor.service(Http11Processor.java:374)\r\n	at org.apache.coyote.AbstractProcessorLight.process(AbstractProcessorLight.java:65)\r\n	at org.apache.coyote.AbstractProtocol$ConnectionHandler.process(AbstractProtocol.java:888)\r\n	at org.apache.tomcat.util.net.NioEndpoint$SocketProcessor.doRun(NioEndpoint.java:1597)\r\n	at org.apache.tomcat.util.net.SocketProcessorBase.run(SocketProcessorBase.java:49)\r\n	at java.util.concurrent.ThreadPoolExecutor.runWorker(ThreadPoolExecutor.java:1149)\r\n	at java.util.concurrent.ThreadPoolExecutor$Worker.run(ThreadPoolExecutor.java:624)\r\n	at org.apache.tomcat.util.threads.TaskThread$WrappingRunnable.run(TaskThread.java:61)\r\n	at java.lang.Thread.run(Thread.java:750)\r\nCaused by: java.sql.BatchUpdateException: Data truncation: Data too long for column \'tag_name\' at row 1\r\n	at sun.reflect.NativeConstructorAccessorImpl.newInstance0(Native Method)\r\n	at sun.reflect.NativeConstructorAccessorImpl.newInstance(NativeConstructorAccessorImpl.java:62)\r\n	at sun.reflect.DelegatingConstructorAccessorImpl.newInstance(DelegatingConstructorAccessorImpl.java:45)\r\n	at java.lang.reflect.Constructor.newInstance(Constructor.java:423)\r\n	at com.mysql.cj.util.Util.handleNewInstance(Util.java:192)\r\n	at com.mysql.cj.util.Util.getInstance(Util.java:167)\r\n	at com.mysql.cj.util.Util.getInstance(Util.java:174)\r\n	at com.mysql.cj.jdbc.exceptions.SQLError.createBatchUpdateException(SQLError.java:224)\r\n	at com.mysql.cj.jdbc.ClientPreparedStatement.executeBatchSerially(ClientPreparedStatement.java:853)\r\n	at com.mysql.cj.jdbc.ClientPreparedStatement.executeBatchInternal(ClientPreparedStatement.java:435)\r\n	at com.mysql.cj.jdbc.StatementImpl.executeBatch(StatementImpl.java:796)\r\n	at com.zaxxer.hikari.pool.ProxyStatement.executeBatch(ProxyStatement.java:128)\r\n	at com.zaxxer.hikari.pool.HikariProxyPreparedStatement.executeBatch(HikariProxyPreparedStatement.java)\r\n	at sun.reflect.NativeMethodAccessorImpl.invoke0(Native Method)\r\n	at sun.reflect.NativeMethodAccessorImpl.invoke(NativeMethodAccessorImpl.java:62)\r\n	at sun.reflect.DelegatingMethodAccessorImpl.invoke(DelegatingMethodAccessorImpl.java:43)\r\n	at java.lang.reflect.Method.invoke(Method.java:498)\r\n	at org.apache.ibatis.logging.jdbc.PreparedStatementLogger.invoke(PreparedStatementLogger.java:78)\r\n	at com.sun.proxy.$Proxy188.executeBatch(Unknown Source)\r\n	at com.baomidou.mybatisplus.core.executor.MybatisBatchExecutor.doFlushStatements(MybatisBatchExecutor.java:135)\r\n	at org.apache.ibatis.executor.BaseExecutor.flushStatements(BaseExecutor.java:129)\r\n	at org.apache.ibatis.executor.BaseExecutor.flushStatements(BaseExecutor.java:122)\r\n	at com.baomidou.mybatisplus.core.executor.MybatisCachingExecutor.flushStatements(MybatisCachingExecutor.java:218)\r\n	at sun.reflect.NativeMethodAccessorImpl.invoke0(Native Method)\r\n	at sun.reflect.NativeMethodAccessorImpl.invoke(NativeMethodAccessorImpl.java:62)\r\n	at sun.reflect.DelegatingMethodAccessorImpl.invoke(DelegatingMethodAccessorImpl.java:43)\r\n	at java.lang.reflect.Method.invoke(Method.java:498)\r\n	at org.apache.ibatis.plugin.Plugin.invoke(Plugin.java:63)\r\n	at com.sun.proxy.$Proxy185.flushStatements(Unknown Source)\r\n	at org.apache.ibatis.session.defaults.DefaultSqlSession.flushStatements(DefaultSqlSession.java:252)\r\n	at com.baomidou.mybatisplus.extension.toolkit.SqlHelper.lambda$executeBatch$0(SqlHelper.java:213)\r\n	at com.baomidou.mybatisplus.extension.toolkit.SqlHelper.executeBatch(SqlHelper.java:175)\r\n	... 134 more\r\nCaused by: com.mysql.cj.jdbc.exceptions.MysqlDataTruncation: Data truncation: Data too long for column \'tag_name\' at row 1\r\n	at com.mysql.cj.jdbc.exceptions.SQLExceptionsMapping.translateException(SQLExceptionsMapping.java:104)\r\n	at com.mysql.cj.jdbc.ClientPreparedStatement.executeInternal(ClientPreparedStatement.java:953)\r\n	at com.mysql.cj.jdbc.ClientPreparedStatement.executeUpdateInternal(ClientPreparedStatement.java:1092)\r\n	at com.mysql.cj.jdbc.ClientPreparedStatement.executeBatchSerially(ClientPreparedStatement.java:832)\r\n	... 157 more\r\n', '127.0.0.1', '内网IP|内网IP', '2023-12-29 16:36:39');
INSERT INTO `t_exception_log` VALUES (11, '/admin/articles', 'com.aurora.controller.ArticleController.saveOrUpdateArticle', 'POST', '[{\"articleAbstract\":\"\",\"articleContent\":\" \\n原因：ib_logfile 文件冲突引起的\\n解决方法：\\n进入data目录下将ib_logfile0、ib_logfile1…文件删除即可\\n![33.jpg](http://boke-yxh.oss-cn-hangzhou.aliyuncs.com/aurora/articles/916293b0fddc978a4e2feed0215315aa.jpg)\",\"articleCover\":\"http://boke-yxh.oss-cn-hangzhou.aliyuncs.com/aurora/articles/6c5ac065bbb1c878f32f3eae9f00251b.jpg\",\"articleTitle\":\"2023-12-29 \",\"categoryName\":\"docker\",\"isFeatured\":0,\"isTop\":0,\"status\":1,\"tagNames\":[\"docker启动mysql报Restarting (1) 49 seconds ago\"],\"type\":1}]', '保存和修改文章', 'org.springframework.dao.DataIntegrityViolationException: com.aurora.mapper.TagMapper.insert (batch index #1) failed. Cause: java.sql.BatchUpdateException: Data truncation: Data too long for column \'tag_name\' at row 1\n; Data truncation: Data too long for column \'tag_name\' at row 1; nested exception is java.sql.BatchUpdateException: Data truncation: Data too long for column \'tag_name\' at row 1\r\n	at org.springframework.jdbc.support.SQLStateSQLExceptionTranslator.doTranslate(SQLStateSQLExceptionTranslator.java:104)\r\n	at org.springframework.jdbc.support.AbstractFallbackSQLExceptionTranslator.translate(AbstractFallbackSQLExceptionTranslator.java:72)\r\n	at org.springframework.jdbc.support.AbstractFallbackSQLExceptionTranslator.translate(AbstractFallbackSQLExceptionTranslator.java:81)\r\n	at org.springframework.jdbc.support.AbstractFallbackSQLExceptionTranslator.translate(AbstractFallbackSQLExceptionTranslator.java:81)\r\n	at org.mybatis.spring.MyBatisExceptionTranslator.translateExceptionIfPossible(MyBatisExceptionTranslator.java:88)\r\n	at com.baomidou.mybatisplus.extension.toolkit.SqlHelper.executeBatch(SqlHelper.java:185)\r\n	at com.baomidou.mybatisplus.extension.toolkit.SqlHelper.executeBatch(SqlHelper.java:207)\r\n	at com.baomidou.mybatisplus.extension.service.impl.ServiceImpl.executeBatch(ServiceImpl.java:239)\r\n	at com.baomidou.mybatisplus.extension.service.impl.ServiceImpl.saveBatch(ServiceImpl.java:135)\r\n	at com.baomidou.mybatisplus.extension.service.IService.saveBatch(IService.java:73)\r\n	at com.baomidou.mybatisplus.extension.service.IService$$FastClassBySpringCGLIB$$f8525d18.invoke(<generated>)\r\n	at org.springframework.cglib.proxy.MethodProxy.invoke(MethodProxy.java:218)\r\n	at org.springframework.aop.framework.CglibAopProxy$CglibMethodInvocation.invokeJoinpoint(CglibAopProxy.java:771)\r\n	at org.springframework.aop.framework.ReflectiveMethodInvocation.proceed(ReflectiveMethodInvocation.java:163)\r\n	at org.springframework.aop.framework.CglibAopProxy$CglibMethodInvocation.proceed(CglibAopProxy.java:749)\r\n	at org.springframework.transaction.interceptor.TransactionAspectSupport.invokeWithinTransaction(TransactionAspectSupport.java:367)\r\n	at org.springframework.transaction.interceptor.TransactionInterceptor.invoke(TransactionInterceptor.java:118)\r\n	at org.springframework.aop.framework.ReflectiveMethodInvocation.proceed(ReflectiveMethodInvocation.java:186)\r\n	at org.springframework.aop.framework.CglibAopProxy$CglibMethodInvocation.proceed(CglibAopProxy.java:749)\r\n	at org.springframework.aop.framework.CglibAopProxy$DynamicAdvisedInterceptor.intercept(CglibAopProxy.java:691)\r\n	at com.aurora.service.impl.TagServiceImpl$$EnhancerBySpringCGLIB$$7b819d50.saveBatch(<generated>)\r\n	at com.aurora.service.impl.ArticleServiceImpl.saveArticleTag(ArticleServiceImpl.java:361)\r\n	at com.aurora.service.impl.ArticleServiceImpl.saveOrUpdateArticle(ArticleServiceImpl.java:249)\r\n	at com.aurora.service.impl.ArticleServiceImpl$$FastClassBySpringCGLIB$$16e85493.invoke(<generated>)\r\n	at org.springframework.cglib.proxy.MethodProxy.invoke(MethodProxy.java:218)\r\n	at org.springframework.aop.framework.CglibAopProxy$CglibMethodInvocation.invokeJoinpoint(CglibAopProxy.java:771)\r\n	at org.springframework.aop.framework.ReflectiveMethodInvocation.proceed(ReflectiveMethodInvocation.java:163)\r\n	at org.springframework.aop.framework.CglibAopProxy$CglibMethodInvocation.proceed(CglibAopProxy.java:749)\r\n	at org.springframework.transaction.interceptor.TransactionAspectSupport.invokeWithinTransaction(TransactionAspectSupport.java:367)\r\n	at org.springframework.transaction.interceptor.TransactionInterceptor.invoke(TransactionInterceptor.java:118)\r\n	at org.springframework.aop.framework.ReflectiveMethodInvocation.proceed(ReflectiveMethodInvocation.java:186)\r\n	at org.springframework.aop.framework.CglibAopProxy$CglibMethodInvocation.proceed(CglibAopProxy.java:749)\r\n	at org.springframework.aop.framework.CglibAopProxy$DynamicAdvisedInterceptor.intercept(CglibAopProxy.java:691)\r\n	at com.aurora.service.impl.ArticleServiceImpl$$EnhancerBySpringCGLIB$$83ca293c.saveOrUpdateArticle(<generated>)\r\n	at com.aurora.controller.ArticleController.saveOrUpdateArticle(ArticleController.java:89)\r\n	at com.aurora.controller.ArticleController$$FastClassBySpringCGLIB$$b88e9521.invoke(<generated>)\r\n	at org.springframework.cglib.proxy.MethodProxy.invoke(MethodProxy.java:218)\r\n	at org.springframework.aop.framework.CglibAopProxy$CglibMethodInvocation.invokeJoinpoint(CglibAopProxy.java:771)\r\n	at org.springframework.aop.framework.ReflectiveMethodInvocation.proceed(ReflectiveMethodInvocation.java:163)\r\n	at org.springframework.aop.framework.CglibAopProxy$CglibMethodInvocation.proceed(CglibAopProxy.java:749)\r\n	at org.springframework.aop.framework.adapter.AfterReturningAdviceInterceptor.invoke(AfterReturningAdviceInterceptor.java:55)\r\n	at org.springframework.aop.framework.ReflectiveMethodInvocation.proceed(ReflectiveMethodInvocation.java:175)\r\n	at org.springframework.aop.framework.CglibAopProxy$CglibMethodInvocation.proceed(CglibAopProxy.java:749)\r\n	at org.springframework.aop.aspectj.AspectJAfterThrowingAdvice.invoke(AspectJAfterThrowingAdvice.java:62)\r\n	at org.springframework.aop.framework.ReflectiveMethodInvocation.proceed(ReflectiveMethodInvocation.java:186)\r\n	at org.springframework.aop.framework.CglibAopProxy$CglibMethodInvocation.proceed(CglibAopProxy.java:749)\r\n	at org.springframework.aop.interceptor.ExposeInvocationInterceptor.invoke(ExposeInvocationInterceptor.java:95)\r\n	at org.springframework.aop.framework.ReflectiveMethodInvocation.proceed(ReflectiveMethodInvocation.java:186)\r\n	at org.springframework.aop.framework.CglibAopProxy$CglibMethodInvocation.proceed(CglibAopProxy.java:749)\r\n	at org.springframework.aop.framework.CglibAopProxy$DynamicAdvisedInterceptor.intercept(CglibAopProxy.java:691)\r\n	at com.aurora.controller.ArticleController$$EnhancerBySpringCGLIB$$773ecb00.saveOrUpdateArticle(<generated>)\r\n	at sun.reflect.NativeMethodAccessorImpl.invoke0(Native Method)\r\n	at sun.reflect.NativeMethodAccessorImpl.invoke(NativeMethodAccessorImpl.java:62)\r\n	at sun.reflect.DelegatingMethodAccessorImpl.invoke(DelegatingMethodAccessorImpl.java:43)\r\n	at java.lang.reflect.Method.invoke(Method.java:498)\r\n	at org.springframework.web.method.support.InvocableHandlerMethod.doInvoke(InvocableHandlerMethod.java:190)\r\n	at org.springframework.web.method.support.InvocableHandlerMethod.invokeForRequest(InvocableHandlerMethod.java:138)\r\n	at org.springframework.web.servlet.mvc.method.annotation.ServletInvocableHandlerMethod.invokeAndHandle(ServletInvocableHandlerMethod.java:105)\r\n	at org.springframework.web.servlet.mvc.method.annotation.RequestMappingHandlerAdapter.invokeHandlerMethod(RequestMappingHandlerAdapter.java:878)\r\n	at org.springframework.web.servlet.mvc.method.annotation.RequestMappingHandlerAdapter.handleInternal(RequestMappingHandlerAdapter.java:792)\r\n	at org.springframework.web.servlet.mvc.method.AbstractHandlerMethodAdapter.handle(AbstractHandlerMethodAdapter.java:87)\r\n	at org.springframework.web.servlet.DispatcherServlet.doDispatch(DispatcherServlet.java:1040)\r\n	at org.springframework.web.servlet.DispatcherServlet.doService(DispatcherServlet.java:943)\r\n	at org.springframework.web.servlet.FrameworkServlet.processRequest(FrameworkServlet.java:1006)\r\n	at org.springframework.web.servlet.FrameworkServlet.doPost(FrameworkServlet.java:909)\r\n	at javax.servlet.http.HttpServlet.service(HttpServlet.java:652)\r\n	at org.springframework.web.servlet.FrameworkServlet.service(FrameworkServlet.java:883)\r\n	at javax.servlet.http.HttpServlet.service(HttpServlet.java:733)\r\n	at org.apache.catalina.core.ApplicationFilterChain.internalDoFilter(ApplicationFilterChain.java:231)\r\n	at org.apache.catalina.core.ApplicationFilterChain.doFilter(ApplicationFilterChain.java:166)\r\n	at org.apache.tomcat.websocket.server.WsFilter.doFilter(WsFilter.java:53)\r\n	at org.apache.catalina.core.ApplicationFilterChain.internalDoFilter(ApplicationFilterChain.java:193)\r\n	at org.apache.catalina.core.ApplicationFilterChain.doFilter(ApplicationFilterChain.java:166)\r\n	at org.springframework.web.filter.OncePerRequestFilter.doFilter(OncePerRequestFilter.java:113)\r\n	at org.apache.catalina.core.ApplicationFilterChain.internalDoFilter(ApplicationFilterChain.java:193)\r\n	at org.apache.catalina.core.ApplicationFilterChain.doFilter(ApplicationFilterChain.java:166)\r\n	at org.springframework.security.web.FilterChainProxy$VirtualFilterChain.doFilter(FilterChainProxy.java:320)\r\n	at org.springframework.security.web.access.intercept.FilterSecurityInterceptor.invoke(FilterSecurityInterceptor.java:126)\r\n	at org.springframework.security.web.access.intercept.FilterSecurityInterceptor.doFilter(FilterSecurityInterceptor.java:90)\r\n	at org.springframework.security.web.FilterChainProxy$VirtualFilterChain.doFilter(FilterChainProxy.java:334)\r\n	at org.springframework.security.web.access.ExceptionTranslationFilter.doFilter(ExceptionTranslationFilter.java:118)\r\n	at org.springframework.security.web.FilterChainProxy$VirtualFilterChain.doFilter(FilterChainProxy.java:334)\r\n	at org.springframework.security.web.session.SessionManagementFilter.doFilter(SessionManagementFilter.java:137)\r\n	at org.springframework.security.web.FilterChainProxy$VirtualFilterChain.doFilter(FilterChainProxy.java:334)\r\n	at org.springframework.security.web.authentication.AnonymousAuthenticationFilter.doFilter(AnonymousAuthenticationFilter.java:111)\r\n	at org.springframework.security.web.FilterChainProxy$VirtualFilterChain.doFilter(FilterChainProxy.java:334)\r\n	at org.springframework.security.web.servletapi.SecurityContextHolderAwareRequestFilter.doFilter(SecurityContextHolderAwareRequestFilter.java:158)\r\n	at org.springframework.security.web.FilterChainProxy$VirtualFilterChain.doFilter(FilterChainProxy.java:334)\r\n	at org.springframework.security.web.savedrequest.RequestCacheAwareFilter.doFilter(RequestCacheAwareFilter.java:63)\r\n	at org.springframework.security.web.FilterChainProxy$VirtualFilterChain.doFilter(FilterChainProxy.java:334)\r\n	at org.springframework.security.web.authentication.AbstractAuthenticationProcessingFilter.doFilter(AbstractAuthenticationProcessingFilter.java:200)\r\n	at org.springframework.security.web.FilterChainProxy$VirtualFilterChain.doFilter(FilterChainProxy.java:334)\r\n	at com.aurora.filter.JwtAuthenticationTokenFilter.doFilterInternal(JwtAuthenticationTokenFilter.java:39)\r\n	at org.springframework.web.filter.OncePerRequestFilter.doFilter(OncePerRequestFilter.java:119)\r\n	at org.springframework.security.web.FilterChainProxy$VirtualFilterChain.doFilter(FilterChainProxy.java:334)\r\n	at org.springframework.security.web.authentication.logout.LogoutFilter.doFilter(LogoutFilter.java:116)\r\n	at org.springframework.security.web.FilterChainProxy$VirtualFilterChain.doFilter(FilterChainProxy.java:334)\r\n	at org.springframework.security.web.header.HeaderWriterFilter.doHeadersAfter(HeaderWriterFilter.java:92)\r\n	at org.springframework.security.web.header.HeaderWriterFilter.doFilterInternal(HeaderWriterFilter.java:77)\r\n	at org.springframework.web.filter.OncePerRequestFilter.doFilter(OncePerRequestFilter.java:119)\r\n	at org.springframework.security.web.FilterChainProxy$VirtualFilterChain.doFilter(FilterChainProxy.java:334)\r\n	at org.springframework.security.web.context.SecurityContextPersistenceFilter.doFilter(SecurityContextPersistenceFilter.java:105)\r\n	at org.springframework.security.web.FilterChainProxy$VirtualFilterChain.doFilter(FilterChainProxy.java:334)\r\n	at org.springframework.security.web.context.request.async.WebAsyncManagerIntegrationFilter.doFilterInternal(WebAsyncManagerIntegrationFilter.java:56)\r\n	at org.springframework.web.filter.OncePerRequestFilter.doFilter(OncePerRequestFilter.java:119)\r\n	at org.springframework.security.web.FilterChainProxy$VirtualFilterChain.doFilter(FilterChainProxy.java:334)\r\n	at org.springframework.security.web.FilterChainProxy.doFilterInternal(FilterChainProxy.java:215)\r\n	at org.springframework.security.web.FilterChainProxy.doFilter(FilterChainProxy.java:178)\r\n	at org.springframework.web.filter.DelegatingFilterProxy.invokeDelegate(DelegatingFilterProxy.java:358)\r\n	at org.springframework.web.filter.DelegatingFilterProxy.doFilter(DelegatingFilterProxy.java:271)\r\n	at org.apache.catalina.core.ApplicationFilterChain.internalDoFilter(ApplicationFilterChain.java:193)\r\n	at org.apache.catalina.core.ApplicationFilterChain.doFilter(ApplicationFilterChain.java:166)\r\n	at org.springframework.web.filter.RequestContextFilter.doFilterInternal(RequestContextFilter.java:100)\r\n	at org.springframework.web.filter.OncePerRequestFilter.doFilter(OncePerRequestFilter.java:119)\r\n	at org.apache.catalina.core.ApplicationFilterChain.internalDoFilter(ApplicationFilterChain.java:193)\r\n	at org.apache.catalina.core.ApplicationFilterChain.doFilter(ApplicationFilterChain.java:166)\r\n	at org.springframework.web.filter.FormContentFilter.doFilterInternal(FormContentFilter.java:93)\r\n	at org.springframework.web.filter.OncePerRequestFilter.doFilter(OncePerRequestFilter.java:119)\r\n	at org.apache.catalina.core.ApplicationFilterChain.internalDoFilter(ApplicationFilterChain.java:193)\r\n	at org.apache.catalina.core.ApplicationFilterChain.doFilter(ApplicationFilterChain.java:166)\r\n	at org.springframework.web.filter.CharacterEncodingFilter.doFilterInternal(CharacterEncodingFilter.java:201)\r\n	at org.springframework.web.filter.OncePerRequestFilter.doFilter(OncePerRequestFilter.java:119)\r\n	at org.apache.catalina.core.ApplicationFilterChain.internalDoFilter(ApplicationFilterChain.java:193)\r\n	at org.apache.catalina.core.ApplicationFilterChain.doFilter(ApplicationFilterChain.java:166)\r\n	at org.apache.catalina.core.StandardWrapperValve.invoke(StandardWrapperValve.java:202)\r\n	at org.apache.catalina.core.StandardContextValve.invoke(StandardContextValve.java:97)\r\n	at org.apache.catalina.authenticator.AuthenticatorBase.invoke(AuthenticatorBase.java:542)\r\n	at org.apache.catalina.core.StandardHostValve.invoke(StandardHostValve.java:143)\r\n	at org.apache.catalina.valves.ErrorReportValve.invoke(ErrorReportValve.java:92)\r\n	at org.apache.catalina.core.StandardEngineValve.invoke(StandardEngineValve.java:78)\r\n	at org.apache.catalina.connector.CoyoteAdapter.service(CoyoteAdapter.java:343)\r\n	at org.apache.coyote.http11.Http11Processor.service(Http11Processor.java:374)\r\n	at org.apache.coyote.AbstractProcessorLight.process(AbstractProcessorLight.java:65)\r\n	at org.apache.coyote.AbstractProtocol$ConnectionHandler.process(AbstractProtocol.java:888)\r\n	at org.apache.tomcat.util.net.NioEndpoint$SocketProcessor.doRun(NioEndpoint.java:1597)\r\n	at org.apache.tomcat.util.net.SocketProcessorBase.run(SocketProcessorBase.java:49)\r\n	at java.util.concurrent.ThreadPoolExecutor.runWorker(ThreadPoolExecutor.java:1149)\r\n	at java.util.concurrent.ThreadPoolExecutor$Worker.run(ThreadPoolExecutor.java:624)\r\n	at org.apache.tomcat.util.threads.TaskThread$WrappingRunnable.run(TaskThread.java:61)\r\n	at java.lang.Thread.run(Thread.java:750)\r\nCaused by: java.sql.BatchUpdateException: Data truncation: Data too long for column \'tag_name\' at row 1\r\n	at sun.reflect.NativeConstructorAccessorImpl.newInstance0(Native Method)\r\n	at sun.reflect.NativeConstructorAccessorImpl.newInstance(NativeConstructorAccessorImpl.java:62)\r\n	at sun.reflect.DelegatingConstructorAccessorImpl.newInstance(DelegatingConstructorAccessorImpl.java:45)\r\n	at java.lang.reflect.Constructor.newInstance(Constructor.java:423)\r\n	at com.mysql.cj.util.Util.handleNewInstance(Util.java:192)\r\n	at com.mysql.cj.util.Util.getInstance(Util.java:167)\r\n	at com.mysql.cj.util.Util.getInstance(Util.java:174)\r\n	at com.mysql.cj.jdbc.exceptions.SQLError.createBatchUpdateException(SQLError.java:224)\r\n	at com.mysql.cj.jdbc.ClientPreparedStatement.executeBatchSerially(ClientPreparedStatement.java:853)\r\n	at com.mysql.cj.jdbc.ClientPreparedStatement.executeBatchInternal(ClientPreparedStatement.java:435)\r\n	at com.mysql.cj.jdbc.StatementImpl.executeBatch(StatementImpl.java:796)\r\n	at com.zaxxer.hikari.pool.ProxyStatement.executeBatch(ProxyStatement.java:128)\r\n	at com.zaxxer.hikari.pool.HikariProxyPreparedStatement.executeBatch(HikariProxyPreparedStatement.java)\r\n	at sun.reflect.NativeMethodAccessorImpl.invoke0(Native Method)\r\n	at sun.reflect.NativeMethodAccessorImpl.invoke(NativeMethodAccessorImpl.java:62)\r\n	at sun.reflect.DelegatingMethodAccessorImpl.invoke(DelegatingMethodAccessorImpl.java:43)\r\n	at java.lang.reflect.Method.invoke(Method.java:498)\r\n	at org.apache.ibatis.logging.jdbc.PreparedStatementLogger.invoke(PreparedStatementLogger.java:78)\r\n	at com.sun.proxy.$Proxy188.executeBatch(Unknown Source)\r\n	at com.baomidou.mybatisplus.core.executor.MybatisBatchExecutor.doFlushStatements(MybatisBatchExecutor.java:135)\r\n	at org.apache.ibatis.executor.BaseExecutor.flushStatements(BaseExecutor.java:129)\r\n	at org.apache.ibatis.executor.BaseExecutor.flushStatements(BaseExecutor.java:122)\r\n	at com.baomidou.mybatisplus.core.executor.MybatisCachingExecutor.flushStatements(MybatisCachingExecutor.java:218)\r\n	at sun.reflect.NativeMethodAccessorImpl.invoke0(Native Method)\r\n	at sun.reflect.NativeMethodAccessorImpl.invoke(NativeMethodAccessorImpl.java:62)\r\n	at sun.reflect.DelegatingMethodAccessorImpl.invoke(DelegatingMethodAccessorImpl.java:43)\r\n	at java.lang.reflect.Method.invoke(Method.java:498)\r\n	at org.apache.ibatis.plugin.Plugin.invoke(Plugin.java:63)\r\n	at com.sun.proxy.$Proxy185.flushStatements(Unknown Source)\r\n	at org.apache.ibatis.session.defaults.DefaultSqlSession.flushStatements(DefaultSqlSession.java:252)\r\n	at com.baomidou.mybatisplus.extension.toolkit.SqlHelper.lambda$executeBatch$0(SqlHelper.java:213)\r\n	at com.baomidou.mybatisplus.extension.toolkit.SqlHelper.executeBatch(SqlHelper.java:175)\r\n	... 134 more\r\nCaused by: com.mysql.cj.jdbc.exceptions.MysqlDataTruncation: Data truncation: Data too long for column \'tag_name\' at row 1\r\n	at com.mysql.cj.jdbc.exceptions.SQLExceptionsMapping.translateException(SQLExceptionsMapping.java:104)\r\n	at com.mysql.cj.jdbc.ClientPreparedStatement.executeInternal(ClientPreparedStatement.java:953)\r\n	at com.mysql.cj.jdbc.ClientPreparedStatement.executeUpdateInternal(ClientPreparedStatement.java:1092)\r\n	at com.mysql.cj.jdbc.ClientPreparedStatement.executeBatchSerially(ClientPreparedStatement.java:832)\r\n	... 157 more\r\n', '127.0.0.1', '内网IP|内网IP', '2023-12-29 16:37:06');
INSERT INTO `t_exception_log` VALUES (12, '/admin/articles', 'com.aurora.controller.ArticleController.saveOrUpdateArticle', 'POST', '[{\"articleAbstract\":\"\",\"articleContent\":\" \\n原因：ib_logfile 文件冲突引起的\\n解决方法：\\n进入data目录下将ib_logfile0、ib_logfile1…文件删除即可\\n\",\"articleCover\":\"http://boke-yxh.oss-cn-hangzhou.aliyuncs.com/aurora/articles/6c5ac065bbb1c878f32f3eae9f00251b.jpg\",\"articleTitle\":\"2023-12-29 \",\"categoryName\":\"docker\",\"isFeatured\":0,\"isTop\":0,\"status\":1,\"tagNames\":[\"docker启动mysql报Restarting (1) 49 seconds ago\"],\"type\":1}]', '保存和修改文章', 'org.springframework.dao.DataIntegrityViolationException: com.aurora.mapper.TagMapper.insert (batch index #1) failed. Cause: java.sql.BatchUpdateException: Data truncation: Data too long for column \'tag_name\' at row 1\n; Data truncation: Data too long for column \'tag_name\' at row 1; nested exception is java.sql.BatchUpdateException: Data truncation: Data too long for column \'tag_name\' at row 1\r\n	at org.springframework.jdbc.support.SQLStateSQLExceptionTranslator.doTranslate(SQLStateSQLExceptionTranslator.java:104)\r\n	at org.springframework.jdbc.support.AbstractFallbackSQLExceptionTranslator.translate(AbstractFallbackSQLExceptionTranslator.java:72)\r\n	at org.springframework.jdbc.support.AbstractFallbackSQLExceptionTranslator.translate(AbstractFallbackSQLExceptionTranslator.java:81)\r\n	at org.springframework.jdbc.support.AbstractFallbackSQLExceptionTranslator.translate(AbstractFallbackSQLExceptionTranslator.java:81)\r\n	at org.mybatis.spring.MyBatisExceptionTranslator.translateExceptionIfPossible(MyBatisExceptionTranslator.java:88)\r\n	at com.baomidou.mybatisplus.extension.toolkit.SqlHelper.executeBatch(SqlHelper.java:185)\r\n	at com.baomidou.mybatisplus.extension.toolkit.SqlHelper.executeBatch(SqlHelper.java:207)\r\n	at com.baomidou.mybatisplus.extension.service.impl.ServiceImpl.executeBatch(ServiceImpl.java:239)\r\n	at com.baomidou.mybatisplus.extension.service.impl.ServiceImpl.saveBatch(ServiceImpl.java:135)\r\n	at com.baomidou.mybatisplus.extension.service.IService.saveBatch(IService.java:73)\r\n	at com.baomidou.mybatisplus.extension.service.IService$$FastClassBySpringCGLIB$$f8525d18.invoke(<generated>)\r\n	at org.springframework.cglib.proxy.MethodProxy.invoke(MethodProxy.java:218)\r\n	at org.springframework.aop.framework.CglibAopProxy$CglibMethodInvocation.invokeJoinpoint(CglibAopProxy.java:771)\r\n	at org.springframework.aop.framework.ReflectiveMethodInvocation.proceed(ReflectiveMethodInvocation.java:163)\r\n	at org.springframework.aop.framework.CglibAopProxy$CglibMethodInvocation.proceed(CglibAopProxy.java:749)\r\n	at org.springframework.transaction.interceptor.TransactionAspectSupport.invokeWithinTransaction(TransactionAspectSupport.java:367)\r\n	at org.springframework.transaction.interceptor.TransactionInterceptor.invoke(TransactionInterceptor.java:118)\r\n	at org.springframework.aop.framework.ReflectiveMethodInvocation.proceed(ReflectiveMethodInvocation.java:186)\r\n	at org.springframework.aop.framework.CglibAopProxy$CglibMethodInvocation.proceed(CglibAopProxy.java:749)\r\n	at org.springframework.aop.framework.CglibAopProxy$DynamicAdvisedInterceptor.intercept(CglibAopProxy.java:691)\r\n	at com.aurora.service.impl.TagServiceImpl$$EnhancerBySpringCGLIB$$7b819d50.saveBatch(<generated>)\r\n	at com.aurora.service.impl.ArticleServiceImpl.saveArticleTag(ArticleServiceImpl.java:361)\r\n	at com.aurora.service.impl.ArticleServiceImpl.saveOrUpdateArticle(ArticleServiceImpl.java:249)\r\n	at com.aurora.service.impl.ArticleServiceImpl$$FastClassBySpringCGLIB$$16e85493.invoke(<generated>)\r\n	at org.springframework.cglib.proxy.MethodProxy.invoke(MethodProxy.java:218)\r\n	at org.springframework.aop.framework.CglibAopProxy$CglibMethodInvocation.invokeJoinpoint(CglibAopProxy.java:771)\r\n	at org.springframework.aop.framework.ReflectiveMethodInvocation.proceed(ReflectiveMethodInvocation.java:163)\r\n	at org.springframework.aop.framework.CglibAopProxy$CglibMethodInvocation.proceed(CglibAopProxy.java:749)\r\n	at org.springframework.transaction.interceptor.TransactionAspectSupport.invokeWithinTransaction(TransactionAspectSupport.java:367)\r\n	at org.springframework.transaction.interceptor.TransactionInterceptor.invoke(TransactionInterceptor.java:118)\r\n	at org.springframework.aop.framework.ReflectiveMethodInvocation.proceed(ReflectiveMethodInvocation.java:186)\r\n	at org.springframework.aop.framework.CglibAopProxy$CglibMethodInvocation.proceed(CglibAopProxy.java:749)\r\n	at org.springframework.aop.framework.CglibAopProxy$DynamicAdvisedInterceptor.intercept(CglibAopProxy.java:691)\r\n	at com.aurora.service.impl.ArticleServiceImpl$$EnhancerBySpringCGLIB$$83ca293c.saveOrUpdateArticle(<generated>)\r\n	at com.aurora.controller.ArticleController.saveOrUpdateArticle(ArticleController.java:89)\r\n	at com.aurora.controller.ArticleController$$FastClassBySpringCGLIB$$b88e9521.invoke(<generated>)\r\n	at org.springframework.cglib.proxy.MethodProxy.invoke(MethodProxy.java:218)\r\n	at org.springframework.aop.framework.CglibAopProxy$CglibMethodInvocation.invokeJoinpoint(CglibAopProxy.java:771)\r\n	at org.springframework.aop.framework.ReflectiveMethodInvocation.proceed(ReflectiveMethodInvocation.java:163)\r\n	at org.springframework.aop.framework.CglibAopProxy$CglibMethodInvocation.proceed(CglibAopProxy.java:749)\r\n	at org.springframework.aop.framework.adapter.AfterReturningAdviceInterceptor.invoke(AfterReturningAdviceInterceptor.java:55)\r\n	at org.springframework.aop.framework.ReflectiveMethodInvocation.proceed(ReflectiveMethodInvocation.java:175)\r\n	at org.springframework.aop.framework.CglibAopProxy$CglibMethodInvocation.proceed(CglibAopProxy.java:749)\r\n	at org.springframework.aop.aspectj.AspectJAfterThrowingAdvice.invoke(AspectJAfterThrowingAdvice.java:62)\r\n	at org.springframework.aop.framework.ReflectiveMethodInvocation.proceed(ReflectiveMethodInvocation.java:186)\r\n	at org.springframework.aop.framework.CglibAopProxy$CglibMethodInvocation.proceed(CglibAopProxy.java:749)\r\n	at org.springframework.aop.interceptor.ExposeInvocationInterceptor.invoke(ExposeInvocationInterceptor.java:95)\r\n	at org.springframework.aop.framework.ReflectiveMethodInvocation.proceed(ReflectiveMethodInvocation.java:186)\r\n	at org.springframework.aop.framework.CglibAopProxy$CglibMethodInvocation.proceed(CglibAopProxy.java:749)\r\n	at org.springframework.aop.framework.CglibAopProxy$DynamicAdvisedInterceptor.intercept(CglibAopProxy.java:691)\r\n	at com.aurora.controller.ArticleController$$EnhancerBySpringCGLIB$$773ecb00.saveOrUpdateArticle(<generated>)\r\n	at sun.reflect.NativeMethodAccessorImpl.invoke0(Native Method)\r\n	at sun.reflect.NativeMethodAccessorImpl.invoke(NativeMethodAccessorImpl.java:62)\r\n	at sun.reflect.DelegatingMethodAccessorImpl.invoke(DelegatingMethodAccessorImpl.java:43)\r\n	at java.lang.reflect.Method.invoke(Method.java:498)\r\n	at org.springframework.web.method.support.InvocableHandlerMethod.doInvoke(InvocableHandlerMethod.java:190)\r\n	at org.springframework.web.method.support.InvocableHandlerMethod.invokeForRequest(InvocableHandlerMethod.java:138)\r\n	at org.springframework.web.servlet.mvc.method.annotation.ServletInvocableHandlerMethod.invokeAndHandle(ServletInvocableHandlerMethod.java:105)\r\n	at org.springframework.web.servlet.mvc.method.annotation.RequestMappingHandlerAdapter.invokeHandlerMethod(RequestMappingHandlerAdapter.java:878)\r\n	at org.springframework.web.servlet.mvc.method.annotation.RequestMappingHandlerAdapter.handleInternal(RequestMappingHandlerAdapter.java:792)\r\n	at org.springframework.web.servlet.mvc.method.AbstractHandlerMethodAdapter.handle(AbstractHandlerMethodAdapter.java:87)\r\n	at org.springframework.web.servlet.DispatcherServlet.doDispatch(DispatcherServlet.java:1040)\r\n	at org.springframework.web.servlet.DispatcherServlet.doService(DispatcherServlet.java:943)\r\n	at org.springframework.web.servlet.FrameworkServlet.processRequest(FrameworkServlet.java:1006)\r\n	at org.springframework.web.servlet.FrameworkServlet.doPost(FrameworkServlet.java:909)\r\n	at javax.servlet.http.HttpServlet.service(HttpServlet.java:652)\r\n	at org.springframework.web.servlet.FrameworkServlet.service(FrameworkServlet.java:883)\r\n	at javax.servlet.http.HttpServlet.service(HttpServlet.java:733)\r\n	at org.apache.catalina.core.ApplicationFilterChain.internalDoFilter(ApplicationFilterChain.java:231)\r\n	at org.apache.catalina.core.ApplicationFilterChain.doFilter(ApplicationFilterChain.java:166)\r\n	at org.apache.tomcat.websocket.server.WsFilter.doFilter(WsFilter.java:53)\r\n	at org.apache.catalina.core.ApplicationFilterChain.internalDoFilter(ApplicationFilterChain.java:193)\r\n	at org.apache.catalina.core.ApplicationFilterChain.doFilter(ApplicationFilterChain.java:166)\r\n	at org.springframework.web.filter.OncePerRequestFilter.doFilter(OncePerRequestFilter.java:113)\r\n	at org.apache.catalina.core.ApplicationFilterChain.internalDoFilter(ApplicationFilterChain.java:193)\r\n	at org.apache.catalina.core.ApplicationFilterChain.doFilter(ApplicationFilterChain.java:166)\r\n	at org.springframework.security.web.FilterChainProxy$VirtualFilterChain.doFilter(FilterChainProxy.java:320)\r\n	at org.springframework.security.web.access.intercept.FilterSecurityInterceptor.invoke(FilterSecurityInterceptor.java:126)\r\n	at org.springframework.security.web.access.intercept.FilterSecurityInterceptor.doFilter(FilterSecurityInterceptor.java:90)\r\n	at org.springframework.security.web.FilterChainProxy$VirtualFilterChain.doFilter(FilterChainProxy.java:334)\r\n	at org.springframework.security.web.access.ExceptionTranslationFilter.doFilter(ExceptionTranslationFilter.java:118)\r\n	at org.springframework.security.web.FilterChainProxy$VirtualFilterChain.doFilter(FilterChainProxy.java:334)\r\n	at org.springframework.security.web.session.SessionManagementFilter.doFilter(SessionManagementFilter.java:137)\r\n	at org.springframework.security.web.FilterChainProxy$VirtualFilterChain.doFilter(FilterChainProxy.java:334)\r\n	at org.springframework.security.web.authentication.AnonymousAuthenticationFilter.doFilter(AnonymousAuthenticationFilter.java:111)\r\n	at org.springframework.security.web.FilterChainProxy$VirtualFilterChain.doFilter(FilterChainProxy.java:334)\r\n	at org.springframework.security.web.servletapi.SecurityContextHolderAwareRequestFilter.doFilter(SecurityContextHolderAwareRequestFilter.java:158)\r\n	at org.springframework.security.web.FilterChainProxy$VirtualFilterChain.doFilter(FilterChainProxy.java:334)\r\n	at org.springframework.security.web.savedrequest.RequestCacheAwareFilter.doFilter(RequestCacheAwareFilter.java:63)\r\n	at org.springframework.security.web.FilterChainProxy$VirtualFilterChain.doFilter(FilterChainProxy.java:334)\r\n	at org.springframework.security.web.authentication.AbstractAuthenticationProcessingFilter.doFilter(AbstractAuthenticationProcessingFilter.java:200)\r\n	at org.springframework.security.web.FilterChainProxy$VirtualFilterChain.doFilter(FilterChainProxy.java:334)\r\n	at com.aurora.filter.JwtAuthenticationTokenFilter.doFilterInternal(JwtAuthenticationTokenFilter.java:39)\r\n	at org.springframework.web.filter.OncePerRequestFilter.doFilter(OncePerRequestFilter.java:119)\r\n	at org.springframework.security.web.FilterChainProxy$VirtualFilterChain.doFilter(FilterChainProxy.java:334)\r\n	at org.springframework.security.web.authentication.logout.LogoutFilter.doFilter(LogoutFilter.java:116)\r\n	at org.springframework.security.web.FilterChainProxy$VirtualFilterChain.doFilter(FilterChainProxy.java:334)\r\n	at org.springframework.security.web.header.HeaderWriterFilter.doHeadersAfter(HeaderWriterFilter.java:92)\r\n	at org.springframework.security.web.header.HeaderWriterFilter.doFilterInternal(HeaderWriterFilter.java:77)\r\n	at org.springframework.web.filter.OncePerRequestFilter.doFilter(OncePerRequestFilter.java:119)\r\n	at org.springframework.security.web.FilterChainProxy$VirtualFilterChain.doFilter(FilterChainProxy.java:334)\r\n	at org.springframework.security.web.context.SecurityContextPersistenceFilter.doFilter(SecurityContextPersistenceFilter.java:105)\r\n	at org.springframework.security.web.FilterChainProxy$VirtualFilterChain.doFilter(FilterChainProxy.java:334)\r\n	at org.springframework.security.web.context.request.async.WebAsyncManagerIntegrationFilter.doFilterInternal(WebAsyncManagerIntegrationFilter.java:56)\r\n	at org.springframework.web.filter.OncePerRequestFilter.doFilter(OncePerRequestFilter.java:119)\r\n	at org.springframework.security.web.FilterChainProxy$VirtualFilterChain.doFilter(FilterChainProxy.java:334)\r\n	at org.springframework.security.web.FilterChainProxy.doFilterInternal(FilterChainProxy.java:215)\r\n	at org.springframework.security.web.FilterChainProxy.doFilter(FilterChainProxy.java:178)\r\n	at org.springframework.web.filter.DelegatingFilterProxy.invokeDelegate(DelegatingFilterProxy.java:358)\r\n	at org.springframework.web.filter.DelegatingFilterProxy.doFilter(DelegatingFilterProxy.java:271)\r\n	at org.apache.catalina.core.ApplicationFilterChain.internalDoFilter(ApplicationFilterChain.java:193)\r\n	at org.apache.catalina.core.ApplicationFilterChain.doFilter(ApplicationFilterChain.java:166)\r\n	at org.springframework.web.filter.RequestContextFilter.doFilterInternal(RequestContextFilter.java:100)\r\n	at org.springframework.web.filter.OncePerRequestFilter.doFilter(OncePerRequestFilter.java:119)\r\n	at org.apache.catalina.core.ApplicationFilterChain.internalDoFilter(ApplicationFilterChain.java:193)\r\n	at org.apache.catalina.core.ApplicationFilterChain.doFilter(ApplicationFilterChain.java:166)\r\n	at org.springframework.web.filter.FormContentFilter.doFilterInternal(FormContentFilter.java:93)\r\n	at org.springframework.web.filter.OncePerRequestFilter.doFilter(OncePerRequestFilter.java:119)\r\n	at org.apache.catalina.core.ApplicationFilterChain.internalDoFilter(ApplicationFilterChain.java:193)\r\n	at org.apache.catalina.core.ApplicationFilterChain.doFilter(ApplicationFilterChain.java:166)\r\n	at org.springframework.web.filter.CharacterEncodingFilter.doFilterInternal(CharacterEncodingFilter.java:201)\r\n	at org.springframework.web.filter.OncePerRequestFilter.doFilter(OncePerRequestFilter.java:119)\r\n	at org.apache.catalina.core.ApplicationFilterChain.internalDoFilter(ApplicationFilterChain.java:193)\r\n	at org.apache.catalina.core.ApplicationFilterChain.doFilter(ApplicationFilterChain.java:166)\r\n	at org.apache.catalina.core.StandardWrapperValve.invoke(StandardWrapperValve.java:202)\r\n	at org.apache.catalina.core.StandardContextValve.invoke(StandardContextValve.java:97)\r\n	at org.apache.catalina.authenticator.AuthenticatorBase.invoke(AuthenticatorBase.java:542)\r\n	at org.apache.catalina.core.StandardHostValve.invoke(StandardHostValve.java:143)\r\n	at org.apache.catalina.valves.ErrorReportValve.invoke(ErrorReportValve.java:92)\r\n	at org.apache.catalina.core.StandardEngineValve.invoke(StandardEngineValve.java:78)\r\n	at org.apache.catalina.connector.CoyoteAdapter.service(CoyoteAdapter.java:343)\r\n	at org.apache.coyote.http11.Http11Processor.service(Http11Processor.java:374)\r\n	at org.apache.coyote.AbstractProcessorLight.process(AbstractProcessorLight.java:65)\r\n	at org.apache.coyote.AbstractProtocol$ConnectionHandler.process(AbstractProtocol.java:888)\r\n	at org.apache.tomcat.util.net.NioEndpoint$SocketProcessor.doRun(NioEndpoint.java:1597)\r\n	at org.apache.tomcat.util.net.SocketProcessorBase.run(SocketProcessorBase.java:49)\r\n	at java.util.concurrent.ThreadPoolExecutor.runWorker(ThreadPoolExecutor.java:1149)\r\n	at java.util.concurrent.ThreadPoolExecutor$Worker.run(ThreadPoolExecutor.java:624)\r\n	at org.apache.tomcat.util.threads.TaskThread$WrappingRunnable.run(TaskThread.java:61)\r\n	at java.lang.Thread.run(Thread.java:750)\r\nCaused by: java.sql.BatchUpdateException: Data truncation: Data too long for column \'tag_name\' at row 1\r\n	at sun.reflect.NativeConstructorAccessorImpl.newInstance0(Native Method)\r\n	at sun.reflect.NativeConstructorAccessorImpl.newInstance(NativeConstructorAccessorImpl.java:62)\r\n	at sun.reflect.DelegatingConstructorAccessorImpl.newInstance(DelegatingConstructorAccessorImpl.java:45)\r\n	at java.lang.reflect.Constructor.newInstance(Constructor.java:423)\r\n	at com.mysql.cj.util.Util.handleNewInstance(Util.java:192)\r\n	at com.mysql.cj.util.Util.getInstance(Util.java:167)\r\n	at com.mysql.cj.util.Util.getInstance(Util.java:174)\r\n	at com.mysql.cj.jdbc.exceptions.SQLError.createBatchUpdateException(SQLError.java:224)\r\n	at com.mysql.cj.jdbc.ClientPreparedStatement.executeBatchSerially(ClientPreparedStatement.java:853)\r\n	at com.mysql.cj.jdbc.ClientPreparedStatement.executeBatchInternal(ClientPreparedStatement.java:435)\r\n	at com.mysql.cj.jdbc.StatementImpl.executeBatch(StatementImpl.java:796)\r\n	at com.zaxxer.hikari.pool.ProxyStatement.executeBatch(ProxyStatement.java:128)\r\n	at com.zaxxer.hikari.pool.HikariProxyPreparedStatement.executeBatch(HikariProxyPreparedStatement.java)\r\n	at sun.reflect.NativeMethodAccessorImpl.invoke0(Native Method)\r\n	at sun.reflect.NativeMethodAccessorImpl.invoke(NativeMethodAccessorImpl.java:62)\r\n	at sun.reflect.DelegatingMethodAccessorImpl.invoke(DelegatingMethodAccessorImpl.java:43)\r\n	at java.lang.reflect.Method.invoke(Method.java:498)\r\n	at org.apache.ibatis.logging.jdbc.PreparedStatementLogger.invoke(PreparedStatementLogger.java:78)\r\n	at com.sun.proxy.$Proxy188.executeBatch(Unknown Source)\r\n	at com.baomidou.mybatisplus.core.executor.MybatisBatchExecutor.doFlushStatements(MybatisBatchExecutor.java:135)\r\n	at org.apache.ibatis.executor.BaseExecutor.flushStatements(BaseExecutor.java:129)\r\n	at org.apache.ibatis.executor.BaseExecutor.flushStatements(BaseExecutor.java:122)\r\n	at com.baomidou.mybatisplus.core.executor.MybatisCachingExecutor.flushStatements(MybatisCachingExecutor.java:218)\r\n	at sun.reflect.NativeMethodAccessorImpl.invoke0(Native Method)\r\n	at sun.reflect.NativeMethodAccessorImpl.invoke(NativeMethodAccessorImpl.java:62)\r\n	at sun.reflect.DelegatingMethodAccessorImpl.invoke(DelegatingMethodAccessorImpl.java:43)\r\n	at java.lang.reflect.Method.invoke(Method.java:498)\r\n	at org.apache.ibatis.plugin.Plugin.invoke(Plugin.java:63)\r\n	at com.sun.proxy.$Proxy185.flushStatements(Unknown Source)\r\n	at org.apache.ibatis.session.defaults.DefaultSqlSession.flushStatements(DefaultSqlSession.java:252)\r\n	at com.baomidou.mybatisplus.extension.toolkit.SqlHelper.lambda$executeBatch$0(SqlHelper.java:213)\r\n	at com.baomidou.mybatisplus.extension.toolkit.SqlHelper.executeBatch(SqlHelper.java:175)\r\n	... 134 more\r\nCaused by: com.mysql.cj.jdbc.exceptions.MysqlDataTruncation: Data truncation: Data too long for column \'tag_name\' at row 1\r\n	at com.mysql.cj.jdbc.exceptions.SQLExceptionsMapping.translateException(SQLExceptionsMapping.java:104)\r\n	at com.mysql.cj.jdbc.ClientPreparedStatement.executeInternal(ClientPreparedStatement.java:953)\r\n	at com.mysql.cj.jdbc.ClientPreparedStatement.executeUpdateInternal(ClientPreparedStatement.java:1092)\r\n	at com.mysql.cj.jdbc.ClientPreparedStatement.executeBatchSerially(ClientPreparedStatement.java:832)\r\n	... 157 more\r\n', '127.0.0.1', '内网IP|内网IP', '2023-12-29 16:37:15');
INSERT INTO `t_exception_log` VALUES (13, '/admin/articles', 'com.aurora.controller.ArticleController.saveOrUpdateArticle', 'POST', '[{\"articleAbstract\":\"\",\"articleContent\":\" \\n原因：ib_logfile 文件冲突引起的\\n解决方法：\\n进入data目录下将ib_logfile0、ib_logfile1…文件删除即可\\n\",\"articleCover\":\"http://boke-yxh.oss-cn-hangzhou.aliyuncs.com/aurora/articles/6c5ac065bbb1c878f32f3eae9f00251b.jpg\",\"articleTitle\":\"2023-12-29 \",\"categoryName\":\"docker\",\"isFeatured\":0,\"isTop\":0,\"status\":1,\"tagNames\":[\"docker启动mysql报Restarting (1) 49 seconds ago\"],\"type\":1}]', '保存和修改文章', 'org.springframework.dao.DataIntegrityViolationException: com.aurora.mapper.TagMapper.insert (batch index #1) failed. Cause: java.sql.BatchUpdateException: Data truncation: Data too long for column \'tag_name\' at row 1\n; Data truncation: Data too long for column \'tag_name\' at row 1; nested exception is java.sql.BatchUpdateException: Data truncation: Data too long for column \'tag_name\' at row 1\r\n	at org.springframework.jdbc.support.SQLStateSQLExceptionTranslator.doTranslate(SQLStateSQLExceptionTranslator.java:104)\r\n	at org.springframework.jdbc.support.AbstractFallbackSQLExceptionTranslator.translate(AbstractFallbackSQLExceptionTranslator.java:72)\r\n	at org.springframework.jdbc.support.AbstractFallbackSQLExceptionTranslator.translate(AbstractFallbackSQLExceptionTranslator.java:81)\r\n	at org.springframework.jdbc.support.AbstractFallbackSQLExceptionTranslator.translate(AbstractFallbackSQLExceptionTranslator.java:81)\r\n	at org.mybatis.spring.MyBatisExceptionTranslator.translateExceptionIfPossible(MyBatisExceptionTranslator.java:88)\r\n	at com.baomidou.mybatisplus.extension.toolkit.SqlHelper.executeBatch(SqlHelper.java:185)\r\n	at com.baomidou.mybatisplus.extension.toolkit.SqlHelper.executeBatch(SqlHelper.java:207)\r\n	at com.baomidou.mybatisplus.extension.service.impl.ServiceImpl.executeBatch(ServiceImpl.java:239)\r\n	at com.baomidou.mybatisplus.extension.service.impl.ServiceImpl.saveBatch(ServiceImpl.java:135)\r\n	at com.baomidou.mybatisplus.extension.service.IService.saveBatch(IService.java:73)\r\n	at com.baomidou.mybatisplus.extension.service.IService$$FastClassBySpringCGLIB$$f8525d18.invoke(<generated>)\r\n	at org.springframework.cglib.proxy.MethodProxy.invoke(MethodProxy.java:218)\r\n	at org.springframework.aop.framework.CglibAopProxy$CglibMethodInvocation.invokeJoinpoint(CglibAopProxy.java:771)\r\n	at org.springframework.aop.framework.ReflectiveMethodInvocation.proceed(ReflectiveMethodInvocation.java:163)\r\n	at org.springframework.aop.framework.CglibAopProxy$CglibMethodInvocation.proceed(CglibAopProxy.java:749)\r\n	at org.springframework.transaction.interceptor.TransactionAspectSupport.invokeWithinTransaction(TransactionAspectSupport.java:367)\r\n	at org.springframework.transaction.interceptor.TransactionInterceptor.invoke(TransactionInterceptor.java:118)\r\n	at org.springframework.aop.framework.ReflectiveMethodInvocation.proceed(ReflectiveMethodInvocation.java:186)\r\n	at org.springframework.aop.framework.CglibAopProxy$CglibMethodInvocation.proceed(CglibAopProxy.java:749)\r\n	at org.springframework.aop.framework.CglibAopProxy$DynamicAdvisedInterceptor.intercept(CglibAopProxy.java:691)\r\n	at com.aurora.service.impl.TagServiceImpl$$EnhancerBySpringCGLIB$$7b819d50.saveBatch(<generated>)\r\n	at com.aurora.service.impl.ArticleServiceImpl.saveArticleTag(ArticleServiceImpl.java:361)\r\n	at com.aurora.service.impl.ArticleServiceImpl.saveOrUpdateArticle(ArticleServiceImpl.java:249)\r\n	at com.aurora.service.impl.ArticleServiceImpl$$FastClassBySpringCGLIB$$16e85493.invoke(<generated>)\r\n	at org.springframework.cglib.proxy.MethodProxy.invoke(MethodProxy.java:218)\r\n	at org.springframework.aop.framework.CglibAopProxy$CglibMethodInvocation.invokeJoinpoint(CglibAopProxy.java:771)\r\n	at org.springframework.aop.framework.ReflectiveMethodInvocation.proceed(ReflectiveMethodInvocation.java:163)\r\n	at org.springframework.aop.framework.CglibAopProxy$CglibMethodInvocation.proceed(CglibAopProxy.java:749)\r\n	at org.springframework.transaction.interceptor.TransactionAspectSupport.invokeWithinTransaction(TransactionAspectSupport.java:367)\r\n	at org.springframework.transaction.interceptor.TransactionInterceptor.invoke(TransactionInterceptor.java:118)\r\n	at org.springframework.aop.framework.ReflectiveMethodInvocation.proceed(ReflectiveMethodInvocation.java:186)\r\n	at org.springframework.aop.framework.CglibAopProxy$CglibMethodInvocation.proceed(CglibAopProxy.java:749)\r\n	at org.springframework.aop.framework.CglibAopProxy$DynamicAdvisedInterceptor.intercept(CglibAopProxy.java:691)\r\n	at com.aurora.service.impl.ArticleServiceImpl$$EnhancerBySpringCGLIB$$83ca293c.saveOrUpdateArticle(<generated>)\r\n	at com.aurora.controller.ArticleController.saveOrUpdateArticle(ArticleController.java:89)\r\n	at com.aurora.controller.ArticleController$$FastClassBySpringCGLIB$$b88e9521.invoke(<generated>)\r\n	at org.springframework.cglib.proxy.MethodProxy.invoke(MethodProxy.java:218)\r\n	at org.springframework.aop.framework.CglibAopProxy$CglibMethodInvocation.invokeJoinpoint(CglibAopProxy.java:771)\r\n	at org.springframework.aop.framework.ReflectiveMethodInvocation.proceed(ReflectiveMethodInvocation.java:163)\r\n	at org.springframework.aop.framework.CglibAopProxy$CglibMethodInvocation.proceed(CglibAopProxy.java:749)\r\n	at org.springframework.aop.framework.adapter.AfterReturningAdviceInterceptor.invoke(AfterReturningAdviceInterceptor.java:55)\r\n	at org.springframework.aop.framework.ReflectiveMethodInvocation.proceed(ReflectiveMethodInvocation.java:175)\r\n	at org.springframework.aop.framework.CglibAopProxy$CglibMethodInvocation.proceed(CglibAopProxy.java:749)\r\n	at org.springframework.aop.aspectj.AspectJAfterThrowingAdvice.invoke(AspectJAfterThrowingAdvice.java:62)\r\n	at org.springframework.aop.framework.ReflectiveMethodInvocation.proceed(ReflectiveMethodInvocation.java:186)\r\n	at org.springframework.aop.framework.CglibAopProxy$CglibMethodInvocation.proceed(CglibAopProxy.java:749)\r\n	at org.springframework.aop.interceptor.ExposeInvocationInterceptor.invoke(ExposeInvocationInterceptor.java:95)\r\n	at org.springframework.aop.framework.ReflectiveMethodInvocation.proceed(ReflectiveMethodInvocation.java:186)\r\n	at org.springframework.aop.framework.CglibAopProxy$CglibMethodInvocation.proceed(CglibAopProxy.java:749)\r\n	at org.springframework.aop.framework.CglibAopProxy$DynamicAdvisedInterceptor.intercept(CglibAopProxy.java:691)\r\n	at com.aurora.controller.ArticleController$$EnhancerBySpringCGLIB$$773ecb00.saveOrUpdateArticle(<generated>)\r\n	at sun.reflect.NativeMethodAccessorImpl.invoke0(Native Method)\r\n	at sun.reflect.NativeMethodAccessorImpl.invoke(NativeMethodAccessorImpl.java:62)\r\n	at sun.reflect.DelegatingMethodAccessorImpl.invoke(DelegatingMethodAccessorImpl.java:43)\r\n	at java.lang.reflect.Method.invoke(Method.java:498)\r\n	at org.springframework.web.method.support.InvocableHandlerMethod.doInvoke(InvocableHandlerMethod.java:190)\r\n	at org.springframework.web.method.support.InvocableHandlerMethod.invokeForRequest(InvocableHandlerMethod.java:138)\r\n	at org.springframework.web.servlet.mvc.method.annotation.ServletInvocableHandlerMethod.invokeAndHandle(ServletInvocableHandlerMethod.java:105)\r\n	at org.springframework.web.servlet.mvc.method.annotation.RequestMappingHandlerAdapter.invokeHandlerMethod(RequestMappingHandlerAdapter.java:878)\r\n	at org.springframework.web.servlet.mvc.method.annotation.RequestMappingHandlerAdapter.handleInternal(RequestMappingHandlerAdapter.java:792)\r\n	at org.springframework.web.servlet.mvc.method.AbstractHandlerMethodAdapter.handle(AbstractHandlerMethodAdapter.java:87)\r\n	at org.springframework.web.servlet.DispatcherServlet.doDispatch(DispatcherServlet.java:1040)\r\n	at org.springframework.web.servlet.DispatcherServlet.doService(DispatcherServlet.java:943)\r\n	at org.springframework.web.servlet.FrameworkServlet.processRequest(FrameworkServlet.java:1006)\r\n	at org.springframework.web.servlet.FrameworkServlet.doPost(FrameworkServlet.java:909)\r\n	at javax.servlet.http.HttpServlet.service(HttpServlet.java:652)\r\n	at org.springframework.web.servlet.FrameworkServlet.service(FrameworkServlet.java:883)\r\n	at javax.servlet.http.HttpServlet.service(HttpServlet.java:733)\r\n	at org.apache.catalina.core.ApplicationFilterChain.internalDoFilter(ApplicationFilterChain.java:231)\r\n	at org.apache.catalina.core.ApplicationFilterChain.doFilter(ApplicationFilterChain.java:166)\r\n	at org.apache.tomcat.websocket.server.WsFilter.doFilter(WsFilter.java:53)\r\n	at org.apache.catalina.core.ApplicationFilterChain.internalDoFilter(ApplicationFilterChain.java:193)\r\n	at org.apache.catalina.core.ApplicationFilterChain.doFilter(ApplicationFilterChain.java:166)\r\n	at org.springframework.web.filter.OncePerRequestFilter.doFilter(OncePerRequestFilter.java:113)\r\n	at org.apache.catalina.core.ApplicationFilterChain.internalDoFilter(ApplicationFilterChain.java:193)\r\n	at org.apache.catalina.core.ApplicationFilterChain.doFilter(ApplicationFilterChain.java:166)\r\n	at org.springframework.security.web.FilterChainProxy$VirtualFilterChain.doFilter(FilterChainProxy.java:320)\r\n	at org.springframework.security.web.access.intercept.FilterSecurityInterceptor.invoke(FilterSecurityInterceptor.java:126)\r\n	at org.springframework.security.web.access.intercept.FilterSecurityInterceptor.doFilter(FilterSecurityInterceptor.java:90)\r\n	at org.springframework.security.web.FilterChainProxy$VirtualFilterChain.doFilter(FilterChainProxy.java:334)\r\n	at org.springframework.security.web.access.ExceptionTranslationFilter.doFilter(ExceptionTranslationFilter.java:118)\r\n	at org.springframework.security.web.FilterChainProxy$VirtualFilterChain.doFilter(FilterChainProxy.java:334)\r\n	at org.springframework.security.web.session.SessionManagementFilter.doFilter(SessionManagementFilter.java:137)\r\n	at org.springframework.security.web.FilterChainProxy$VirtualFilterChain.doFilter(FilterChainProxy.java:334)\r\n	at org.springframework.security.web.authentication.AnonymousAuthenticationFilter.doFilter(AnonymousAuthenticationFilter.java:111)\r\n	at org.springframework.security.web.FilterChainProxy$VirtualFilterChain.doFilter(FilterChainProxy.java:334)\r\n	at org.springframework.security.web.servletapi.SecurityContextHolderAwareRequestFilter.doFilter(SecurityContextHolderAwareRequestFilter.java:158)\r\n	at org.springframework.security.web.FilterChainProxy$VirtualFilterChain.doFilter(FilterChainProxy.java:334)\r\n	at org.springframework.security.web.savedrequest.RequestCacheAwareFilter.doFilter(RequestCacheAwareFilter.java:63)\r\n	at org.springframework.security.web.FilterChainProxy$VirtualFilterChain.doFilter(FilterChainProxy.java:334)\r\n	at org.springframework.security.web.authentication.AbstractAuthenticationProcessingFilter.doFilter(AbstractAuthenticationProcessingFilter.java:200)\r\n	at org.springframework.security.web.FilterChainProxy$VirtualFilterChain.doFilter(FilterChainProxy.java:334)\r\n	at com.aurora.filter.JwtAuthenticationTokenFilter.doFilterInternal(JwtAuthenticationTokenFilter.java:39)\r\n	at org.springframework.web.filter.OncePerRequestFilter.doFilter(OncePerRequestFilter.java:119)\r\n	at org.springframework.security.web.FilterChainProxy$VirtualFilterChain.doFilter(FilterChainProxy.java:334)\r\n	at org.springframework.security.web.authentication.logout.LogoutFilter.doFilter(LogoutFilter.java:116)\r\n	at org.springframework.security.web.FilterChainProxy$VirtualFilterChain.doFilter(FilterChainProxy.java:334)\r\n	at org.springframework.security.web.header.HeaderWriterFilter.doHeadersAfter(HeaderWriterFilter.java:92)\r\n	at org.springframework.security.web.header.HeaderWriterFilter.doFilterInternal(HeaderWriterFilter.java:77)\r\n	at org.springframework.web.filter.OncePerRequestFilter.doFilter(OncePerRequestFilter.java:119)\r\n	at org.springframework.security.web.FilterChainProxy$VirtualFilterChain.doFilter(FilterChainProxy.java:334)\r\n	at org.springframework.security.web.context.SecurityContextPersistenceFilter.doFilter(SecurityContextPersistenceFilter.java:105)\r\n	at org.springframework.security.web.FilterChainProxy$VirtualFilterChain.doFilter(FilterChainProxy.java:334)\r\n	at org.springframework.security.web.context.request.async.WebAsyncManagerIntegrationFilter.doFilterInternal(WebAsyncManagerIntegrationFilter.java:56)\r\n	at org.springframework.web.filter.OncePerRequestFilter.doFilter(OncePerRequestFilter.java:119)\r\n	at org.springframework.security.web.FilterChainProxy$VirtualFilterChain.doFilter(FilterChainProxy.java:334)\r\n	at org.springframework.security.web.FilterChainProxy.doFilterInternal(FilterChainProxy.java:215)\r\n	at org.springframework.security.web.FilterChainProxy.doFilter(FilterChainProxy.java:178)\r\n	at org.springframework.web.filter.DelegatingFilterProxy.invokeDelegate(DelegatingFilterProxy.java:358)\r\n	at org.springframework.web.filter.DelegatingFilterProxy.doFilter(DelegatingFilterProxy.java:271)\r\n	at org.apache.catalina.core.ApplicationFilterChain.internalDoFilter(ApplicationFilterChain.java:193)\r\n	at org.apache.catalina.core.ApplicationFilterChain.doFilter(ApplicationFilterChain.java:166)\r\n	at org.springframework.web.filter.RequestContextFilter.doFilterInternal(RequestContextFilter.java:100)\r\n	at org.springframework.web.filter.OncePerRequestFilter.doFilter(OncePerRequestFilter.java:119)\r\n	at org.apache.catalina.core.ApplicationFilterChain.internalDoFilter(ApplicationFilterChain.java:193)\r\n	at org.apache.catalina.core.ApplicationFilterChain.doFilter(ApplicationFilterChain.java:166)\r\n	at org.springframework.web.filter.FormContentFilter.doFilterInternal(FormContentFilter.java:93)\r\n	at org.springframework.web.filter.OncePerRequestFilter.doFilter(OncePerRequestFilter.java:119)\r\n	at org.apache.catalina.core.ApplicationFilterChain.internalDoFilter(ApplicationFilterChain.java:193)\r\n	at org.apache.catalina.core.ApplicationFilterChain.doFilter(ApplicationFilterChain.java:166)\r\n	at org.springframework.web.filter.CharacterEncodingFilter.doFilterInternal(CharacterEncodingFilter.java:201)\r\n	at org.springframework.web.filter.OncePerRequestFilter.doFilter(OncePerRequestFilter.java:119)\r\n	at org.apache.catalina.core.ApplicationFilterChain.internalDoFilter(ApplicationFilterChain.java:193)\r\n	at org.apache.catalina.core.ApplicationFilterChain.doFilter(ApplicationFilterChain.java:166)\r\n	at org.apache.catalina.core.StandardWrapperValve.invoke(StandardWrapperValve.java:202)\r\n	at org.apache.catalina.core.StandardContextValve.invoke(StandardContextValve.java:97)\r\n	at org.apache.catalina.authenticator.AuthenticatorBase.invoke(AuthenticatorBase.java:542)\r\n	at org.apache.catalina.core.StandardHostValve.invoke(StandardHostValve.java:143)\r\n	at org.apache.catalina.valves.ErrorReportValve.invoke(ErrorReportValve.java:92)\r\n	at org.apache.catalina.core.StandardEngineValve.invoke(StandardEngineValve.java:78)\r\n	at org.apache.catalina.connector.CoyoteAdapter.service(CoyoteAdapter.java:343)\r\n	at org.apache.coyote.http11.Http11Processor.service(Http11Processor.java:374)\r\n	at org.apache.coyote.AbstractProcessorLight.process(AbstractProcessorLight.java:65)\r\n	at org.apache.coyote.AbstractProtocol$ConnectionHandler.process(AbstractProtocol.java:888)\r\n	at org.apache.tomcat.util.net.NioEndpoint$SocketProcessor.doRun(NioEndpoint.java:1597)\r\n	at org.apache.tomcat.util.net.SocketProcessorBase.run(SocketProcessorBase.java:49)\r\n	at java.util.concurrent.ThreadPoolExecutor.runWorker(ThreadPoolExecutor.java:1149)\r\n	at java.util.concurrent.ThreadPoolExecutor$Worker.run(ThreadPoolExecutor.java:624)\r\n	at org.apache.tomcat.util.threads.TaskThread$WrappingRunnable.run(TaskThread.java:61)\r\n	at java.lang.Thread.run(Thread.java:750)\r\nCaused by: java.sql.BatchUpdateException: Data truncation: Data too long for column \'tag_name\' at row 1\r\n	at sun.reflect.NativeConstructorAccessorImpl.newInstance0(Native Method)\r\n	at sun.reflect.NativeConstructorAccessorImpl.newInstance(NativeConstructorAccessorImpl.java:62)\r\n	at sun.reflect.DelegatingConstructorAccessorImpl.newInstance(DelegatingConstructorAccessorImpl.java:45)\r\n	at java.lang.reflect.Constructor.newInstance(Constructor.java:423)\r\n	at com.mysql.cj.util.Util.handleNewInstance(Util.java:192)\r\n	at com.mysql.cj.util.Util.getInstance(Util.java:167)\r\n	at com.mysql.cj.util.Util.getInstance(Util.java:174)\r\n	at com.mysql.cj.jdbc.exceptions.SQLError.createBatchUpdateException(SQLError.java:224)\r\n	at com.mysql.cj.jdbc.ClientPreparedStatement.executeBatchSerially(ClientPreparedStatement.java:853)\r\n	at com.mysql.cj.jdbc.ClientPreparedStatement.executeBatchInternal(ClientPreparedStatement.java:435)\r\n	at com.mysql.cj.jdbc.StatementImpl.executeBatch(StatementImpl.java:796)\r\n	at com.zaxxer.hikari.pool.ProxyStatement.executeBatch(ProxyStatement.java:128)\r\n	at com.zaxxer.hikari.pool.HikariProxyPreparedStatement.executeBatch(HikariProxyPreparedStatement.java)\r\n	at sun.reflect.NativeMethodAccessorImpl.invoke0(Native Method)\r\n	at sun.reflect.NativeMethodAccessorImpl.invoke(NativeMethodAccessorImpl.java:62)\r\n	at sun.reflect.DelegatingMethodAccessorImpl.invoke(DelegatingMethodAccessorImpl.java:43)\r\n	at java.lang.reflect.Method.invoke(Method.java:498)\r\n	at org.apache.ibatis.logging.jdbc.PreparedStatementLogger.invoke(PreparedStatementLogger.java:78)\r\n	at com.sun.proxy.$Proxy188.executeBatch(Unknown Source)\r\n	at com.baomidou.mybatisplus.core.executor.MybatisBatchExecutor.doFlushStatements(MybatisBatchExecutor.java:135)\r\n	at org.apache.ibatis.executor.BaseExecutor.flushStatements(BaseExecutor.java:129)\r\n	at org.apache.ibatis.executor.BaseExecutor.flushStatements(BaseExecutor.java:122)\r\n	at com.baomidou.mybatisplus.core.executor.MybatisCachingExecutor.flushStatements(MybatisCachingExecutor.java:218)\r\n	at sun.reflect.NativeMethodAccessorImpl.invoke0(Native Method)\r\n	at sun.reflect.NativeMethodAccessorImpl.invoke(NativeMethodAccessorImpl.java:62)\r\n	at sun.reflect.DelegatingMethodAccessorImpl.invoke(DelegatingMethodAccessorImpl.java:43)\r\n	at java.lang.reflect.Method.invoke(Method.java:498)\r\n	at org.apache.ibatis.plugin.Plugin.invoke(Plugin.java:63)\r\n	at com.sun.proxy.$Proxy185.flushStatements(Unknown Source)\r\n	at org.apache.ibatis.session.defaults.DefaultSqlSession.flushStatements(DefaultSqlSession.java:252)\r\n	at com.baomidou.mybatisplus.extension.toolkit.SqlHelper.lambda$executeBatch$0(SqlHelper.java:213)\r\n	at com.baomidou.mybatisplus.extension.toolkit.SqlHelper.executeBatch(SqlHelper.java:175)\r\n	... 134 more\r\nCaused by: com.mysql.cj.jdbc.exceptions.MysqlDataTruncation: Data truncation: Data too long for column \'tag_name\' at row 1\r\n	at com.mysql.cj.jdbc.exceptions.SQLExceptionsMapping.translateException(SQLExceptionsMapping.java:104)\r\n	at com.mysql.cj.jdbc.ClientPreparedStatement.executeInternal(ClientPreparedStatement.java:953)\r\n	at com.mysql.cj.jdbc.ClientPreparedStatement.executeUpdateInternal(ClientPreparedStatement.java:1092)\r\n	at com.mysql.cj.jdbc.ClientPreparedStatement.executeBatchSerially(ClientPreparedStatement.java:832)\r\n	... 157 more\r\n', '127.0.0.1', '内网IP|内网IP', '2023-12-29 16:37:28');
INSERT INTO `t_exception_log` VALUES (14, '/admin/articles', 'com.aurora.controller.ArticleController.saveOrUpdateArticle', 'POST', '[{\"articleAbstract\":\"\",\"articleContent\":\" \\n原因：ib_logfile 文件冲突引起的\\n解决方法：\\n进入data目录下将ib_logfile0、ib_logfile1…文件删除即可\\n\",\"articleCover\":\"http://boke-yxh.oss-cn-hangzhou.aliyuncs.com/aurora/articles/6c5ac065bbb1c878f32f3eae9f00251b.jpg\",\"articleTitle\":\"2023-12-29 \",\"categoryName\":\"docker\",\"isFeatured\":0,\"isTop\":0,\"status\":1,\"tagNames\":[\"docker启动mysql报Restarting (1) 49 seconds ago\"],\"type\":1}]', '保存和修改文章', 'org.springframework.dao.DataIntegrityViolationException: com.aurora.mapper.TagMapper.insert (batch index #1) failed. Cause: java.sql.BatchUpdateException: Data truncation: Data too long for column \'tag_name\' at row 1\n; Data truncation: Data too long for column \'tag_name\' at row 1; nested exception is java.sql.BatchUpdateException: Data truncation: Data too long for column \'tag_name\' at row 1\r\n	at org.springframework.jdbc.support.SQLStateSQLExceptionTranslator.doTranslate(SQLStateSQLExceptionTranslator.java:104)\r\n	at org.springframework.jdbc.support.AbstractFallbackSQLExceptionTranslator.translate(AbstractFallbackSQLExceptionTranslator.java:72)\r\n	at org.springframework.jdbc.support.AbstractFallbackSQLExceptionTranslator.translate(AbstractFallbackSQLExceptionTranslator.java:81)\r\n	at org.springframework.jdbc.support.AbstractFallbackSQLExceptionTranslator.translate(AbstractFallbackSQLExceptionTranslator.java:81)\r\n	at org.mybatis.spring.MyBatisExceptionTranslator.translateExceptionIfPossible(MyBatisExceptionTranslator.java:88)\r\n	at com.baomidou.mybatisplus.extension.toolkit.SqlHelper.executeBatch(SqlHelper.java:185)\r\n	at com.baomidou.mybatisplus.extension.toolkit.SqlHelper.executeBatch(SqlHelper.java:207)\r\n	at com.baomidou.mybatisplus.extension.service.impl.ServiceImpl.executeBatch(ServiceImpl.java:239)\r\n	at com.baomidou.mybatisplus.extension.service.impl.ServiceImpl.saveBatch(ServiceImpl.java:135)\r\n	at com.baomidou.mybatisplus.extension.service.IService.saveBatch(IService.java:73)\r\n	at com.baomidou.mybatisplus.extension.service.IService$$FastClassBySpringCGLIB$$f8525d18.invoke(<generated>)\r\n	at org.springframework.cglib.proxy.MethodProxy.invoke(MethodProxy.java:218)\r\n	at org.springframework.aop.framework.CglibAopProxy$CglibMethodInvocation.invokeJoinpoint(CglibAopProxy.java:771)\r\n	at org.springframework.aop.framework.ReflectiveMethodInvocation.proceed(ReflectiveMethodInvocation.java:163)\r\n	at org.springframework.aop.framework.CglibAopProxy$CglibMethodInvocation.proceed(CglibAopProxy.java:749)\r\n	at org.springframework.transaction.interceptor.TransactionAspectSupport.invokeWithinTransaction(TransactionAspectSupport.java:367)\r\n	at org.springframework.transaction.interceptor.TransactionInterceptor.invoke(TransactionInterceptor.java:118)\r\n	at org.springframework.aop.framework.ReflectiveMethodInvocation.proceed(ReflectiveMethodInvocation.java:186)\r\n	at org.springframework.aop.framework.CglibAopProxy$CglibMethodInvocation.proceed(CglibAopProxy.java:749)\r\n	at org.springframework.aop.framework.CglibAopProxy$DynamicAdvisedInterceptor.intercept(CglibAopProxy.java:691)\r\n	at com.aurora.service.impl.TagServiceImpl$$EnhancerBySpringCGLIB$$7b819d50.saveBatch(<generated>)\r\n	at com.aurora.service.impl.ArticleServiceImpl.saveArticleTag(ArticleServiceImpl.java:361)\r\n	at com.aurora.service.impl.ArticleServiceImpl.saveOrUpdateArticle(ArticleServiceImpl.java:249)\r\n	at com.aurora.service.impl.ArticleServiceImpl$$FastClassBySpringCGLIB$$16e85493.invoke(<generated>)\r\n	at org.springframework.cglib.proxy.MethodProxy.invoke(MethodProxy.java:218)\r\n	at org.springframework.aop.framework.CglibAopProxy$CglibMethodInvocation.invokeJoinpoint(CglibAopProxy.java:771)\r\n	at org.springframework.aop.framework.ReflectiveMethodInvocation.proceed(ReflectiveMethodInvocation.java:163)\r\n	at org.springframework.aop.framework.CglibAopProxy$CglibMethodInvocation.proceed(CglibAopProxy.java:749)\r\n	at org.springframework.transaction.interceptor.TransactionAspectSupport.invokeWithinTransaction(TransactionAspectSupport.java:367)\r\n	at org.springframework.transaction.interceptor.TransactionInterceptor.invoke(TransactionInterceptor.java:118)\r\n	at org.springframework.aop.framework.ReflectiveMethodInvocation.proceed(ReflectiveMethodInvocation.java:186)\r\n	at org.springframework.aop.framework.CglibAopProxy$CglibMethodInvocation.proceed(CglibAopProxy.java:749)\r\n	at org.springframework.aop.framework.CglibAopProxy$DynamicAdvisedInterceptor.intercept(CglibAopProxy.java:691)\r\n	at com.aurora.service.impl.ArticleServiceImpl$$EnhancerBySpringCGLIB$$83ca293c.saveOrUpdateArticle(<generated>)\r\n	at com.aurora.controller.ArticleController.saveOrUpdateArticle(ArticleController.java:89)\r\n	at com.aurora.controller.ArticleController$$FastClassBySpringCGLIB$$b88e9521.invoke(<generated>)\r\n	at org.springframework.cglib.proxy.MethodProxy.invoke(MethodProxy.java:218)\r\n	at org.springframework.aop.framework.CglibAopProxy$CglibMethodInvocation.invokeJoinpoint(CglibAopProxy.java:771)\r\n	at org.springframework.aop.framework.ReflectiveMethodInvocation.proceed(ReflectiveMethodInvocation.java:163)\r\n	at org.springframework.aop.framework.CglibAopProxy$CglibMethodInvocation.proceed(CglibAopProxy.java:749)\r\n	at org.springframework.aop.framework.adapter.AfterReturningAdviceInterceptor.invoke(AfterReturningAdviceInterceptor.java:55)\r\n	at org.springframework.aop.framework.ReflectiveMethodInvocation.proceed(ReflectiveMethodInvocation.java:175)\r\n	at org.springframework.aop.framework.CglibAopProxy$CglibMethodInvocation.proceed(CglibAopProxy.java:749)\r\n	at org.springframework.aop.aspectj.AspectJAfterThrowingAdvice.invoke(AspectJAfterThrowingAdvice.java:62)\r\n	at org.springframework.aop.framework.ReflectiveMethodInvocation.proceed(ReflectiveMethodInvocation.java:186)\r\n	at org.springframework.aop.framework.CglibAopProxy$CglibMethodInvocation.proceed(CglibAopProxy.java:749)\r\n	at org.springframework.aop.interceptor.ExposeInvocationInterceptor.invoke(ExposeInvocationInterceptor.java:95)\r\n	at org.springframework.aop.framework.ReflectiveMethodInvocation.proceed(ReflectiveMethodInvocation.java:186)\r\n	at org.springframework.aop.framework.CglibAopProxy$CglibMethodInvocation.proceed(CglibAopProxy.java:749)\r\n	at org.springframework.aop.framework.CglibAopProxy$DynamicAdvisedInterceptor.intercept(CglibAopProxy.java:691)\r\n	at com.aurora.controller.ArticleController$$EnhancerBySpringCGLIB$$773ecb00.saveOrUpdateArticle(<generated>)\r\n	at sun.reflect.NativeMethodAccessorImpl.invoke0(Native Method)\r\n	at sun.reflect.NativeMethodAccessorImpl.invoke(NativeMethodAccessorImpl.java:62)\r\n	at sun.reflect.DelegatingMethodAccessorImpl.invoke(DelegatingMethodAccessorImpl.java:43)\r\n	at java.lang.reflect.Method.invoke(Method.java:498)\r\n	at org.springframework.web.method.support.InvocableHandlerMethod.doInvoke(InvocableHandlerMethod.java:190)\r\n	at org.springframework.web.method.support.InvocableHandlerMethod.invokeForRequest(InvocableHandlerMethod.java:138)\r\n	at org.springframework.web.servlet.mvc.method.annotation.ServletInvocableHandlerMethod.invokeAndHandle(ServletInvocableHandlerMethod.java:105)\r\n	at org.springframework.web.servlet.mvc.method.annotation.RequestMappingHandlerAdapter.invokeHandlerMethod(RequestMappingHandlerAdapter.java:878)\r\n	at org.springframework.web.servlet.mvc.method.annotation.RequestMappingHandlerAdapter.handleInternal(RequestMappingHandlerAdapter.java:792)\r\n	at org.springframework.web.servlet.mvc.method.AbstractHandlerMethodAdapter.handle(AbstractHandlerMethodAdapter.java:87)\r\n	at org.springframework.web.servlet.DispatcherServlet.doDispatch(DispatcherServlet.java:1040)\r\n	at org.springframework.web.servlet.DispatcherServlet.doService(DispatcherServlet.java:943)\r\n	at org.springframework.web.servlet.FrameworkServlet.processRequest(FrameworkServlet.java:1006)\r\n	at org.springframework.web.servlet.FrameworkServlet.doPost(FrameworkServlet.java:909)\r\n	at javax.servlet.http.HttpServlet.service(HttpServlet.java:652)\r\n	at org.springframework.web.servlet.FrameworkServlet.service(FrameworkServlet.java:883)\r\n	at javax.servlet.http.HttpServlet.service(HttpServlet.java:733)\r\n	at org.apache.catalina.core.ApplicationFilterChain.internalDoFilter(ApplicationFilterChain.java:231)\r\n	at org.apache.catalina.core.ApplicationFilterChain.doFilter(ApplicationFilterChain.java:166)\r\n	at org.apache.tomcat.websocket.server.WsFilter.doFilter(WsFilter.java:53)\r\n	at org.apache.catalina.core.ApplicationFilterChain.internalDoFilter(ApplicationFilterChain.java:193)\r\n	at org.apache.catalina.core.ApplicationFilterChain.doFilter(ApplicationFilterChain.java:166)\r\n	at org.springframework.web.filter.OncePerRequestFilter.doFilter(OncePerRequestFilter.java:113)\r\n	at org.apache.catalina.core.ApplicationFilterChain.internalDoFilter(ApplicationFilterChain.java:193)\r\n	at org.apache.catalina.core.ApplicationFilterChain.doFilter(ApplicationFilterChain.java:166)\r\n	at org.springframework.security.web.FilterChainProxy$VirtualFilterChain.doFilter(FilterChainProxy.java:320)\r\n	at org.springframework.security.web.access.intercept.FilterSecurityInterceptor.invoke(FilterSecurityInterceptor.java:126)\r\n	at org.springframework.security.web.access.intercept.FilterSecurityInterceptor.doFilter(FilterSecurityInterceptor.java:90)\r\n	at org.springframework.security.web.FilterChainProxy$VirtualFilterChain.doFilter(FilterChainProxy.java:334)\r\n	at org.springframework.security.web.access.ExceptionTranslationFilter.doFilter(ExceptionTranslationFilter.java:118)\r\n	at org.springframework.security.web.FilterChainProxy$VirtualFilterChain.doFilter(FilterChainProxy.java:334)\r\n	at org.springframework.security.web.session.SessionManagementFilter.doFilter(SessionManagementFilter.java:137)\r\n	at org.springframework.security.web.FilterChainProxy$VirtualFilterChain.doFilter(FilterChainProxy.java:334)\r\n	at org.springframework.security.web.authentication.AnonymousAuthenticationFilter.doFilter(AnonymousAuthenticationFilter.java:111)\r\n	at org.springframework.security.web.FilterChainProxy$VirtualFilterChain.doFilter(FilterChainProxy.java:334)\r\n	at org.springframework.security.web.servletapi.SecurityContextHolderAwareRequestFilter.doFilter(SecurityContextHolderAwareRequestFilter.java:158)\r\n	at org.springframework.security.web.FilterChainProxy$VirtualFilterChain.doFilter(FilterChainProxy.java:334)\r\n	at org.springframework.security.web.savedrequest.RequestCacheAwareFilter.doFilter(RequestCacheAwareFilter.java:63)\r\n	at org.springframework.security.web.FilterChainProxy$VirtualFilterChain.doFilter(FilterChainProxy.java:334)\r\n	at org.springframework.security.web.authentication.AbstractAuthenticationProcessingFilter.doFilter(AbstractAuthenticationProcessingFilter.java:200)\r\n	at org.springframework.security.web.FilterChainProxy$VirtualFilterChain.doFilter(FilterChainProxy.java:334)\r\n	at com.aurora.filter.JwtAuthenticationTokenFilter.doFilterInternal(JwtAuthenticationTokenFilter.java:39)\r\n	at org.springframework.web.filter.OncePerRequestFilter.doFilter(OncePerRequestFilter.java:119)\r\n	at org.springframework.security.web.FilterChainProxy$VirtualFilterChain.doFilter(FilterChainProxy.java:334)\r\n	at org.springframework.security.web.authentication.logout.LogoutFilter.doFilter(LogoutFilter.java:116)\r\n	at org.springframework.security.web.FilterChainProxy$VirtualFilterChain.doFilter(FilterChainProxy.java:334)\r\n	at org.springframework.security.web.header.HeaderWriterFilter.doHeadersAfter(HeaderWriterFilter.java:92)\r\n	at org.springframework.security.web.header.HeaderWriterFilter.doFilterInternal(HeaderWriterFilter.java:77)\r\n	at org.springframework.web.filter.OncePerRequestFilter.doFilter(OncePerRequestFilter.java:119)\r\n	at org.springframework.security.web.FilterChainProxy$VirtualFilterChain.doFilter(FilterChainProxy.java:334)\r\n	at org.springframework.security.web.context.SecurityContextPersistenceFilter.doFilter(SecurityContextPersistenceFilter.java:105)\r\n	at org.springframework.security.web.FilterChainProxy$VirtualFilterChain.doFilter(FilterChainProxy.java:334)\r\n	at org.springframework.security.web.context.request.async.WebAsyncManagerIntegrationFilter.doFilterInternal(WebAsyncManagerIntegrationFilter.java:56)\r\n	at org.springframework.web.filter.OncePerRequestFilter.doFilter(OncePerRequestFilter.java:119)\r\n	at org.springframework.security.web.FilterChainProxy$VirtualFilterChain.doFilter(FilterChainProxy.java:334)\r\n	at org.springframework.security.web.FilterChainProxy.doFilterInternal(FilterChainProxy.java:215)\r\n	at org.springframework.security.web.FilterChainProxy.doFilter(FilterChainProxy.java:178)\r\n	at org.springframework.web.filter.DelegatingFilterProxy.invokeDelegate(DelegatingFilterProxy.java:358)\r\n	at org.springframework.web.filter.DelegatingFilterProxy.doFilter(DelegatingFilterProxy.java:271)\r\n	at org.apache.catalina.core.ApplicationFilterChain.internalDoFilter(ApplicationFilterChain.java:193)\r\n	at org.apache.catalina.core.ApplicationFilterChain.doFilter(ApplicationFilterChain.java:166)\r\n	at org.springframework.web.filter.RequestContextFilter.doFilterInternal(RequestContextFilter.java:100)\r\n	at org.springframework.web.filter.OncePerRequestFilter.doFilter(OncePerRequestFilter.java:119)\r\n	at org.apache.catalina.core.ApplicationFilterChain.internalDoFilter(ApplicationFilterChain.java:193)\r\n	at org.apache.catalina.core.ApplicationFilterChain.doFilter(ApplicationFilterChain.java:166)\r\n	at org.springframework.web.filter.FormContentFilter.doFilterInternal(FormContentFilter.java:93)\r\n	at org.springframework.web.filter.OncePerRequestFilter.doFilter(OncePerRequestFilter.java:119)\r\n	at org.apache.catalina.core.ApplicationFilterChain.internalDoFilter(ApplicationFilterChain.java:193)\r\n	at org.apache.catalina.core.ApplicationFilterChain.doFilter(ApplicationFilterChain.java:166)\r\n	at org.springframework.web.filter.CharacterEncodingFilter.doFilterInternal(CharacterEncodingFilter.java:201)\r\n	at org.springframework.web.filter.OncePerRequestFilter.doFilter(OncePerRequestFilter.java:119)\r\n	at org.apache.catalina.core.ApplicationFilterChain.internalDoFilter(ApplicationFilterChain.java:193)\r\n	at org.apache.catalina.core.ApplicationFilterChain.doFilter(ApplicationFilterChain.java:166)\r\n	at org.apache.catalina.core.StandardWrapperValve.invoke(StandardWrapperValve.java:202)\r\n	at org.apache.catalina.core.StandardContextValve.invoke(StandardContextValve.java:97)\r\n	at org.apache.catalina.authenticator.AuthenticatorBase.invoke(AuthenticatorBase.java:542)\r\n	at org.apache.catalina.core.StandardHostValve.invoke(StandardHostValve.java:143)\r\n	at org.apache.catalina.valves.ErrorReportValve.invoke(ErrorReportValve.java:92)\r\n	at org.apache.catalina.core.StandardEngineValve.invoke(StandardEngineValve.java:78)\r\n	at org.apache.catalina.connector.CoyoteAdapter.service(CoyoteAdapter.java:343)\r\n	at org.apache.coyote.http11.Http11Processor.service(Http11Processor.java:374)\r\n	at org.apache.coyote.AbstractProcessorLight.process(AbstractProcessorLight.java:65)\r\n	at org.apache.coyote.AbstractProtocol$ConnectionHandler.process(AbstractProtocol.java:888)\r\n	at org.apache.tomcat.util.net.NioEndpoint$SocketProcessor.doRun(NioEndpoint.java:1597)\r\n	at org.apache.tomcat.util.net.SocketProcessorBase.run(SocketProcessorBase.java:49)\r\n	at java.util.concurrent.ThreadPoolExecutor.runWorker(ThreadPoolExecutor.java:1149)\r\n	at java.util.concurrent.ThreadPoolExecutor$Worker.run(ThreadPoolExecutor.java:624)\r\n	at org.apache.tomcat.util.threads.TaskThread$WrappingRunnable.run(TaskThread.java:61)\r\n	at java.lang.Thread.run(Thread.java:750)\r\nCaused by: java.sql.BatchUpdateException: Data truncation: Data too long for column \'tag_name\' at row 1\r\n	at sun.reflect.NativeConstructorAccessorImpl.newInstance0(Native Method)\r\n	at sun.reflect.NativeConstructorAccessorImpl.newInstance(NativeConstructorAccessorImpl.java:62)\r\n	at sun.reflect.DelegatingConstructorAccessorImpl.newInstance(DelegatingConstructorAccessorImpl.java:45)\r\n	at java.lang.reflect.Constructor.newInstance(Constructor.java:423)\r\n	at com.mysql.cj.util.Util.handleNewInstance(Util.java:192)\r\n	at com.mysql.cj.util.Util.getInstance(Util.java:167)\r\n	at com.mysql.cj.util.Util.getInstance(Util.java:174)\r\n	at com.mysql.cj.jdbc.exceptions.SQLError.createBatchUpdateException(SQLError.java:224)\r\n	at com.mysql.cj.jdbc.ClientPreparedStatement.executeBatchSerially(ClientPreparedStatement.java:853)\r\n	at com.mysql.cj.jdbc.ClientPreparedStatement.executeBatchInternal(ClientPreparedStatement.java:435)\r\n	at com.mysql.cj.jdbc.StatementImpl.executeBatch(StatementImpl.java:796)\r\n	at com.zaxxer.hikari.pool.ProxyStatement.executeBatch(ProxyStatement.java:128)\r\n	at com.zaxxer.hikari.pool.HikariProxyPreparedStatement.executeBatch(HikariProxyPreparedStatement.java)\r\n	at sun.reflect.NativeMethodAccessorImpl.invoke0(Native Method)\r\n	at sun.reflect.NativeMethodAccessorImpl.invoke(NativeMethodAccessorImpl.java:62)\r\n	at sun.reflect.DelegatingMethodAccessorImpl.invoke(DelegatingMethodAccessorImpl.java:43)\r\n	at java.lang.reflect.Method.invoke(Method.java:498)\r\n	at org.apache.ibatis.logging.jdbc.PreparedStatementLogger.invoke(PreparedStatementLogger.java:78)\r\n	at com.sun.proxy.$Proxy188.executeBatch(Unknown Source)\r\n	at com.baomidou.mybatisplus.core.executor.MybatisBatchExecutor.doFlushStatements(MybatisBatchExecutor.java:135)\r\n	at org.apache.ibatis.executor.BaseExecutor.flushStatements(BaseExecutor.java:129)\r\n	at org.apache.ibatis.executor.BaseExecutor.flushStatements(BaseExecutor.java:122)\r\n	at com.baomidou.mybatisplus.core.executor.MybatisCachingExecutor.flushStatements(MybatisCachingExecutor.java:218)\r\n	at sun.reflect.NativeMethodAccessorImpl.invoke0(Native Method)\r\n	at sun.reflect.NativeMethodAccessorImpl.invoke(NativeMethodAccessorImpl.java:62)\r\n	at sun.reflect.DelegatingMethodAccessorImpl.invoke(DelegatingMethodAccessorImpl.java:43)\r\n	at java.lang.reflect.Method.invoke(Method.java:498)\r\n	at org.apache.ibatis.plugin.Plugin.invoke(Plugin.java:63)\r\n	at com.sun.proxy.$Proxy185.flushStatements(Unknown Source)\r\n	at org.apache.ibatis.session.defaults.DefaultSqlSession.flushStatements(DefaultSqlSession.java:252)\r\n	at com.baomidou.mybatisplus.extension.toolkit.SqlHelper.lambda$executeBatch$0(SqlHelper.java:213)\r\n	at com.baomidou.mybatisplus.extension.toolkit.SqlHelper.executeBatch(SqlHelper.java:175)\r\n	... 134 more\r\nCaused by: com.mysql.cj.jdbc.exceptions.MysqlDataTruncation: Data truncation: Data too long for column \'tag_name\' at row 1\r\n	at com.mysql.cj.jdbc.exceptions.SQLExceptionsMapping.translateException(SQLExceptionsMapping.java:104)\r\n	at com.mysql.cj.jdbc.ClientPreparedStatement.executeInternal(ClientPreparedStatement.java:953)\r\n	at com.mysql.cj.jdbc.ClientPreparedStatement.executeUpdateInternal(ClientPreparedStatement.java:1092)\r\n	at com.mysql.cj.jdbc.ClientPreparedStatement.executeBatchSerially(ClientPreparedStatement.java:832)\r\n	... 157 more\r\n', '127.0.0.1', '内网IP|内网IP', '2023-12-29 16:37:32');
INSERT INTO `t_exception_log` VALUES (15, '/admin/categories', 'com.aurora.controller.CategoryController.deleteCategories', 'DELETE', '[[3]]', '删除分类', 'com.aurora.exception.BizException: 删除失败，该分类下存在文章\r\n	at com.aurora.service.impl.CategoryServiceImpl.deleteCategories(CategoryServiceImpl.java:68)\r\n	at com.aurora.service.impl.CategoryServiceImpl$$FastClassBySpringCGLIB$$6c908423.invoke(<generated>)\r\n	at org.springframework.cglib.proxy.MethodProxy.invoke(MethodProxy.java:218)\r\n	at org.springframework.aop.framework.CglibAopProxy$DynamicAdvisedInterceptor.intercept(CglibAopProxy.java:687)\r\n	at com.aurora.service.impl.CategoryServiceImpl$$EnhancerBySpringCGLIB$$3a9fea79.deleteCategories(<generated>)\r\n	at com.aurora.controller.CategoryController.deleteCategories(CategoryController.java:51)\r\n	at com.aurora.controller.CategoryController$$FastClassBySpringCGLIB$$d669112b.invoke(<generated>)\r\n	at org.springframework.cglib.proxy.MethodProxy.invoke(MethodProxy.java:218)\r\n	at org.springframework.aop.framework.CglibAopProxy$CglibMethodInvocation.invokeJoinpoint(CglibAopProxy.java:771)\r\n	at org.springframework.aop.framework.ReflectiveMethodInvocation.proceed(ReflectiveMethodInvocation.java:163)\r\n	at org.springframework.aop.framework.CglibAopProxy$CglibMethodInvocation.proceed(CglibAopProxy.java:749)\r\n	at org.springframework.aop.framework.adapter.AfterReturningAdviceInterceptor.invoke(AfterReturningAdviceInterceptor.java:55)\r\n	at org.springframework.aop.framework.ReflectiveMethodInvocation.proceed(ReflectiveMethodInvocation.java:175)\r\n	at org.springframework.aop.framework.CglibAopProxy$CglibMethodInvocation.proceed(CglibAopProxy.java:749)\r\n	at org.springframework.aop.aspectj.AspectJAfterThrowingAdvice.invoke(AspectJAfterThrowingAdvice.java:62)\r\n	at org.springframework.aop.framework.ReflectiveMethodInvocation.proceed(ReflectiveMethodInvocation.java:186)\r\n	at org.springframework.aop.framework.CglibAopProxy$CglibMethodInvocation.proceed(CglibAopProxy.java:749)\r\n	at org.springframework.aop.interceptor.ExposeInvocationInterceptor.invoke(ExposeInvocationInterceptor.java:95)\r\n	at org.springframework.aop.framework.ReflectiveMethodInvocation.proceed(ReflectiveMethodInvocation.java:186)\r\n	at org.springframework.aop.framework.CglibAopProxy$CglibMethodInvocation.proceed(CglibAopProxy.java:749)\r\n	at org.springframework.aop.framework.CglibAopProxy$DynamicAdvisedInterceptor.intercept(CglibAopProxy.java:691)\r\n	at com.aurora.controller.CategoryController$$EnhancerBySpringCGLIB$$7abfa76d.deleteCategories(<generated>)\r\n	at sun.reflect.NativeMethodAccessorImpl.invoke0(Native Method)\r\n	at sun.reflect.NativeMethodAccessorImpl.invoke(NativeMethodAccessorImpl.java:62)\r\n	at sun.reflect.DelegatingMethodAccessorImpl.invoke(DelegatingMethodAccessorImpl.java:43)\r\n	at java.lang.reflect.Method.invoke(Method.java:498)\r\n	at org.springframework.web.method.support.InvocableHandlerMethod.doInvoke(InvocableHandlerMethod.java:190)\r\n	at org.springframework.web.method.support.InvocableHandlerMethod.invokeForRequest(InvocableHandlerMethod.java:138)\r\n	at org.springframework.web.servlet.mvc.method.annotation.ServletInvocableHandlerMethod.invokeAndHandle(ServletInvocableHandlerMethod.java:105)\r\n	at org.springframework.web.servlet.mvc.method.annotation.RequestMappingHandlerAdapter.invokeHandlerMethod(RequestMappingHandlerAdapter.java:878)\r\n	at org.springframework.web.servlet.mvc.method.annotation.RequestMappingHandlerAdapter.handleInternal(RequestMappingHandlerAdapter.java:792)\r\n	at org.springframework.web.servlet.mvc.method.AbstractHandlerMethodAdapter.handle(AbstractHandlerMethodAdapter.java:87)\r\n	at org.springframework.web.servlet.DispatcherServlet.doDispatch(DispatcherServlet.java:1040)\r\n	at org.springframework.web.servlet.DispatcherServlet.doService(DispatcherServlet.java:943)\r\n	at org.springframework.web.servlet.FrameworkServlet.processRequest(FrameworkServlet.java:1006)\r\n	at org.springframework.web.servlet.FrameworkServlet.doDelete(FrameworkServlet.java:931)\r\n	at javax.servlet.http.HttpServlet.service(HttpServlet.java:658)\r\n	at org.springframework.web.servlet.FrameworkServlet.service(FrameworkServlet.java:883)\r\n	at javax.servlet.http.HttpServlet.service(HttpServlet.java:733)\r\n	at org.apache.catalina.core.ApplicationFilterChain.internalDoFilter(ApplicationFilterChain.java:231)\r\n	at org.apache.catalina.core.ApplicationFilterChain.doFilter(ApplicationFilterChain.java:166)\r\n	at org.apache.tomcat.websocket.server.WsFilter.doFilter(WsFilter.java:53)\r\n	at org.apache.catalina.core.ApplicationFilterChain.internalDoFilter(ApplicationFilterChain.java:193)\r\n	at org.apache.catalina.core.ApplicationFilterChain.doFilter(ApplicationFilterChain.java:166)\r\n	at org.springframework.web.filter.OncePerRequestFilter.doFilter(OncePerRequestFilter.java:113)\r\n	at org.apache.catalina.core.ApplicationFilterChain.internalDoFilter(ApplicationFilterChain.java:193)\r\n	at org.apache.catalina.core.ApplicationFilterChain.doFilter(ApplicationFilterChain.java:166)\r\n	at org.springframework.security.web.FilterChainProxy$VirtualFilterChain.doFilter(FilterChainProxy.java:320)\r\n	at org.springframework.security.web.access.intercept.FilterSecurityInterceptor.invoke(FilterSecurityInterceptor.java:126)\r\n	at org.springframework.security.web.access.intercept.FilterSecurityInterceptor.doFilter(FilterSecurityInterceptor.java:90)\r\n	at org.springframework.security.web.FilterChainProxy$VirtualFilterChain.doFilter(FilterChainProxy.java:334)\r\n	at org.springframework.security.web.access.ExceptionTranslationFilter.doFilter(ExceptionTranslationFilter.java:118)\r\n	at org.springframework.security.web.FilterChainProxy$VirtualFilterChain.doFilter(FilterChainProxy.java:334)\r\n	at org.springframework.security.web.session.SessionManagementFilter.doFilter(SessionManagementFilter.java:137)\r\n	at org.springframework.security.web.FilterChainProxy$VirtualFilterChain.doFilter(FilterChainProxy.java:334)\r\n	at org.springframework.security.web.authentication.AnonymousAuthenticationFilter.doFilter(AnonymousAuthenticationFilter.java:111)\r\n	at org.springframework.security.web.FilterChainProxy$VirtualFilterChain.doFilter(FilterChainProxy.java:334)\r\n	at org.springframework.security.web.servletapi.SecurityContextHolderAwareRequestFilter.doFilter(SecurityContextHolderAwareRequestFilter.java:158)\r\n	at org.springframework.security.web.FilterChainProxy$VirtualFilterChain.doFilter(FilterChainProxy.java:334)\r\n	at org.springframework.security.web.savedrequest.RequestCacheAwareFilter.doFilter(RequestCacheAwareFilter.java:63)\r\n	at org.springframework.security.web.FilterChainProxy$VirtualFilterChain.doFilter(FilterChainProxy.java:334)\r\n	at org.springframework.security.web.authentication.AbstractAuthenticationProcessingFilter.doFilter(AbstractAuthenticationProcessingFilter.java:200)\r\n	at org.springframework.security.web.FilterChainProxy$VirtualFilterChain.doFilter(FilterChainProxy.java:334)\r\n	at com.aurora.filter.JwtAuthenticationTokenFilter.doFilterInternal(JwtAuthenticationTokenFilter.java:39)\r\n	at org.springframework.web.filter.OncePerRequestFilter.doFilter(OncePerRequestFilter.java:119)\r\n	at org.springframework.security.web.FilterChainProxy$VirtualFilterChain.doFilter(FilterChainProxy.java:334)\r\n	at org.springframework.security.web.authentication.logout.LogoutFilter.doFilter(LogoutFilter.java:116)\r\n	at org.springframework.security.web.FilterChainProxy$VirtualFilterChain.doFilter(FilterChainProxy.java:334)\r\n	at org.springframework.security.web.header.HeaderWriterFilter.doHeadersAfter(HeaderWriterFilter.java:92)\r\n	at org.springframework.security.web.header.HeaderWriterFilter.doFilterInternal(HeaderWriterFilter.java:77)\r\n	at org.springframework.web.filter.OncePerRequestFilter.doFilter(OncePerRequestFilter.java:119)\r\n	at org.springframework.security.web.FilterChainProxy$VirtualFilterChain.doFilter(FilterChainProxy.java:334)\r\n	at org.springframework.security.web.context.SecurityContextPersistenceFilter.doFilter(SecurityContextPersistenceFilter.java:105)\r\n	at org.springframework.security.web.FilterChainProxy$VirtualFilterChain.doFilter(FilterChainProxy.java:334)\r\n	at org.springframework.security.web.context.request.async.WebAsyncManagerIntegrationFilter.doFilterInternal(WebAsyncManagerIntegrationFilter.java:56)\r\n	at org.springframework.web.filter.OncePerRequestFilter.doFilter(OncePerRequestFilter.java:119)\r\n	at org.springframework.security.web.FilterChainProxy$VirtualFilterChain.doFilter(FilterChainProxy.java:334)\r\n	at org.springframework.security.web.FilterChainProxy.doFilterInternal(FilterChainProxy.java:215)\r\n	at org.springframework.security.web.FilterChainProxy.doFilter(FilterChainProxy.java:178)\r\n	at org.springframework.web.filter.DelegatingFilterProxy.invokeDelegate(DelegatingFilterProxy.java:358)\r\n	at org.springframework.web.filter.DelegatingFilterProxy.doFilter(DelegatingFilterProxy.java:271)\r\n	at org.apache.catalina.core.ApplicationFilterChain.internalDoFilter(ApplicationFilterChain.java:193)\r\n	at org.apache.catalina.core.ApplicationFilterChain.doFilter(ApplicationFilterChain.java:166)\r\n	at org.springframework.web.filter.RequestContextFilter.doFilterInternal(RequestContextFilter.java:100)\r\n	at org.springframework.web.filter.OncePerRequestFilter.doFilter(OncePerRequestFilter.java:119)\r\n	at org.apache.catalina.core.ApplicationFilterChain.internalDoFilter(ApplicationFilterChain.java:193)\r\n	at org.apache.catalina.core.ApplicationFilterChain.doFilter(ApplicationFilterChain.java:166)\r\n	at org.springframework.web.filter.FormContentFilter.doFilterInternal(FormContentFilter.java:93)\r\n	at org.springframework.web.filter.OncePerRequestFilter.doFilter(OncePerRequestFilter.java:119)\r\n	at org.apache.catalina.core.ApplicationFilterChain.internalDoFilter(ApplicationFilterChain.java:193)\r\n	at org.apache.catalina.core.ApplicationFilterChain.doFilter(ApplicationFilterChain.java:166)\r\n	at org.springframework.web.filter.CharacterEncodingFilter.doFilterInternal(CharacterEncodingFilter.java:201)\r\n	at org.springframework.web.filter.OncePerRequestFilter.doFilter(OncePerRequestFilter.java:119)\r\n	at org.apache.catalina.core.ApplicationFilterChain.internalDoFilter(ApplicationFilterChain.java:193)\r\n	at org.apache.catalina.core.ApplicationFilterChain.doFilter(ApplicationFilterChain.java:166)\r\n	at org.apache.catalina.core.StandardWrapperValve.invoke(StandardWrapperValve.java:202)\r\n	at org.apache.catalina.core.StandardContextValve.invoke(StandardContextValve.java:97)\r\n	at org.apache.catalina.authenticator.AuthenticatorBase.invoke(AuthenticatorBase.java:542)\r\n	at org.apache.catalina.core.StandardHostValve.invoke(StandardHostValve.java:143)\r\n	at org.apache.catalina.valves.ErrorReportValve.invoke(ErrorReportValve.java:92)\r\n	at org.apache.catalina.core.StandardEngineValve.invoke(StandardEngineValve.java:78)\r\n	at org.apache.catalina.connector.CoyoteAdapter.service(CoyoteAdapter.java:343)\r\n	at org.apache.coyote.http11.Http11Processor.service(Http11Processor.java:374)\r\n	at org.apache.coyote.AbstractProcessorLight.process(AbstractProcessorLight.java:65)\r\n	at org.apache.coyote.AbstractProtocol$ConnectionHandler.process(AbstractProtocol.java:888)\r\n	at org.apache.tomcat.util.net.NioEndpoint$SocketProcessor.doRun(NioEndpoint.java:1597)\r\n	at org.apache.tomcat.util.net.SocketProcessorBase.run(SocketProcessorBase.java:49)\r\n	at java.util.concurrent.ThreadPoolExecutor.runWorker(ThreadPoolExecutor.java:1149)\r\n	at java.util.concurrent.ThreadPoolExecutor$Worker.run(ThreadPoolExecutor.java:624)\r\n	at org.apache.tomcat.util.threads.TaskThread$WrappingRunnable.run(TaskThread.java:61)\r\n	at java.lang.Thread.run(Thread.java:750)\r\n', '127.0.0.1', '内网IP|内网IP', '2024-02-22 14:16:31');

-- ----------------------------
-- Table structure for t_friend_link
-- ----------------------------
DROP TABLE IF EXISTS `t_friend_link`;
CREATE TABLE `t_friend_link`  (
  `id` int(0) NOT NULL AUTO_INCREMENT,
  `link_name` varchar(20) CHARACTER SET utf8mb4 COLLATE utf8mb4_0900_ai_ci NOT NULL COMMENT '链接名',
  `link_avatar` varchar(255) CHARACTER SET utf8mb4 COLLATE utf8mb4_0900_ai_ci NOT NULL COMMENT '链接头像',
  `link_address` varchar(50) CHARACTER SET utf8mb4 COLLATE utf8mb4_0900_ai_ci NOT NULL COMMENT '链接地址',
  `link_intro` varchar(100) CHARACTER SET utf8mb4 COLLATE utf8mb4_0900_ai_ci NOT NULL COMMENT '链接介绍',
  `create_time` datetime(0) NOT NULL COMMENT '创建时间',
  `update_time` datetime(0) NULL DEFAULT NULL COMMENT '更新时间',
  PRIMARY KEY (`id`) USING BTREE,
  INDEX `fk_friend_link_user`(`link_name`) USING BTREE
) ENGINE = InnoDB CHARACTER SET = utf8mb4 COLLATE = utf8mb4_0900_ai_ci ROW_FORMAT = Dynamic;

-- ----------------------------
-- Table structure for t_job
-- ----------------------------
DROP TABLE IF EXISTS `t_job`;
CREATE TABLE `t_job`  (
  `id` int(0) NOT NULL AUTO_INCREMENT COMMENT '任务ID',
  `job_name` varchar(64) CHARACTER SET utf8mb4 COLLATE utf8mb4_0900_ai_ci NOT NULL DEFAULT '' COMMENT '任务名称',
  `job_group` varchar(64) CHARACTER SET utf8mb4 COLLATE utf8mb4_0900_ai_ci NOT NULL DEFAULT 'DEFAULT' COMMENT '任务组名',
  `invoke_target` varchar(500) CHARACTER SET utf8mb4 COLLATE utf8mb4_0900_ai_ci NOT NULL COMMENT '调用目标字符串',
  `cron_expression` varchar(255) CHARACTER SET utf8mb4 COLLATE utf8mb4_0900_ai_ci NULL DEFAULT '' COMMENT 'cron执行表达式',
  `misfire_policy` tinyint(1) NULL DEFAULT 3 COMMENT '计划执行错误策略（1立即执行 2执行一次 3放弃执行）',
  `concurrent` tinyint(1) NULL DEFAULT 1 COMMENT '是否并发执行（0禁止 1允许）',
  `status` tinyint(1) NULL DEFAULT 0 COMMENT '状态（0暂停 1正常）',
  `create_time` datetime(0) NOT NULL COMMENT '创建时间',
  `update_time` datetime(0) NULL DEFAULT NULL COMMENT '更新时间',
  `remark` varchar(500) CHARACTER SET utf8mb4 COLLATE utf8mb4_0900_ai_ci NULL DEFAULT '' COMMENT '备注信息',
  PRIMARY KEY (`id`, `job_name`, `job_group`) USING BTREE
) ENGINE = InnoDB AUTO_INCREMENT = 85 CHARACTER SET = utf8mb4 COLLATE = utf8mb4_0900_ai_ci COMMENT = '定时任务调度表' ROW_FORMAT = Dynamic;

-- ----------------------------
-- Records of t_job
-- ----------------------------
INSERT INTO `t_job` VALUES (81, '统计用户地域分布', '默认', 'auroraQuartz.statisticalUserArea', '0 0,30 * * * ?', 3, 1, 1, '2022-08-11 21:49:27', '2022-08-13 08:49:47', '统计用户的地域分布');
INSERT INTO `t_job` VALUES (82, '统计访问量', '默认', 'auroraQuartz.saveUniqueView', '0 0 0 * * ?', 3, 1, 1, '2022-08-12 16:35:11', NULL, '向数据库中写入每天的访问量');
INSERT INTO `t_job` VALUES (83, '清空redis访客记录', '默认', 'auroraQuartz.clear', '0 0 1 * * ?', 3, 1, 1, '2022-08-12 16:36:30', '2022-08-13 08:47:48', '清空redis访客记录');
INSERT INTO `t_job` VALUES (84, '百度SEO', '默认', 'auroraQuartz.baiduSeo', '0 0/10 * * * ?', 3, 1, 1, '2022-08-13 21:19:08', '2022-08-19 14:13:52', '百度SEO');
INSERT INTO `t_job` VALUES (85, '清理定时任务日志', '默认', 'auroraQuartz.clearJobLogs', '0 0 0 * * ?', 3, 1, 1, '2022-08-13 21:26:21', NULL, '清理定时任务日志');

-- ----------------------------
-- Table structure for t_job_log
-- ----------------------------
DROP TABLE IF EXISTS `t_job_log`;
CREATE TABLE `t_job_log`  (
  `id` int(0) NOT NULL AUTO_INCREMENT COMMENT '任务日志ID',
  `job_id` int(0) NOT NULL COMMENT '任务ID',
  `job_name` varchar(64) CHARACTER SET utf8mb4 COLLATE utf8mb4_0900_ai_ci NOT NULL COMMENT '任务名称',
  `job_group` varchar(64) CHARACTER SET utf8mb4 COLLATE utf8mb4_0900_ai_ci NOT NULL COMMENT '任务组名',
  `invoke_target` varchar(500) CHARACTER SET utf8mb4 COLLATE utf8mb4_0900_ai_ci NOT NULL COMMENT '调用目标字符串',
  `job_message` varchar(500) CHARACTER SET utf8mb4 COLLATE utf8mb4_0900_ai_ci NULL DEFAULT NULL COMMENT '日志信息',
  `status` tinyint(1) NULL DEFAULT 0 COMMENT '执行状态（0正常 1失败）',
  `exception_info` varchar(2000) CHARACTER SET utf8mb4 COLLATE utf8mb4_0900_ai_ci NULL DEFAULT '' COMMENT '异常信息',
  `create_time` datetime(0) NULL DEFAULT NULL COMMENT '创建时间',
  `start_time` datetime(0) NULL DEFAULT NULL COMMENT '开始时间',
  `end_time` datetime(0) NULL DEFAULT NULL COMMENT '结束时间',
  PRIMARY KEY (`id`) USING BTREE
) ENGINE = InnoDB AUTO_INCREMENT = 6308 CHARACTER SET = utf8mb4 COLLATE = utf8mb4_0900_ai_ci COMMENT = '定时任务调度日志表' ROW_FORMAT = Dynamic;

-- ----------------------------
-- Records of t_job_log
-- ----------------------------
INSERT INTO `t_job_log` VALUES (6175, 84, '??SEO', '??', 'auroraQuartz.baiduSeo', '??SEO ?????64??', 1, '', '2023-12-22 17:20:00', '2023-12-22 17:20:00', '2023-12-22 17:20:00');
INSERT INTO `t_job_log` VALUES (6176, 84, '??SEO', '??', 'auroraQuartz.baiduSeo', '??SEO ?????28??', 1, '', '2023-12-25 13:10:00', '2023-12-25 13:10:00', '2023-12-25 13:10:00');
INSERT INTO `t_job_log` VALUES (6177, 84, '??SEO', '??', 'auroraQuartz.baiduSeo', '??SEO ?????2??', 1, '', '2023-12-25 13:20:00', '2023-12-25 13:20:00', '2023-12-25 13:20:00');
INSERT INTO `t_job_log` VALUES (6178, 84, '??SEO', '??', 'auroraQuartz.baiduSeo', '??SEO ?????28??', 1, '', '2023-12-25 13:30:00', '2023-12-25 13:30:00', '2023-12-25 13:30:00');
INSERT INTO `t_job_log` VALUES (6179, 81, '????????', '??', 'auroraQuartz.statisticalUserArea', '???????? ?????1148??', 1, '', '2023-12-25 13:30:01', '2023-12-25 13:30:00', '2023-12-25 13:30:01');
INSERT INTO `t_job_log` VALUES (6180, 84, '??SEO', '??', 'auroraQuartz.baiduSeo', '??SEO ?????3??', 1, '', '2023-12-25 13:40:00', '2023-12-25 13:40:00', '2023-12-25 13:40:00');
INSERT INTO `t_job_log` VALUES (6181, 84, '??SEO', '??', 'auroraQuartz.baiduSeo', '??SEO ?????13??', 1, '', '2023-12-25 13:50:00', '2023-12-25 13:50:00', '2023-12-25 13:50:00');
INSERT INTO `t_job_log` VALUES (6182, 84, '??SEO', '??', 'auroraQuartz.baiduSeo', '??SEO ?????15??', 1, '', '2023-12-25 14:00:00', '2023-12-25 14:00:00', '2023-12-25 14:00:00');
INSERT INTO `t_job_log` VALUES (6183, 81, '????????', '??', 'auroraQuartz.statisticalUserArea', '???????? ?????51??', 1, '', '2023-12-25 14:00:00', '2023-12-25 14:00:00', '2023-12-25 14:00:00');
INSERT INTO `t_job_log` VALUES (6184, 84, '??SEO', '??', 'auroraQuartz.baiduSeo', '??SEO ?????21??', 1, '', '2023-12-25 14:10:00', '2023-12-25 14:10:00', '2023-12-25 14:10:00');
INSERT INTO `t_job_log` VALUES (6185, 84, '??SEO', '??', 'auroraQuartz.baiduSeo', '??SEO ?????4??', 1, '', '2023-12-25 14:20:00', '2023-12-25 14:20:00', '2023-12-25 14:20:00');
INSERT INTO `t_job_log` VALUES (6186, 84, '??SEO', '??', 'auroraQuartz.baiduSeo', '??SEO ?????3??', 1, '', '2023-12-25 14:30:00', '2023-12-25 14:30:00', '2023-12-25 14:30:00');
INSERT INTO `t_job_log` VALUES (6187, 81, '????????', '??', 'auroraQuartz.statisticalUserArea', '???????? ?????9??', 1, '', '2023-12-25 14:30:00', '2023-12-25 14:30:00', '2023-12-25 14:30:00');
INSERT INTO `t_job_log` VALUES (6188, 84, '??SEO', '??', 'auroraQuartz.baiduSeo', '??SEO ?????17??', 1, '', '2023-12-25 14:40:00', '2023-12-25 14:40:00', '2023-12-25 14:40:00');
INSERT INTO `t_job_log` VALUES (6189, 84, '??SEO', '??', 'auroraQuartz.baiduSeo', '??SEO ?????3??', 1, '', '2023-12-25 14:50:00', '2023-12-25 14:50:00', '2023-12-25 14:50:00');
INSERT INTO `t_job_log` VALUES (6190, 84, '百度SEO', '默认', 'auroraQuartz.baiduSeo', '百度SEO 总共耗时：17毫秒', 1, '', '2023-12-25 15:00:00', '2023-12-25 15:00:00', '2023-12-25 15:00:00');
INSERT INTO `t_job_log` VALUES (6191, 81, '统计用户地域分布', '默认', 'auroraQuartz.statisticalUserArea', '统计用户地域分布 总共耗时：61毫秒', 1, '', '2023-12-25 15:00:00', '2023-12-25 15:00:00', '2023-12-25 15:00:00');
INSERT INTO `t_job_log` VALUES (6192, 84, '百度SEO', '默认', 'auroraQuartz.baiduSeo', '百度SEO 总共耗时：12毫秒', 1, '', '2023-12-26 10:20:00', '2023-12-26 10:20:00', '2023-12-26 10:20:00');
INSERT INTO `t_job_log` VALUES (6193, 84, '百度SEO', '默认', 'auroraQuartz.baiduSeo', '百度SEO 总共耗时：21毫秒', 1, '', '2023-12-26 10:30:00', '2023-12-26 10:30:00', '2023-12-26 10:30:00');
INSERT INTO `t_job_log` VALUES (6194, 81, '统计用户地域分布', '默认', 'auroraQuartz.statisticalUserArea', '统计用户地域分布 总共耗时：30毫秒', 1, '', '2023-12-26 10:30:00', '2023-12-26 10:30:00', '2023-12-26 10:30:00');
INSERT INTO `t_job_log` VALUES (6195, 84, '百度SEO', '默认', 'auroraQuartz.baiduSeo', '百度SEO 总共耗时：3毫秒', 1, '', '2023-12-26 10:40:00', '2023-12-26 10:40:00', '2023-12-26 10:40:00');
INSERT INTO `t_job_log` VALUES (6196, 84, '百度SEO', '默认', 'auroraQuartz.baiduSeo', '百度SEO 总共耗时：4毫秒', 1, '', '2023-12-26 10:50:00', '2023-12-26 10:50:00', '2023-12-26 10:50:00');
INSERT INTO `t_job_log` VALUES (6197, 84, '百度SEO', '默认', 'auroraQuartz.baiduSeo', '百度SEO 总共耗时：5毫秒', 1, '', '2023-12-26 11:00:00', '2023-12-26 11:00:00', '2023-12-26 11:00:00');
INSERT INTO `t_job_log` VALUES (6198, 81, '统计用户地域分布', '默认', 'auroraQuartz.statisticalUserArea', '统计用户地域分布 总共耗时：7毫秒', 1, '', '2023-12-26 11:00:00', '2023-12-26 11:00:00', '2023-12-26 11:00:00');
INSERT INTO `t_job_log` VALUES (6199, 84, '百度SEO', '默认', 'auroraQuartz.baiduSeo', '百度SEO 总共耗时：4毫秒', 1, '', '2023-12-26 11:10:00', '2023-12-26 11:10:00', '2023-12-26 11:10:00');
INSERT INTO `t_job_log` VALUES (6200, 84, '百度SEO', '默认', 'auroraQuartz.baiduSeo', '百度SEO 总共耗时：26毫秒', 1, '', '2023-12-26 11:20:00', '2023-12-26 11:20:00', '2023-12-26 11:20:00');
INSERT INTO `t_job_log` VALUES (6201, 84, '百度SEO', '默认', 'auroraQuartz.baiduSeo', '百度SEO 总共耗时：39毫秒', 1, '', '2023-12-26 11:30:00', '2023-12-26 11:30:00', '2023-12-26 11:30:00');
INSERT INTO `t_job_log` VALUES (6202, 81, '统计用户地域分布', '默认', 'auroraQuartz.statisticalUserArea', '统计用户地域分布 总共耗时：103毫秒', 1, '', '2023-12-26 11:30:00', '2023-12-26 11:30:00', '2023-12-26 11:30:00');
INSERT INTO `t_job_log` VALUES (6203, 84, '百度SEO', '默认', 'auroraQuartz.baiduSeo', '百度SEO 总共耗时：28毫秒', 1, '', '2023-12-26 13:20:00', '2023-12-26 13:20:00', '2023-12-26 13:20:00');
INSERT INTO `t_job_log` VALUES (6204, 84, '百度SEO', '默认', 'auroraQuartz.baiduSeo', '百度SEO 总共耗时：7毫秒', 1, '', '2023-12-26 13:30:00', '2023-12-26 13:30:00', '2023-12-26 13:30:00');
INSERT INTO `t_job_log` VALUES (6205, 81, '统计用户地域分布', '默认', 'auroraQuartz.statisticalUserArea', '统计用户地域分布 总共耗时：25毫秒', 1, '', '2023-12-26 13:30:00', '2023-12-26 13:30:00', '2023-12-26 13:30:00');
INSERT INTO `t_job_log` VALUES (6206, 84, '百度SEO', '默认', 'auroraQuartz.baiduSeo', '百度SEO 总共耗时：2毫秒', 1, '', '2023-12-26 13:40:00', '2023-12-26 13:40:00', '2023-12-26 13:40:00');
INSERT INTO `t_job_log` VALUES (6207, 84, '百度SEO', '默认', 'auroraQuartz.baiduSeo', '百度SEO 总共耗时：5毫秒', 1, '', '2023-12-26 13:50:00', '2023-12-26 13:50:00', '2023-12-26 13:50:00');
INSERT INTO `t_job_log` VALUES (6208, 81, '统计用户地域分布', '默认', 'auroraQuartz.statisticalUserArea', '统计用户地域分布 总共耗时：20毫秒', 1, '', '2023-12-26 14:00:00', '2023-12-26 14:00:00', '2023-12-26 14:00:00');
INSERT INTO `t_job_log` VALUES (6209, 84, '百度SEO', '默认', 'auroraQuartz.baiduSeo', '百度SEO 总共耗时：9毫秒', 1, '', '2023-12-26 14:00:00', '2023-12-26 14:00:00', '2023-12-26 14:00:00');
INSERT INTO `t_job_log` VALUES (6210, 84, '百度SEO', '默认', 'auroraQuartz.baiduSeo', '百度SEO 总共耗时：15毫秒', 1, '', '2023-12-28 15:20:00', '2023-12-28 15:20:00', '2023-12-28 15:20:00');
INSERT INTO `t_job_log` VALUES (6211, 84, '百度SEO', '默认', 'auroraQuartz.baiduSeo', '百度SEO 总共耗时：11毫秒', 1, '', '2023-12-28 15:30:00', '2023-12-28 15:30:00', '2023-12-28 15:30:00');
INSERT INTO `t_job_log` VALUES (6212, 81, '统计用户地域分布', '默认', 'auroraQuartz.statisticalUserArea', '统计用户地域分布 总共耗时：15毫秒', 1, '', '2023-12-28 15:30:00', '2023-12-28 15:30:00', '2023-12-28 15:30:00');
INSERT INTO `t_job_log` VALUES (6213, 84, '百度SEO', '默认', 'auroraQuartz.baiduSeo', '百度SEO 总共耗时：24毫秒', 1, '', '2023-12-28 16:10:00', '2023-12-28 16:10:00', '2023-12-28 16:10:00');
INSERT INTO `t_job_log` VALUES (6214, 84, '百度SEO', '默认', 'auroraQuartz.baiduSeo', '百度SEO 总共耗时：13毫秒', 1, '', '2023-12-28 16:20:00', '2023-12-28 16:20:00', '2023-12-28 16:20:00');
INSERT INTO `t_job_log` VALUES (6215, 84, '百度SEO', '默认', 'auroraQuartz.baiduSeo', '百度SEO 总共耗时：10毫秒', 1, '', '2023-12-28 16:30:00', '2023-12-28 16:30:00', '2023-12-28 16:30:00');
INSERT INTO `t_job_log` VALUES (6216, 81, '统计用户地域分布', '默认', 'auroraQuartz.statisticalUserArea', '统计用户地域分布 总共耗时：17毫秒', 1, '', '2023-12-28 16:30:00', '2023-12-28 16:30:00', '2023-12-28 16:30:00');
INSERT INTO `t_job_log` VALUES (6217, 84, '百度SEO', '默认', 'auroraQuartz.baiduSeo', '百度SEO 总共耗时：94毫秒', 1, '', '2023-12-28 16:40:02', '2023-12-28 16:40:01', '2023-12-28 16:40:02');
INSERT INTO `t_job_log` VALUES (6218, 84, '百度SEO', '默认', 'auroraQuartz.baiduSeo', '百度SEO 总共耗时：22毫秒', 1, '', '2023-12-28 16:50:00', '2023-12-28 16:50:00', '2023-12-28 16:50:00');
INSERT INTO `t_job_log` VALUES (6219, 84, '百度SEO', '默认', 'auroraQuartz.baiduSeo', '百度SEO 总共耗时：3毫秒', 1, '', '2023-12-28 17:00:00', '2023-12-28 17:00:00', '2023-12-28 17:00:00');
INSERT INTO `t_job_log` VALUES (6220, 81, '统计用户地域分布', '默认', 'auroraQuartz.statisticalUserArea', '统计用户地域分布 总共耗时：44毫秒', 1, '', '2023-12-28 17:00:00', '2023-12-28 17:00:00', '2023-12-28 17:00:00');
INSERT INTO `t_job_log` VALUES (6221, 84, '百度SEO', '默认', 'auroraQuartz.baiduSeo', '百度SEO 总共耗时：11毫秒', 1, '', '2023-12-28 17:10:00', '2023-12-28 17:10:00', '2023-12-28 17:10:00');
INSERT INTO `t_job_log` VALUES (6222, 84, '百度SEO', '默认', 'auroraQuartz.baiduSeo', '百度SEO 总共耗时：51毫秒', 1, '', '2023-12-29 10:00:00', '2023-12-29 10:00:00', '2023-12-29 10:00:00');
INSERT INTO `t_job_log` VALUES (6223, 81, '统计用户地域分布', '默认', 'auroraQuartz.statisticalUserArea', '统计用户地域分布 总共耗时：109毫秒', 1, '', '2023-12-29 10:00:00', '2023-12-29 10:00:00', '2023-12-29 10:00:00');
INSERT INTO `t_job_log` VALUES (6224, 84, '百度SEO', '默认', 'auroraQuartz.baiduSeo', '百度SEO 总共耗时：3毫秒', 1, '', '2023-12-29 10:10:00', '2023-12-29 10:10:00', '2023-12-29 10:10:00');
INSERT INTO `t_job_log` VALUES (6225, 84, '百度SEO', '默认', 'auroraQuartz.baiduSeo', '百度SEO 总共耗时：3毫秒', 1, '', '2023-12-29 10:20:00', '2023-12-29 10:20:00', '2023-12-29 10:20:00');
INSERT INTO `t_job_log` VALUES (6226, 84, '百度SEO', '默认', 'auroraQuartz.baiduSeo', '百度SEO 总共耗时：5毫秒', 1, '', '2023-12-29 10:30:00', '2023-12-29 10:30:00', '2023-12-29 10:30:00');
INSERT INTO `t_job_log` VALUES (6227, 81, '统计用户地域分布', '默认', 'auroraQuartz.statisticalUserArea', '统计用户地域分布 总共耗时：13毫秒', 1, '', '2023-12-29 10:30:00', '2023-12-29 10:30:00', '2023-12-29 10:30:00');
INSERT INTO `t_job_log` VALUES (6228, 84, '百度SEO', '默认', 'auroraQuartz.baiduSeo', '百度SEO 总共耗时：9毫秒', 1, '', '2023-12-29 10:40:00', '2023-12-29 10:40:00', '2023-12-29 10:40:00');
INSERT INTO `t_job_log` VALUES (6229, 84, '百度SEO', '默认', 'auroraQuartz.baiduSeo', '百度SEO 总共耗时：4毫秒', 1, '', '2023-12-29 10:50:00', '2023-12-29 10:50:00', '2023-12-29 10:50:00');
INSERT INTO `t_job_log` VALUES (6230, 84, '百度SEO', '默认', 'auroraQuartz.baiduSeo', '百度SEO 总共耗时：15毫秒', 1, '', '2023-12-29 11:00:00', '2023-12-29 11:00:00', '2023-12-29 11:00:00');
INSERT INTO `t_job_log` VALUES (6231, 81, '统计用户地域分布', '默认', 'auroraQuartz.statisticalUserArea', '统计用户地域分布 总共耗时：103毫秒', 1, '', '2023-12-29 11:00:00', '2023-12-29 11:00:00', '2023-12-29 11:00:00');
INSERT INTO `t_job_log` VALUES (6232, 84, '百度SEO', '默认', 'auroraQuartz.baiduSeo', '百度SEO 总共耗时：5毫秒', 1, '', '2023-12-29 11:10:00', '2023-12-29 11:10:00', '2023-12-29 11:10:00');
INSERT INTO `t_job_log` VALUES (6233, 84, '百度SEO', '默认', 'auroraQuartz.baiduSeo', '百度SEO 总共耗时：9毫秒', 1, '', '2023-12-29 11:20:00', '2023-12-29 11:20:00', '2023-12-29 11:20:00');
INSERT INTO `t_job_log` VALUES (6234, 84, '百度SEO', '默认', 'auroraQuartz.baiduSeo', '百度SEO 总共耗时：30毫秒', 1, '', '2023-12-29 11:30:00', '2023-12-29 11:30:00', '2023-12-29 11:30:00');
INSERT INTO `t_job_log` VALUES (6235, 81, '统计用户地域分布', '默认', 'auroraQuartz.statisticalUserArea', '统计用户地域分布 总共耗时：62毫秒', 1, '', '2023-12-29 11:30:00', '2023-12-29 11:30:00', '2023-12-29 11:30:00');
INSERT INTO `t_job_log` VALUES (6236, 84, '百度SEO', '默认', 'auroraQuartz.baiduSeo', '百度SEO 总共耗时：3毫秒', 1, '', '2023-12-29 12:00:00', '2023-12-29 12:00:00', '2023-12-29 12:00:00');
INSERT INTO `t_job_log` VALUES (6237, 81, '统计用户地域分布', '默认', 'auroraQuartz.statisticalUserArea', '统计用户地域分布 总共耗时：28毫秒', 1, '', '2023-12-29 12:00:00', '2023-12-29 12:00:00', '2023-12-29 12:00:00');
INSERT INTO `t_job_log` VALUES (6238, 84, '百度SEO', '默认', 'auroraQuartz.baiduSeo', '百度SEO 总共耗时：30毫秒', 1, '', '2023-12-29 12:10:00', '2023-12-29 12:10:00', '2023-12-29 12:10:00');
INSERT INTO `t_job_log` VALUES (6239, 84, '百度SEO', '默认', 'auroraQuartz.baiduSeo', '百度SEO 总共耗时：31毫秒', 1, '', '2023-12-29 12:20:00', '2023-12-29 12:20:00', '2023-12-29 12:20:00');
INSERT INTO `t_job_log` VALUES (6240, 84, '百度SEO', '默认', 'auroraQuartz.baiduSeo', '百度SEO 总共耗时：24毫秒', 1, '', '2023-12-29 12:30:00', '2023-12-29 12:30:00', '2023-12-29 12:30:00');
INSERT INTO `t_job_log` VALUES (6241, 81, '统计用户地域分布', '默认', 'auroraQuartz.statisticalUserArea', '统计用户地域分布 总共耗时：34毫秒', 1, '', '2023-12-29 12:30:00', '2023-12-29 12:30:00', '2023-12-29 12:30:00');
INSERT INTO `t_job_log` VALUES (6242, 84, '百度SEO', '默认', 'auroraQuartz.baiduSeo', '百度SEO 总共耗时：3毫秒', 1, '', '2023-12-29 12:40:00', '2023-12-29 12:40:00', '2023-12-29 12:40:00');
INSERT INTO `t_job_log` VALUES (6243, 84, '百度SEO', '默认', 'auroraQuartz.baiduSeo', '百度SEO 总共耗时：28毫秒', 1, '', '2023-12-29 12:50:00', '2023-12-29 12:50:00', '2023-12-29 12:50:00');
INSERT INTO `t_job_log` VALUES (6244, 84, '百度SEO', '默认', 'auroraQuartz.baiduSeo', '百度SEO 总共耗时：12毫秒', 1, '', '2023-12-29 13:00:00', '2023-12-29 13:00:00', '2023-12-29 13:00:00');
INSERT INTO `t_job_log` VALUES (6245, 81, '统计用户地域分布', '默认', 'auroraQuartz.statisticalUserArea', '统计用户地域分布 总共耗时：15毫秒', 1, '', '2023-12-29 13:00:00', '2023-12-29 13:00:00', '2023-12-29 13:00:00');
INSERT INTO `t_job_log` VALUES (6246, 84, '百度SEO', '默认', 'auroraQuartz.baiduSeo', '百度SEO 总共耗时：8毫秒', 1, '', '2023-12-29 13:10:00', '2023-12-29 13:10:00', '2023-12-29 13:10:00');
INSERT INTO `t_job_log` VALUES (6247, 84, '百度SEO', '默认', 'auroraQuartz.baiduSeo', '百度SEO 总共耗时：6毫秒', 1, '', '2023-12-29 13:20:00', '2023-12-29 13:20:00', '2023-12-29 13:20:00');
INSERT INTO `t_job_log` VALUES (6248, 84, '百度SEO', '默认', 'auroraQuartz.baiduSeo', '百度SEO 总共耗时：7毫秒', 1, '', '2023-12-29 13:30:00', '2023-12-29 13:30:00', '2023-12-29 13:30:00');
INSERT INTO `t_job_log` VALUES (6249, 81, '统计用户地域分布', '默认', 'auroraQuartz.statisticalUserArea', '统计用户地域分布 总共耗时：17毫秒', 1, '', '2023-12-29 13:30:00', '2023-12-29 13:30:00', '2023-12-29 13:30:00');
INSERT INTO `t_job_log` VALUES (6250, 84, '百度SEO', '默认', 'auroraQuartz.baiduSeo', '百度SEO 总共耗时：9毫秒', 1, '', '2023-12-29 13:40:00', '2023-12-29 13:40:00', '2023-12-29 13:40:00');
INSERT INTO `t_job_log` VALUES (6251, 84, '百度SEO', '默认', 'auroraQuartz.baiduSeo', '百度SEO 总共耗时：61毫秒', 1, '', '2023-12-29 13:50:00', '2023-12-29 13:50:00', '2023-12-29 13:50:00');
INSERT INTO `t_job_log` VALUES (6252, 84, '百度SEO', '默认', 'auroraQuartz.baiduSeo', '百度SEO 总共耗时：8毫秒', 1, '', '2023-12-29 14:00:00', '2023-12-29 14:00:00', '2023-12-29 14:00:00');
INSERT INTO `t_job_log` VALUES (6253, 81, '统计用户地域分布', '默认', 'auroraQuartz.statisticalUserArea', '统计用户地域分布 总共耗时：72毫秒', 1, '', '2023-12-29 14:00:00', '2023-12-29 14:00:00', '2023-12-29 14:00:00');
INSERT INTO `t_job_log` VALUES (6254, 84, '百度SEO', '默认', 'auroraQuartz.baiduSeo', '百度SEO 总共耗时：5毫秒', 1, '', '2023-12-29 14:10:00', '2023-12-29 14:10:00', '2023-12-29 14:10:00');
INSERT INTO `t_job_log` VALUES (6255, 84, '百度SEO', '默认', 'auroraQuartz.baiduSeo', '百度SEO 总共耗时：5毫秒', 1, '', '2023-12-29 14:20:00', '2023-12-29 14:20:00', '2023-12-29 14:20:00');
INSERT INTO `t_job_log` VALUES (6256, 84, '百度SEO', '默认', 'auroraQuartz.baiduSeo', '百度SEO 总共耗时：69毫秒', 1, '', '2023-12-29 14:40:00', '2023-12-29 14:40:00', '2023-12-29 14:40:00');
INSERT INTO `t_job_log` VALUES (6257, 84, '百度SEO', '默认', 'auroraQuartz.baiduSeo', '百度SEO 总共耗时：25毫秒', 1, '', '2023-12-29 14:50:00', '2023-12-29 14:50:00', '2023-12-29 14:50:00');
INSERT INTO `t_job_log` VALUES (6258, 84, '百度SEO', '默认', 'auroraQuartz.baiduSeo', '百度SEO 总共耗时：42毫秒', 1, '', '2023-12-29 15:00:00', '2023-12-29 15:00:00', '2023-12-29 15:00:00');
INSERT INTO `t_job_log` VALUES (6259, 81, '统计用户地域分布', '默认', 'auroraQuartz.statisticalUserArea', '统计用户地域分布 总共耗时：229毫秒', 1, '', '2023-12-29 15:00:00', '2023-12-29 15:00:00', '2023-12-29 15:00:00');
INSERT INTO `t_job_log` VALUES (6260, 84, '百度SEO', '默认', 'auroraQuartz.baiduSeo', '百度SEO 总共耗时：17毫秒', 1, '', '2023-12-29 15:10:00', '2023-12-29 15:10:00', '2023-12-29 15:10:00');
INSERT INTO `t_job_log` VALUES (6261, 84, '百度SEO', '默认', 'auroraQuartz.baiduSeo', '百度SEO 总共耗时：9毫秒', 1, '', '2023-12-29 15:20:00', '2023-12-29 15:20:00', '2023-12-29 15:20:00');
INSERT INTO `t_job_log` VALUES (6262, 84, '百度SEO', '默认', 'auroraQuartz.baiduSeo', '百度SEO 总共耗时：23毫秒', 1, '', '2023-12-29 15:30:00', '2023-12-29 15:30:00', '2023-12-29 15:30:00');
INSERT INTO `t_job_log` VALUES (6263, 81, '统计用户地域分布', '默认', 'auroraQuartz.statisticalUserArea', '统计用户地域分布 总共耗时：57毫秒', 1, '', '2023-12-29 15:30:00', '2023-12-29 15:30:00', '2023-12-29 15:30:00');
INSERT INTO `t_job_log` VALUES (6264, 84, '百度SEO', '默认', 'auroraQuartz.baiduSeo', '百度SEO 总共耗时：30毫秒', 1, '', '2023-12-29 15:40:00', '2023-12-29 15:40:00', '2023-12-29 15:40:00');
INSERT INTO `t_job_log` VALUES (6265, 84, '百度SEO', '默认', 'auroraQuartz.baiduSeo', '百度SEO 总共耗时：12毫秒', 1, '', '2023-12-29 15:50:00', '2023-12-29 15:50:00', '2023-12-29 15:50:00');
INSERT INTO `t_job_log` VALUES (6266, 84, '百度SEO', '默认', 'auroraQuartz.baiduSeo', '百度SEO 总共耗时：14毫秒', 1, '', '2023-12-29 16:20:00', '2023-12-29 16:20:00', '2023-12-29 16:20:00');
INSERT INTO `t_job_log` VALUES (6267, 84, '百度SEO', '默认', 'auroraQuartz.baiduSeo', '百度SEO 总共耗时：80毫秒', 1, '', '2023-12-29 16:30:00', '2023-12-29 16:30:00', '2023-12-29 16:30:00');
INSERT INTO `t_job_log` VALUES (6268, 81, '统计用户地域分布', '默认', 'auroraQuartz.statisticalUserArea', '统计用户地域分布 总共耗时：165毫秒', 1, '', '2023-12-29 16:30:00', '2023-12-29 16:30:00', '2023-12-29 16:30:00');
INSERT INTO `t_job_log` VALUES (6269, 84, '百度SEO', '默认', 'auroraQuartz.baiduSeo', '百度SEO 总共耗时：166毫秒', 1, '', '2023-12-29 16:40:00', '2023-12-29 16:40:00', '2023-12-29 16:40:00');
INSERT INTO `t_job_log` VALUES (6270, 84, '百度SEO', '默认', 'auroraQuartz.baiduSeo', '百度SEO 总共耗时：255毫秒', 1, '', '2024-01-02 11:30:00', '2024-01-02 11:30:00', '2024-01-02 11:30:00');
INSERT INTO `t_job_log` VALUES (6271, 81, '统计用户地域分布', '默认', 'auroraQuartz.statisticalUserArea', '统计用户地域分布 总共耗时：1003毫秒', 1, '', '2024-01-02 11:30:01', '2024-01-02 11:30:00', '2024-01-02 11:30:01');
INSERT INTO `t_job_log` VALUES (6272, 84, '百度SEO', '默认', 'auroraQuartz.baiduSeo', '百度SEO 总共耗时：131毫秒', 1, '', '2024-01-02 11:40:00', '2024-01-02 11:40:00', '2024-01-02 11:40:00');
INSERT INTO `t_job_log` VALUES (6273, 84, '百度SEO', '默认', 'auroraQuartz.baiduSeo', '百度SEO 总共耗时：105毫秒', 1, '', '2024-01-02 11:50:00', '2024-01-02 11:50:00', '2024-01-02 11:50:00');
INSERT INTO `t_job_log` VALUES (6274, 81, '统计用户地域分布', '默认', 'auroraQuartz.statisticalUserArea', '统计用户地域分布 总共耗时：9毫秒', 1, '', '2024-01-02 12:00:00', '2024-01-02 12:00:00', '2024-01-02 12:00:00');
INSERT INTO `t_job_log` VALUES (6275, 84, '百度SEO', '默认', 'auroraQuartz.baiduSeo', '百度SEO 总共耗时：221毫秒', 1, '', '2024-01-02 12:00:00', '2024-01-02 12:00:00', '2024-01-02 12:00:00');
INSERT INTO `t_job_log` VALUES (6276, 84, '百度SEO', '默认', 'auroraQuartz.baiduSeo', '百度SEO 总共耗时：153毫秒', 1, '', '2024-01-02 12:10:00', '2024-01-02 12:10:00', '2024-01-02 12:10:00');
INSERT INTO `t_job_log` VALUES (6277, 81, '统计用户地域分布', '默认', 'auroraQuartz.statisticalUserArea', '统计用户地域分布 总共耗时：124毫秒', 1, '', '2024-01-26 10:30:00', '2024-01-26 10:30:00', '2024-01-26 10:30:00');
INSERT INTO `t_job_log` VALUES (6278, 84, '百度SEO', '默认', 'auroraQuartz.baiduSeo', '百度SEO 总共耗时：238毫秒', 1, '', '2024-01-26 10:30:00', '2024-01-26 10:30:00', '2024-01-26 10:30:00');
INSERT INTO `t_job_log` VALUES (6279, 84, '百度SEO', '默认', 'auroraQuartz.baiduSeo', '百度SEO 总共耗时：135毫秒', 1, '', '2024-01-26 10:40:00', '2024-01-26 10:40:00', '2024-01-26 10:40:00');
INSERT INTO `t_job_log` VALUES (6280, 84, '百度SEO', '默认', 'auroraQuartz.baiduSeo', '百度SEO 总共耗时：130毫秒', 1, '', '2024-01-26 10:50:00', '2024-01-26 10:50:00', '2024-01-26 10:50:00');
INSERT INTO `t_job_log` VALUES (6281, 81, '统计用户地域分布', '默认', 'auroraQuartz.statisticalUserArea', '统计用户地域分布 总共耗时：8毫秒', 1, '', '2024-01-26 11:00:00', '2024-01-26 11:00:00', '2024-01-26 11:00:00');
INSERT INTO `t_job_log` VALUES (6282, 84, '百度SEO', '默认', 'auroraQuartz.baiduSeo', '百度SEO 总共耗时：148毫秒', 1, '', '2024-01-26 11:00:00', '2024-01-26 11:00:00', '2024-01-26 11:00:00');
INSERT INTO `t_job_log` VALUES (6283, 84, '百度SEO', '默认', 'auroraQuartz.baiduSeo', '百度SEO 总共耗时：349毫秒', 1, '', '2024-01-26 11:10:00', '2024-01-26 11:10:00', '2024-01-26 11:10:00');
INSERT INTO `t_job_log` VALUES (6284, 84, '百度SEO', '默认', 'auroraQuartz.baiduSeo', '百度SEO 总共耗时：126毫秒', 1, '', '2024-01-26 11:20:00', '2024-01-26 11:20:00', '2024-01-26 11:20:00');
INSERT INTO `t_job_log` VALUES (6285, 81, '统计用户地域分布', '默认', 'auroraQuartz.statisticalUserArea', '统计用户地域分布 总共耗时：18毫秒', 1, '', '2024-01-26 11:30:00', '2024-01-26 11:30:00', '2024-01-26 11:30:00');
INSERT INTO `t_job_log` VALUES (6286, 84, '百度SEO', '默认', 'auroraQuartz.baiduSeo', '百度SEO 总共耗时：170毫秒', 1, '', '2024-01-26 11:30:00', '2024-01-26 11:30:00', '2024-01-26 11:30:00');
INSERT INTO `t_job_log` VALUES (6287, 84, '百度SEO', '默认', 'auroraQuartz.baiduSeo', '百度SEO 总共耗时：418毫秒', 1, '', '2024-01-26 13:10:00', '2024-01-26 13:10:00', '2024-01-26 13:10:00');
INSERT INTO `t_job_log` VALUES (6288, 84, '百度SEO', '默认', 'auroraQuartz.baiduSeo', '百度SEO 总共耗时：150毫秒', 1, '', '2024-01-26 13:20:00', '2024-01-26 13:20:00', '2024-01-26 13:20:00');
INSERT INTO `t_job_log` VALUES (6289, 84, '百度SEO', '默认', 'auroraQuartz.baiduSeo', '百度SEO 总共耗时：188毫秒', 1, '', '2024-02-22 13:10:00', '2024-02-22 13:10:00', '2024-02-22 13:10:00');
INSERT INTO `t_job_log` VALUES (6290, 84, '百度SEO', '默认', 'auroraQuartz.baiduSeo', '百度SEO 总共耗时：133毫秒', 1, '', '2024-02-22 13:20:00', '2024-02-22 13:20:00', '2024-02-22 13:20:00');
INSERT INTO `t_job_log` VALUES (6291, 81, '统计用户地域分布', '默认', 'auroraQuartz.statisticalUserArea', '统计用户地域分布 总共耗时：32毫秒', 1, '', '2024-02-22 13:30:00', '2024-02-22 13:30:00', '2024-02-22 13:30:00');
INSERT INTO `t_job_log` VALUES (6292, 84, '百度SEO', '默认', 'auroraQuartz.baiduSeo', '百度SEO 总共耗时：113毫秒', 1, '', '2024-02-22 13:30:00', '2024-02-22 13:30:00', '2024-02-22 13:30:00');
INSERT INTO `t_job_log` VALUES (6293, 84, '百度SEO', '默认', 'auroraQuartz.baiduSeo', '百度SEO 总共耗时：218毫秒', 1, '', '2024-02-22 13:40:00', '2024-02-22 13:40:00', '2024-02-22 13:40:00');
INSERT INTO `t_job_log` VALUES (6294, 84, '百度SEO', '默认', 'auroraQuartz.baiduSeo', '百度SEO 总共耗时：211毫秒', 1, '', '2024-02-22 13:50:00', '2024-02-22 13:50:00', '2024-02-22 13:50:00');
INSERT INTO `t_job_log` VALUES (6295, 81, '统计用户地域分布', '默认', 'auroraQuartz.statisticalUserArea', '统计用户地域分布 总共耗时：37毫秒', 1, '', '2024-02-22 14:00:00', '2024-02-22 14:00:00', '2024-02-22 14:00:00');
INSERT INTO `t_job_log` VALUES (6296, 84, '百度SEO', '默认', 'auroraQuartz.baiduSeo', '百度SEO 总共耗时：290毫秒', 1, '', '2024-02-22 14:00:00', '2024-02-22 14:00:00', '2024-02-22 14:00:00');
INSERT INTO `t_job_log` VALUES (6297, 84, '百度SEO', '默认', 'auroraQuartz.baiduSeo', '百度SEO 总共耗时：178毫秒', 1, '', '2024-02-22 14:10:00', '2024-02-22 14:10:00', '2024-02-22 14:10:00');
INSERT INTO `t_job_log` VALUES (6298, 84, '百度SEO', '默认', 'auroraQuartz.baiduSeo', '百度SEO 总共耗时：175毫秒', 1, '', '2024-02-22 14:20:00', '2024-02-22 14:20:00', '2024-02-22 14:20:00');
INSERT INTO `t_job_log` VALUES (6299, 81, '统计用户地域分布', '默认', 'auroraQuartz.statisticalUserArea', '统计用户地域分布 总共耗时：13毫秒', 1, '', '2024-02-22 14:30:00', '2024-02-22 14:30:00', '2024-02-22 14:30:00');
INSERT INTO `t_job_log` VALUES (6300, 84, '百度SEO', '默认', 'auroraQuartz.baiduSeo', '百度SEO 总共耗时：209毫秒', 1, '', '2024-02-22 14:30:00', '2024-02-22 14:30:00', '2024-02-22 14:30:00');
INSERT INTO `t_job_log` VALUES (6301, 84, '百度SEO', '默认', 'auroraQuartz.baiduSeo', '百度SEO 总共耗时：184毫秒', 1, '', '2024-02-22 14:40:00', '2024-02-22 14:40:00', '2024-02-22 14:40:00');
INSERT INTO `t_job_log` VALUES (6302, 84, '百度SEO', '默认', 'auroraQuartz.baiduSeo', '百度SEO 总共耗时：139毫秒', 1, '', '2024-02-22 14:50:00', '2024-02-22 14:50:00', '2024-02-22 14:50:00');
INSERT INTO `t_job_log` VALUES (6303, 84, '百度SEO', '默认', 'auroraQuartz.baiduSeo', '百度SEO 总共耗时：297毫秒', 1, '', '2024-02-23 13:10:00', '2024-02-23 13:10:00', '2024-02-23 13:10:00');
INSERT INTO `t_job_log` VALUES (6304, 84, '百度SEO', '默认', 'auroraQuartz.baiduSeo', '百度SEO 总共耗时：217毫秒', 1, '', '2024-02-23 13:20:00', '2024-02-23 13:20:00', '2024-02-23 13:20:00');
INSERT INTO `t_job_log` VALUES (6305, 81, '统计用户地域分布', '默认', 'auroraQuartz.statisticalUserArea', '统计用户地域分布 总共耗时：70毫秒', 1, '', '2024-02-23 13:30:00', '2024-02-23 13:30:00', '2024-02-23 13:30:00');
INSERT INTO `t_job_log` VALUES (6306, 84, '百度SEO', '默认', 'auroraQuartz.baiduSeo', '百度SEO 总共耗时：247毫秒', 1, '', '2024-02-23 13:30:00', '2024-02-23 13:30:00', '2024-02-23 13:30:00');
INSERT INTO `t_job_log` VALUES (6307, 84, '百度SEO', '默认', 'auroraQuartz.baiduSeo', '百度SEO 总共耗时：148毫秒', 1, '', '2024-02-23 13:40:00', '2024-02-23 13:40:00', '2024-02-23 13:40:00');
INSERT INTO `t_job_log` VALUES (6308, 84, '百度SEO', '默认', 'auroraQuartz.baiduSeo', '百度SEO 总共耗时：130毫秒', 1, '', '2024-02-23 13:50:00', '2024-02-23 13:50:00', '2024-02-23 13:50:00');

-- ----------------------------
-- Table structure for t_menu
-- ----------------------------
DROP TABLE IF EXISTS `t_menu`;
CREATE TABLE `t_menu`  (
  `id` int(0) NOT NULL AUTO_INCREMENT COMMENT '主键',
  `name` varchar(20) CHARACTER SET utf8mb4 COLLATE utf8mb4_0900_ai_ci NOT NULL COMMENT '菜单名',
  `path` varchar(50) CHARACTER SET utf8mb4 COLLATE utf8mb4_0900_ai_ci NOT NULL COMMENT '菜单路径',
  `component` varchar(50) CHARACTER SET utf8mb4 COLLATE utf8mb4_0900_ai_ci NOT NULL COMMENT '组件',
  `icon` varchar(50) CHARACTER SET utf8mb4 COLLATE utf8mb4_0900_ai_ci NOT NULL COMMENT '菜单icon',
  `create_time` datetime(0) NOT NULL COMMENT '创建时间',
  `update_time` datetime(0) NULL DEFAULT NULL COMMENT '更新时间',
  `order_num` tinyint(1) NOT NULL COMMENT '排序',
  `parent_id` int(0) NULL DEFAULT NULL COMMENT '父id',
  `is_hidden` tinyint(1) NOT NULL DEFAULT 0 COMMENT '是否隐藏  0否1是',
  PRIMARY KEY (`id`) USING BTREE
) ENGINE = InnoDB AUTO_INCREMENT = 225 CHARACTER SET = utf8mb4 COLLATE = utf8mb4_0900_ai_ci ROW_FORMAT = Dynamic;

-- ----------------------------
-- Records of t_menu
-- ----------------------------
INSERT INTO `t_menu` VALUES (1, '首页', '/', '/home/Home.vue', 'el-icon-myshouye', '2021-01-26 17:06:51', '2022-07-27 16:33:11', 1, NULL, 0);
INSERT INTO `t_menu` VALUES (2, '文章管理', '/article-submenu', 'Layout', 'el-icon-mywenzhang-copy', '2021-01-25 20:43:07', '2022-07-27 16:32:55', 2, NULL, 0);
INSERT INTO `t_menu` VALUES (3, '消息管理', '/message-submenu', 'Layout', 'el-icon-myxiaoxi', '2021-01-25 20:44:17', '2022-07-27 16:32:57', 3, NULL, 0);
INSERT INTO `t_menu` VALUES (4, '系统管理', '/system-submenu', 'Layout', 'el-icon-myshezhi', '2021-01-25 20:45:57', '2021-01-25 20:45:59', 5, NULL, 0);
INSERT INTO `t_menu` VALUES (5, '个人中心', '/setting', '/setting/Setting.vue', 'el-icon-myuser', '2021-01-26 17:22:38', '2021-01-26 17:22:41', 7, NULL, 0);
INSERT INTO `t_menu` VALUES (6, '发布文章', '/articles', '/article/Article.vue', 'el-icon-myfabiaowenzhang', '2021-01-26 14:30:48', '2021-01-26 14:30:51', 1, 2, 0);
INSERT INTO `t_menu` VALUES (7, '修改文章', '/articles/*', '/article/Article.vue', 'el-icon-myfabiaowenzhang', '2021-01-26 14:31:32', '2022-07-28 16:28:06', 2, 2, 1);
INSERT INTO `t_menu` VALUES (8, '文章列表', '/article-list', '/article/ArticleList.vue', 'el-icon-mywenzhangliebiao', '2021-01-26 14:32:13', '2021-01-26 14:32:16', 3, 2, 0);
INSERT INTO `t_menu` VALUES (9, '分类管理', '/categories', '/category/Category.vue', 'el-icon-myfenlei', '2021-01-26 14:33:42', '2021-01-26 14:33:43', 4, 2, 0);
INSERT INTO `t_menu` VALUES (10, '标签管理', '/tags', '/tag/Tag.vue', 'el-icon-myicontag', '2021-01-26 14:34:33', '2021-01-26 14:34:36', 5, 2, 0);
INSERT INTO `t_menu` VALUES (11, '评论管理', '/comments', '/comment/Comment.vue', 'el-icon-mypinglunzu', '2021-01-26 14:35:31', '2021-01-26 14:35:34', 1, 3, 0);
INSERT INTO `t_menu` VALUES (13, '用户列表', '/users', '/user/User.vue', 'el-icon-myyonghuliebiao', '2021-01-26 14:38:09', '2021-01-26 14:38:12', 1, 202, 0);
INSERT INTO `t_menu` VALUES (14, '角色管理', '/roles', '/role/Role.vue', 'el-icon-myjiaoseliebiao', '2021-01-26 14:39:01', '2021-01-26 14:39:03', 2, 213, 0);
INSERT INTO `t_menu` VALUES (15, '接口管理', '/resources', '/resource/Resource.vue', 'el-icon-myjiekouguanli', '2021-01-26 14:40:14', '2021-08-07 20:00:28', 2, 213, 0);
INSERT INTO `t_menu` VALUES (16, '菜单管理', '/menus', '/menu/Menu.vue', 'el-icon-mycaidan', '2021-01-26 14:40:54', '2021-08-07 10:18:49', 2, 213, 0);
INSERT INTO `t_menu` VALUES (17, '友链管理', '/links', '/friendLink/FriendLink.vue', 'el-icon-mydashujukeshihuaico-', '2021-01-26 14:41:35', '2021-01-26 14:41:37', 3, 4, 0);
INSERT INTO `t_menu` VALUES (18, '关于我', '/about', '/about/About.vue', 'el-icon-myguanyuwo', '2021-01-26 14:42:05', '2021-01-26 14:42:10', 4, 4, 0);
INSERT INTO `t_menu` VALUES (19, '日志管理', '/log-submenu', 'Layout', 'el-icon-myguanyuwo', '2021-01-31 21:33:56', '2021-01-31 21:33:59', 6, NULL, 0);
INSERT INTO `t_menu` VALUES (20, '操作日志', '/operation/log', '/log/OperationLog.vue', 'el-icon-myguanyuwo', '2021-01-31 15:53:21', '2022-07-28 10:51:28', 1, 19, 0);
INSERT INTO `t_menu` VALUES (201, '在线用户', '/online/users', '/user/Online.vue', 'el-icon-myyonghuliebiao', '2021-02-05 14:59:51', '2021-02-05 14:59:53', 7, 202, 0);
INSERT INTO `t_menu` VALUES (202, '用户管理', '/users-submenu', 'Layout', 'el-icon-myyonghuliebiao', '2021-02-06 23:44:59', '2022-07-27 16:32:59', 4, NULL, 0);
INSERT INTO `t_menu` VALUES (205, '相册管理', '/album-submenu', 'Layout', 'el-icon-myimage-fill', '2021-08-03 15:10:54', '2021-08-07 20:02:06', 5, NULL, 0);
INSERT INTO `t_menu` VALUES (206, '相册列表', '/albums', '/album/Album.vue', 'el-icon-myzhaopian', '2021-08-03 20:29:19', '2021-08-04 11:45:47', 1, 205, 0);
INSERT INTO `t_menu` VALUES (208, '照片管理', '/albums/:albumId', '/album/Photo.vue', 'el-icon-myzhaopian', '2021-08-03 21:37:47', '2021-08-05 10:24:08', 1, 205, 1);
INSERT INTO `t_menu` VALUES (209, '定时任务', '/quartz', '/quartz/Quartz.vue', 'el-icon-myyemianpeizhi', '2021-08-04 11:36:27', '2021-08-07 20:01:26', 2, 4, 0);
INSERT INTO `t_menu` VALUES (210, '照片回收站', '/photos/delete', '/album/Delete.vue', 'el-icon-myhuishouzhan', '2021-08-05 13:55:19', NULL, 3, 205, 1);
INSERT INTO `t_menu` VALUES (213, '权限管理', '/permission-submenu', 'Layout', 'el-icon-mydaohanglantubiao_quanxianguanli', '2021-08-07 19:56:55', '2021-08-07 19:59:40', 4, NULL, 0);
INSERT INTO `t_menu` VALUES (214, '网站管理', '/website', '/website/Website.vue', 'el-icon-myxitong', '2021-08-07 20:06:41', NULL, 1, 4, 0);
INSERT INTO `t_menu` VALUES (220, '定时任务日志', '/quartz/log/:quartzId', '/log/QuartzLog.vue', 'el-icon-myguanyuwo', '2022-07-28 10:53:23', '2024-01-26 10:34:25', 2, 19, 1);
INSERT INTO `t_menu` VALUES (221, '说说管理', '/talk-submenu', 'Layout', 'el-icon-mypinglun', '2022-08-15 17:27:10', '2022-08-15 17:27:39', 3, NULL, 0);
INSERT INTO `t_menu` VALUES (222, '说说列表', '/talk-list', '/talk/TalkList.vue', 'el-icon-myiconfontdongtaidianji', '2022-08-15 17:29:05', NULL, 1, 221, 0);
INSERT INTO `t_menu` VALUES (223, '发布说说', '/talks', '/talk/Talk.vue', 'el-icon-myfabusekuai', '2022-08-15 17:34:26', '2022-08-16 16:06:04', 2, 221, 0);
INSERT INTO `t_menu` VALUES (224, '修改说说', '/talks/:talkId', '/talk/Talk.vue', 'el-icon-myfabusekuai', '2022-08-16 16:06:59', '2022-08-16 16:08:21', 3, 221, 1);
INSERT INTO `t_menu` VALUES (225, '异常日志', '/exception/log', '/log/ExceptionLog.vue', 'el-icon-myguanyuwo', '2022-08-25 13:40:08', '2022-08-25 13:40:31', 1, 19, 0);

-- ----------------------------
-- Table structure for t_operation_log
-- ----------------------------
DROP TABLE IF EXISTS `t_operation_log`;
CREATE TABLE `t_operation_log`  (
  `id` int(0) NOT NULL AUTO_INCREMENT COMMENT '主键id',
  `opt_module` varchar(20) CHARACTER SET utf8mb4 COLLATE utf8mb4_0900_ai_ci NOT NULL COMMENT '操作模块',
  `opt_type` varchar(20) CHARACTER SET utf8mb4 COLLATE utf8mb4_0900_ai_ci NOT NULL COMMENT '操作类型',
  `opt_uri` varchar(255) CHARACTER SET utf8mb4 COLLATE utf8mb4_0900_ai_ci NOT NULL COMMENT '操作url',
  `opt_method` varchar(255) CHARACTER SET utf8mb4 COLLATE utf8mb4_0900_ai_ci NOT NULL COMMENT '操作方法',
  `opt_desc` varchar(255) CHARACTER SET utf8mb4 COLLATE utf8mb4_0900_ai_ci NOT NULL COMMENT '操作描述',
  `request_param` longtext CHARACTER SET utf8mb4 COLLATE utf8mb4_0900_ai_ci NOT NULL COMMENT '请求参数',
  `request_method` varchar(20) CHARACTER SET utf8mb4 COLLATE utf8mb4_0900_ai_ci NOT NULL COMMENT '请求方式',
  `response_data` longtext CHARACTER SET utf8mb4 COLLATE utf8mb4_0900_ai_ci NOT NULL COMMENT '返回数据',
  `user_id` int(0) NOT NULL COMMENT '用户id',
  `nickname` varchar(50) CHARACTER SET utf8mb4 COLLATE utf8mb4_0900_ai_ci NOT NULL COMMENT '用户昵称',
  `ip_address` varchar(255) CHARACTER SET utf8mb4 COLLATE utf8mb4_0900_ai_ci NOT NULL COMMENT '操作ip',
  `ip_source` varchar(255) CHARACTER SET utf8mb4 COLLATE utf8mb4_0900_ai_ci NOT NULL COMMENT '操作地址',
  `create_time` datetime(0) NOT NULL COMMENT '创建时间',
  `update_time` datetime(0) NULL DEFAULT NULL COMMENT '更新时间',
  PRIMARY KEY (`id`) USING BTREE
) ENGINE = InnoDB AUTO_INCREMENT = 51 CHARACTER SET = utf8mb4 COLLATE = utf8mb4_0900_ai_ci ROW_FORMAT = Dynamic;

-- ----------------------------
-- Records of t_operation_log
-- ----------------------------
INSERT INTO `t_operation_log` VALUES (1, '说说模块', '新增或修改', '/admin/talks', 'com.aurora.controller.TalkController.saveOrUpdateTalk', '保存或修改说说', '[{\"content\":\"111\",\"images\":\"\",\"isTop\":0,\"status\":1}]', 'POST', '{\"code\":20000,\"flag\":true,\"message\":\"操作成功\"}', 1, '演示账号', '127.0.0.1', '内网IP|内网IP', '2023-12-25 15:03:52', NULL);
INSERT INTO `t_operation_log` VALUES (2, '用户信息模块', '修改', '/users/avatar', 'com.aurora.controller.UserInfoController.updateUserAvatar', '更新用户头像', 'file', 'POST', '{\"code\":20000,\"data\":\"http://boke-yxh.oss-cn-hangzhou.aliyuncs.com/aurora/avatar/c0e19d25ea23b38cd33d903d829a6fe2.jpg\",\"flag\":true,\"message\":\"操作成功\"}', 1, '演示账号', '127.0.0.1', '内网IP|内网IP', '2023-12-26 11:19:58', NULL);
INSERT INTO `t_operation_log` VALUES (3, '用户信息模块', '修改', '/users/info', 'com.aurora.controller.UserInfoController.updateUserInfo', '更新用户信息', '[{\"intro\":\"演示账号的用户简介\",\"nickname\":\"演示账号\",\"website\":\"\"}]', 'PUT', '{\"code\":20000,\"flag\":true,\"message\":\"操作成功\"}', 1, '演示账号', '127.0.0.1', '内网IP|内网IP', '2023-12-26 11:20:47', NULL);
INSERT INTO `t_operation_log` VALUES (4, 'aurora信息', '上传', '/admin/config/images', 'com.aurora.controller.AuroraInfoController.savePhotoAlbumCover', '上传博客配置图片', 'file', 'POST', '{\"code\":20000,\"data\":\"http://boke-yxh.oss-cn-hangzhou.aliyuncs.com/aurora/config/c0e19d25ea23b38cd33d903d829a6fe2.jpg\",\"flag\":true,\"message\":\"操作成功\"}', 1, '演示账号', '127.0.0.1', '内网IP|内网IP', '2023-12-26 13:16:58', NULL);
INSERT INTO `t_operation_log` VALUES (5, 'aurora信息', '上传', '/admin/config/images', 'com.aurora.controller.AuroraInfoController.savePhotoAlbumCover', '上传博客配置图片', 'file', 'POST', '{\"code\":20000,\"data\":\"http://boke-yxh.oss-cn-hangzhou.aliyuncs.com/aurora/config/05a668fda2824875f28a1b8387b9ce36.jpg\",\"flag\":true,\"message\":\"操作成功\"}', 1, '演示账号', '127.0.0.1', '内网IP|内网IP', '2023-12-26 13:17:06', NULL);
INSERT INTO `t_operation_log` VALUES (6, 'aurora信息', '修改', '/admin/website/config', 'com.aurora.controller.AuroraInfoController.updateWebsiteConfig', '更新网站配置', '[{\"alipayQRCode\":\"https://static.linhaojun.top/config/da4c6d8c13f66a8dd6716ddb48d73299.jpg\",\"author\":\"花未眠\",\"authorAvatar\":\"http://boke-yxh.oss-cn-hangzhou.aliyuncs.com/aurora/config/c0e19d25ea23b38cd33d903d829a6fe2.jpg\",\"authorIntro\":\"一个疯狂的coder\",\"beianNumber\":\"苏ICP备2022012376号\",\"csdn\":\"\",\"englishName\":\"huaweimian\",\"gitee\":\"https://gitee.com/linhaojun\",\"github\":\"https://github.com/linhaojun857\",\"isCommentReview\":0,\"isEmailNotice\":1,\"isReward\":1,\"juejin\":\"\",\"logo\":\"http://boke-yxh.oss-cn-hangzhou.aliyuncs.com/aurora/config/05a668fda2824875f28a1b8387b9ce36.jpg\",\"multiLanguage\":1,\"name\":\"花未眠\",\"notice\":\"代码已经开源，如果你感觉还行就给一个star吧。。。\",\"qq\":\"\",\"qqLogin\":1,\"stackoverflow\":\"\",\"touristAvatar\":\"https://static.linhaojun.top/config/2af2e2db20740e712f0a011a6f8c9af5.jpg\",\"twitter\":\"\",\"userAvatar\":\"https://static.linhaojun.top/config/0af1901da1e64dfb99bb61db21e716c4.jpeg\",\"weChat\":\"\",\"websiteCreateTime\":\"2022-08-19\",\"weiXinQRCode\":\"https://static.linhaojun.top/config/ed47edae605f74306f751c6fba9f14bd.png\",\"weibo\":\"\",\"zhihu\":\"\"}]', 'PUT', '{\"code\":20000,\"flag\":true,\"message\":\"操作成功\"}', 1, '演示账号', '127.0.0.1', '内网IP|内网IP', '2023-12-26 13:17:20', NULL);
INSERT INTO `t_operation_log` VALUES (7, 'aurora信息', '上传', '/admin/config/images', 'com.aurora.controller.AuroraInfoController.savePhotoAlbumCover', '上传博客配置图片', 'file', 'POST', '{\"code\":20000,\"data\":\"http://boke-yxh.oss-cn-hangzhou.aliyuncs.com/aurora/config/c0e19d25ea23b38cd33d903d829a6fe2.jpg\",\"flag\":true,\"message\":\"操作成功\"}', 1, '演示账号', '127.0.0.1', '内网IP|内网IP', '2023-12-26 13:17:29', NULL);
INSERT INTO `t_operation_log` VALUES (8, 'aurora信息', '上传', '/admin/config/images', 'com.aurora.controller.AuroraInfoController.savePhotoAlbumCover', '上传博客配置图片', 'file', 'POST', '{\"code\":20000,\"data\":\"http://boke-yxh.oss-cn-hangzhou.aliyuncs.com/aurora/config/ad92c897ab14ff246f8be6a06714e8a4.jpg\",\"flag\":true,\"message\":\"操作成功\"}', 1, '演示账号', '127.0.0.1', '内网IP|内网IP', '2023-12-26 13:17:34', NULL);
INSERT INTO `t_operation_log` VALUES (9, 'aurora信息', '修改', '/admin/website/config', 'com.aurora.controller.AuroraInfoController.updateWebsiteConfig', '更新网站配置', '[{\"alipayQRCode\":\"https://static.linhaojun.top/config/da4c6d8c13f66a8dd6716ddb48d73299.jpg\",\"author\":\"花未眠\",\"authorAvatar\":\"http://boke-yxh.oss-cn-hangzhou.aliyuncs.com/aurora/config/c0e19d25ea23b38cd33d903d829a6fe2.jpg\",\"authorIntro\":\"一个疯狂的coder\",\"beianNumber\":\"苏ICP备2022012376号\",\"csdn\":\"\",\"englishName\":\"huaweimian\",\"gitee\":\"https://gitee.com/linhaojun\",\"github\":\"https://github.com/linhaojun857\",\"isCommentReview\":0,\"isEmailNotice\":1,\"isReward\":1,\"juejin\":\"\",\"logo\":\"http://boke-yxh.oss-cn-hangzhou.aliyuncs.com/aurora/config/05a668fda2824875f28a1b8387b9ce36.jpg\",\"multiLanguage\":1,\"name\":\"花未眠\",\"notice\":\"代码已经开源，如果你感觉还行就给一个star吧。。。\",\"qq\":\"\",\"qqLogin\":1,\"stackoverflow\":\"\",\"touristAvatar\":\"http://boke-yxh.oss-cn-hangzhou.aliyuncs.com/aurora/config/ad92c897ab14ff246f8be6a06714e8a4.jpg\",\"twitter\":\"\",\"userAvatar\":\"http://boke-yxh.oss-cn-hangzhou.aliyuncs.com/aurora/config/c0e19d25ea23b38cd33d903d829a6fe2.jpg\",\"weChat\":\"\",\"websiteCreateTime\":\"2022-08-19\",\"weiXinQRCode\":\"https://static.linhaojun.top/config/ed47edae605f74306f751c6fba9f14bd.png\",\"weibo\":\"\",\"zhihu\":\"\"}]', 'PUT', '{\"code\":20000,\"flag\":true,\"message\":\"操作成功\"}', 1, '演示账号', '127.0.0.1', '内网IP|内网IP', '2023-12-26 13:17:40', NULL);
INSERT INTO `t_operation_log` VALUES (10, 'aurora信息', '上传', '/admin/config/images', 'com.aurora.controller.AuroraInfoController.savePhotoAlbumCover', '上传博客配置图片', 'file', 'POST', '{\"code\":20000,\"data\":\"http://boke-yxh.oss-cn-hangzhou.aliyuncs.com/aurora/config/c0e19d25ea23b38cd33d903d829a6fe2.ico\",\"flag\":true,\"message\":\"操作成功\"}', 1, '演示账号', '127.0.0.1', '内网IP|内网IP', '2023-12-26 13:28:45', NULL);
INSERT INTO `t_operation_log` VALUES (11, 'aurora信息', '修改', '/admin/website/config', 'com.aurora.controller.AuroraInfoController.updateWebsiteConfig', '更新网站配置', '[{\"alipayQRCode\":\"https://static.linhaojun.top/config/da4c6d8c13f66a8dd6716ddb48d73299.jpg\",\"author\":\"花未眠\",\"authorAvatar\":\"http://boke-yxh.oss-cn-hangzhou.aliyuncs.com/aurora/config/c0e19d25ea23b38cd33d903d829a6fe2.jpg\",\"authorIntro\":\"一个疯狂的coder\",\"beianNumber\":\"苏ICP备2022012376号\",\"csdn\":\"\",\"englishName\":\"huaweimian\",\"gitee\":\"https://gitee.com/linhaojun\",\"github\":\"https://github.com/linhaojun857\",\"isCommentReview\":0,\"isEmailNotice\":1,\"isReward\":1,\"juejin\":\"\",\"logo\":\"http://boke-yxh.oss-cn-hangzhou.aliyuncs.com/aurora/config/c0e19d25ea23b38cd33d903d829a6fe2.ico\",\"multiLanguage\":1,\"name\":\"花未眠\",\"notice\":\"代码已经开源，如果你感觉还行就给一个star吧。。。\",\"qq\":\"\",\"qqLogin\":1,\"stackoverflow\":\"\",\"touristAvatar\":\"http://boke-yxh.oss-cn-hangzhou.aliyuncs.com/aurora/config/ad92c897ab14ff246f8be6a06714e8a4.jpg\",\"twitter\":\"\",\"userAvatar\":\"http://boke-yxh.oss-cn-hangzhou.aliyuncs.com/aurora/config/c0e19d25ea23b38cd33d903d829a6fe2.jpg\",\"weChat\":\"\",\"websiteCreateTime\":\"2022-08-19\",\"weiXinQRCode\":\"https://static.linhaojun.top/config/ed47edae605f74306f751c6fba9f14bd.png\",\"weibo\":\"\",\"zhihu\":\"\"}]', 'PUT', '{\"code\":20000,\"flag\":true,\"message\":\"操作成功\"}', 1, '演示账号', '127.0.0.1', '内网IP|内网IP', '2023-12-26 13:28:52', NULL);
INSERT INTO `t_operation_log` VALUES (12, '相册模块', '上传', '/admin/photos/albums/upload', 'com.aurora.controller.PhotoAlbumController.savePhotoAlbumCover', '上传相册封面', 'file', 'POST', '{\"code\":20000,\"data\":\"http://boke-yxh.oss-cn-hangzhou.aliyuncs.com/aurora/photos/05a668fda2824875f28a1b8387b9ce36.jpg\",\"flag\":true,\"message\":\"操作成功\"}', 1, '演示账号', '127.0.0.1', '内网IP|内网IP', '2023-12-28 16:09:28', NULL);
INSERT INTO `t_operation_log` VALUES (13, '相册模块', '新增或修改', '/admin/photos/albums', 'com.aurora.controller.PhotoAlbumController.saveOrUpdatePhotoAlbum', '保存或更新相册', '[{\"albumCover\":\"http://boke-yxh.oss-cn-hangzhou.aliyuncs.com/aurora/photos/05a668fda2824875f28a1b8387b9ce36.jpg\",\"albumDesc\":\"主要用于管理风景图片\",\"albumName\":\"风景\",\"status\":1}]', 'POST', '{\"code\":20000,\"flag\":true,\"message\":\"操作成功\"}', 1, '演示账号', '127.0.0.1', '内网IP|内网IP', '2023-12-28 16:09:32', NULL);
INSERT INTO `t_operation_log` VALUES (14, '照片模块', '上传', '/admin/photos/upload', 'com.aurora.controller.PhotoController.savePhotoAlbumCover', '上传照片', 'file', 'POST', '{\"code\":20000,\"data\":\"http://boke-yxh.oss-cn-hangzhou.aliyuncs.com/aurora/photos/1f874db87065d0d7da88789f77534a46.jpg\",\"flag\":true,\"message\":\"操作成功\"}', 1, '演示账号', '127.0.0.1', '内网IP|内网IP', '2023-12-28 16:40:03', NULL);
INSERT INTO `t_operation_log` VALUES (15, '照片模块', '上传', '/admin/photos/upload', 'com.aurora.controller.PhotoController.savePhotoAlbumCover', '上传照片', 'file', 'POST', '{\"code\":20000,\"data\":\"http://boke-yxh.oss-cn-hangzhou.aliyuncs.com/aurora/photos/6c5ac065bbb1c878f32f3eae9f00251b.jpg\",\"flag\":true,\"message\":\"操作成功\"}', 1, '演示账号', '127.0.0.1', '内网IP|内网IP', '2023-12-28 16:40:03', NULL);
INSERT INTO `t_operation_log` VALUES (16, '照片模块', '上传', '/admin/photos/upload', 'com.aurora.controller.PhotoController.savePhotoAlbumCover', '上传照片', 'file', 'POST', '{\"code\":20000,\"data\":\"http://boke-yxh.oss-cn-hangzhou.aliyuncs.com/aurora/photos/6c5ac065bbb1c878f32f3eae9f00251b.jpg\",\"flag\":true,\"message\":\"操作成功\"}', 1, '演示账号', '127.0.0.1', '内网IP|内网IP', '2023-12-28 16:40:22', NULL);
INSERT INTO `t_operation_log` VALUES (17, '照片模块', '新增', '/admin/photos', 'com.aurora.controller.PhotoController.savePhotos', '保存照片', '[{\"albumId\":1,\"photoUrls\":[\"http://boke-yxh.oss-cn-hangzhou.aliyuncs.com/aurora/photos/6c5ac065bbb1c878f32f3eae9f00251b.jpg\"]}]', 'POST', '{\"code\":20000,\"flag\":true,\"message\":\"操作成功\"}', 1, '演示账号', '127.0.0.1', '内网IP|内网IP', '2023-12-28 16:40:24', NULL);
INSERT INTO `t_operation_log` VALUES (18, '评论模块', '新增', '/comments/save', 'com.aurora.controller.CommentController.saveComment', '添加评论', '[{\"commentContent\":\"22\",\"type\":2}]', 'POST', '{\"code\":20000,\"flag\":true,\"message\":\"操作成功\"}', 1, '演示账号', '127.0.0.1', '内网IP|内网IP', '2023-12-29 15:42:49', NULL);
INSERT INTO `t_operation_log` VALUES (19, '评论模块', '新增', '/comments/save', 'com.aurora.controller.CommentController.saveComment', '添加评论', '[{\"commentContent\":\"驱蚊器\",\"type\":4}]', 'POST', '{\"code\":20000,\"flag\":true,\"message\":\"操作成功\"}', 1, '演示账号', '127.0.0.1', '内网IP|内网IP', '2023-12-29 15:43:47', NULL);
INSERT INTO `t_operation_log` VALUES (20, '评论模块', '新增', '/comments/save', 'com.aurora.controller.CommentController.saveComment', '添加评论', '[{\"commentContent\":\"66\",\"type\":2}]', 'POST', '{\"code\":20000,\"flag\":true,\"message\":\"操作成功\"}', 1, '演示账号', '127.0.0.1', '内网IP|内网IP', '2023-12-29 16:18:12', NULL);
INSERT INTO `t_operation_log` VALUES (21, '文章模块', '上传', '/admin/articles/images', 'com.aurora.controller.ArticleController.saveArticleImages', '上传文章图片', 'file', 'POST', '{\"code\":20000,\"data\":\"http://boke-yxh.oss-cn-hangzhou.aliyuncs.com/aurora/articles/9824fa442684ae5aef12ee3a6f4a19bc.png\",\"flag\":true,\"message\":\"操作成功\"}', 1, '演示账号', '127.0.0.1', '内网IP|内网IP', '2023-12-29 16:19:38', NULL);
INSERT INTO `t_operation_log` VALUES (22, '文章模块', '上传', '/admin/articles/images', 'com.aurora.controller.ArticleController.saveArticleImages', '上传文章图片', 'file', 'POST', '{\"code\":20000,\"data\":\"http://boke-yxh.oss-cn-hangzhou.aliyuncs.com/aurora/articles/916293b0fddc978a4e2feed0215315aa.jpg\",\"flag\":true,\"message\":\"操作成功\"}', 1, '演示账号', '127.0.0.1', '内网IP|内网IP', '2023-12-29 16:21:15', NULL);
INSERT INTO `t_operation_log` VALUES (23, '文章模块', '上传', '/admin/articles/images', 'com.aurora.controller.ArticleController.saveArticleImages', '上传文章图片', 'file', 'POST', '{\"code\":20000,\"data\":\"http://boke-yxh.oss-cn-hangzhou.aliyuncs.com/aurora/articles/6c5ac065bbb1c878f32f3eae9f00251b.jpg\",\"flag\":true,\"message\":\"操作成功\"}', 1, '演示账号', '127.0.0.1', '内网IP|内网IP', '2023-12-29 16:33:44', NULL);
INSERT INTO `t_operation_log` VALUES (24, '文章模块', '新增或修改', '/admin/articles', 'com.aurora.controller.ArticleController.saveOrUpdateArticle', '保存和修改文章', '[{\"articleAbstract\":\"\",\"articleContent\":\"安定\",\"articleCover\":\"http://boke-yxh.oss-cn-hangzhou.aliyuncs.com/aurora/articles/6c5ac065bbb1c878f32f3eae9f00251b.jpg\",\"articleTitle\":\"2023-12-29\",\"categoryName\":\"a\",\"isFeatured\":0,\"isTop\":0,\"status\":1,\"tagNames\":[\"Q\"],\"type\":1}]', 'POST', '{\"code\":20000,\"flag\":true,\"message\":\"操作成功\"}', 1, '演示账号', '127.0.0.1', '内网IP|内网IP', '2023-12-29 16:34:11', NULL);
INSERT INTO `t_operation_log` VALUES (25, '文章模块', '上传', '/admin/articles/images', 'com.aurora.controller.ArticleController.saveArticleImages', '上传文章图片', 'file', 'POST', '{\"code\":20000,\"data\":\"http://boke-yxh.oss-cn-hangzhou.aliyuncs.com/aurora/articles/fbd9518afc3926e5aeb8cffcadb3d66c.png\",\"flag\":true,\"message\":\"操作成功\"}', 1, '演示账号', '127.0.0.1', '内网IP|内网IP', '2023-12-29 16:35:04', NULL);
INSERT INTO `t_operation_log` VALUES (26, '文章模块', '上传', '/admin/articles/images', 'com.aurora.controller.ArticleController.saveArticleImages', '上传文章图片', 'file', 'POST', '{\"code\":20000,\"data\":\"http://boke-yxh.oss-cn-hangzhou.aliyuncs.com/aurora/articles/6c5ac065bbb1c878f32f3eae9f00251b.jpg\",\"flag\":true,\"message\":\"操作成功\"}', 1, '演示账号', '127.0.0.1', '内网IP|内网IP', '2023-12-29 16:36:10', NULL);
INSERT INTO `t_operation_log` VALUES (27, '文章模块', '上传', '/admin/articles/images', 'com.aurora.controller.ArticleController.saveArticleImages', '上传文章图片', 'file', 'POST', '{\"code\":20000,\"data\":\"http://boke-yxh.oss-cn-hangzhou.aliyuncs.com/aurora/articles/916293b0fddc978a4e2feed0215315aa.jpg\",\"flag\":true,\"message\":\"操作成功\"}', 1, '演示账号', '127.0.0.1', '内网IP|内网IP', '2023-12-29 16:37:03', NULL);
INSERT INTO `t_operation_log` VALUES (28, '文章模块', '上传', '/admin/articles/images', 'com.aurora.controller.ArticleController.saveArticleImages', '上传文章图片', 'file', 'POST', '{\"code\":20000,\"data\":\"http://boke-yxh.oss-cn-hangzhou.aliyuncs.com/aurora/articles/6c5ac065bbb1c878f32f3eae9f00251b.jpg\",\"flag\":true,\"message\":\"操作成功\"}', 1, '演示账号', '127.0.0.1', '内网IP|内网IP', '2023-12-29 16:40:11', NULL);
INSERT INTO `t_operation_log` VALUES (29, '文章模块', '上传', '/admin/articles/images', 'com.aurora.controller.ArticleController.saveArticleImages', '上传文章图片', 'file', 'POST', '{\"code\":20000,\"data\":\"http://boke-yxh.oss-cn-hangzhou.aliyuncs.com/aurora/articles/6c5ac065bbb1c878f32f3eae9f00251b.jpg\",\"flag\":true,\"message\":\"操作成功\"}', 1, '演示账号', '127.0.0.1', '内网IP|内网IP', '2023-12-29 16:40:25', NULL);
INSERT INTO `t_operation_log` VALUES (30, '文章模块', '新增或修改', '/admin/articles', 'com.aurora.controller.ArticleController.saveOrUpdateArticle', '保存和修改文章', '[{\"articleAbstract\":\"\",\"articleContent\":\"啊大苏打撒旦![11.jpg](http://boke-yxh.oss-cn-hangzhou.aliyuncs.com/aurora/articles/6c5ac065bbb1c878f32f3eae9f00251b.jpg)\",\"articleCover\":\"http://boke-yxh.oss-cn-hangzhou.aliyuncs.com/aurora/articles/6c5ac065bbb1c878f32f3eae9f00251b.jpg\",\"articleTitle\":\"2023-12-29\",\"categoryName\":\"docker\",\"isFeatured\":0,\"isTop\":0,\"status\":1,\"tagNames\":[\"a\"],\"type\":1}]', 'POST', '{\"code\":20000,\"flag\":true,\"message\":\"操作成功\"}', 1, '演示账号', '127.0.0.1', '内网IP|内网IP', '2023-12-29 16:40:26', NULL);
INSERT INTO `t_operation_log` VALUES (31, '文章模块', '上传', '/admin/articles/images', 'com.aurora.controller.ArticleController.saveArticleImages', '上传文章图片', 'file', 'POST', '{\"code\":20000,\"data\":\"http://boke-yxh.oss-cn-hangzhou.aliyuncs.com/aurora/articles/fbd9518afc3926e5aeb8cffcadb3d66c.png\",\"flag\":true,\"message\":\"操作成功\"}', 1, '演示账号', '127.0.0.1', '内网IP|内网IP', '2023-12-29 16:40:57', NULL);
INSERT INTO `t_operation_log` VALUES (32, '文章模块', '上传', '/admin/articles/images', 'com.aurora.controller.ArticleController.saveArticleImages', '上传文章图片', 'file', 'POST', '{\"code\":20000,\"data\":\"http://boke-yxh.oss-cn-hangzhou.aliyuncs.com/aurora/articles/6c5ac065bbb1c878f32f3eae9f00251b.jpg\",\"flag\":true,\"message\":\"操作成功\"}', 1, '演示账号', '127.0.0.1', '内网IP|内网IP', '2023-12-29 16:41:24', NULL);
INSERT INTO `t_operation_log` VALUES (33, '文章模块', '新增或修改', '/admin/articles', 'com.aurora.controller.ArticleController.saveOrUpdateArticle', '保存和修改文章', '[{\"articleAbstract\":\"\",\"articleContent\":\"![image.png](http://boke-yxh.oss-cn-hangzhou.aliyuncs.com/aurora/articles/fbd9518afc3926e5aeb8cffcadb3d66c.png)\\n原因：ib_logfile 文件冲突引起的\\n解决方法：\\n进入data目录下将ib_logfile0、ib_logfile1…文件删除即可\\n\",\"articleCover\":\"http://boke-yxh.oss-cn-hangzhou.aliyuncs.com/aurora/articles/6c5ac065bbb1c878f32f3eae9f00251b.jpg\",\"articleTitle\":\"2023-12-29\",\"categoryName\":\"docker\",\"isFeatured\":0,\"isTop\":0,\"status\":1,\"tagNames\":[\"docker启动容器报错\"],\"type\":1}]', 'POST', '{\"code\":20000,\"flag\":true,\"message\":\"操作成功\"}', 1, '演示账号', '127.0.0.1', '内网IP|内网IP', '2023-12-29 16:41:32', NULL);
INSERT INTO `t_operation_log` VALUES (34, '文章模块', '新增或修改', '/admin/articles', 'com.aurora.controller.ArticleController.saveOrUpdateArticle', '保存和修改文章', '[{\"articleAbstract\":\"\",\"articleContent\":\"![image.png](http://boke-yxh.oss-cn-hangzhou.aliyuncs.com/aurora/articles/fbd9518afc3926e5aeb8cffcadb3d66c.png)\\n原因：ib_logfile 文件冲突引起的\\n解决方法：\\n进入data目录下将ib_logfile0、ib_logfile1…文件删除即可\\n\",\"articleCover\":\"http://boke-yxh.oss-cn-hangzhou.aliyuncs.com/aurora/articles/6c5ac065bbb1c878f32f3eae9f00251b.jpg\",\"articleTitle\":\"2023-12-29\",\"categoryName\":\"docker\",\"isFeatured\":0,\"isTop\":0,\"status\":1,\"tagNames\":[],\"type\":1}]', 'POST', '{\"code\":20000,\"flag\":true,\"message\":\"操作成功\"}', 1, '演示账号', '127.0.0.1', '内网IP|内网IP', '2023-12-29 16:41:37', NULL);
INSERT INTO `t_operation_log` VALUES (35, '文章模块', '新增或修改', '/admin/articles', 'com.aurora.controller.ArticleController.saveOrUpdateArticle', '保存和修改文章', '[{\"articleAbstract\":\"docker启动mysql容器报Restarting (1) 49 seconds ago错误\",\"articleContent\":\"![image.png](http://boke-yxh.oss-cn-hangzhou.aliyuncs.com/aurora/articles/fbd9518afc3926e5aeb8cffcadb3d66c.png)\\n原因：ib_logfile 文件冲突引起的\\n解决方法：\\n进入data目录下将ib_logfile0、ib_logfile1…文件删除即可\\n\",\"articleCover\":\"http://boke-yxh.oss-cn-hangzhou.aliyuncs.com/aurora/articles/6c5ac065bbb1c878f32f3eae9f00251b.jpg\",\"articleTitle\":\"2023-12-29\",\"categoryName\":\"docker\",\"id\":11,\"isFeatured\":0,\"isTop\":0,\"status\":1,\"tagNames\":[],\"type\":1}]', 'POST', '{\"code\":20000,\"flag\":true,\"message\":\"操作成功\"}', 1, '演示账号', '127.0.0.1', '内网IP|内网IP', '2023-12-29 16:42:42', NULL);
INSERT INTO `t_operation_log` VALUES (36, '文章模块', '上传', '/admin/articles/images', 'com.aurora.controller.ArticleController.saveArticleImages', '上传文章图片', 'file', 'POST', '{\"code\":20000,\"data\":\"http://boke-yxh.oss-cn-hangzhou.aliyuncs.com/aurora/articles/a384d50a3ece7c3d0514feccbbb06d3e.png\",\"flag\":true,\"message\":\"操作成功\"}', 1, '演示账号', '127.0.0.1', '内网IP|内网IP', '2023-12-29 16:43:35', NULL);
INSERT INTO `t_operation_log` VALUES (37, '文章模块', '上传', '/admin/articles/images', 'com.aurora.controller.ArticleController.saveArticleImages', '上传文章图片', 'file', 'POST', '{\"code\":20000,\"data\":\"http://boke-yxh.oss-cn-hangzhou.aliyuncs.com/aurora/articles/1f874db87065d0d7da88789f77534a46.jpg\",\"flag\":true,\"message\":\"操作成功\"}', 1, '演示账号', '127.0.0.1', '内网IP|内网IP', '2023-12-29 16:44:01', NULL);
INSERT INTO `t_operation_log` VALUES (38, '文章模块', '新增或修改', '/admin/articles', 'com.aurora.controller.ArticleController.saveOrUpdateArticle', '保存和修改文章', '[{\"articleAbstract\":\"mysql执行over方法报错\",\"articleContent\":\"![image.png](http://boke-yxh.oss-cn-hangzhou.aliyuncs.com/aurora/articles/a384d50a3ece7c3d0514feccbbb06d3e.png)\\nOver只能mysql8以上可以使用\",\"articleCover\":\"http://boke-yxh.oss-cn-hangzhou.aliyuncs.com/aurora/articles/1f874db87065d0d7da88789f77534a46.jpg\",\"articleTitle\":\"2023-12-29\",\"categoryName\":\"mysql\",\"isFeatured\":0,\"isTop\":0,\"status\":1,\"tagNames\":[\"mysql语句报错\"],\"type\":1}]', 'POST', '{\"code\":20000,\"flag\":true,\"message\":\"操作成功\"}', 1, '演示账号', '127.0.0.1', '内网IP|内网IP', '2023-12-29 16:44:16', NULL);
INSERT INTO `t_operation_log` VALUES (39, '文章模块', '新增或修改', '/admin/articles', 'com.aurora.controller.ArticleController.saveOrUpdateArticle', '保存和修改文章', '[{\"articleAbstract\":\"mysql执行over方法报错\",\"articleContent\":\"![image.png](http://boke-yxh.oss-cn-hangzhou.aliyuncs.com/aurora/articles/a384d50a3ece7c3d0514feccbbb06d3e.png)\\nOver只能mysql8以上可以使用\",\"articleCover\":\"http://boke-yxh.oss-cn-hangzhou.aliyuncs.com/aurora/articles/1f874db87065d0d7da88789f77534a46.jpg\",\"articleTitle\":\"2023-12-29\",\"categoryName\":\"mysql\",\"id\":12,\"isFeatured\":0,\"isTop\":0,\"status\":1,\"tagNames\":[],\"type\":1}]', 'POST', '{\"code\":20000,\"flag\":true,\"message\":\"操作成功\"}', 1, '演示账号', '127.0.0.1', '内网IP|内网IP', '2024-01-26 10:30:51', NULL);
INSERT INTO `t_operation_log` VALUES (40, '文章模块', '新增或修改', '/admin/articles', 'com.aurora.controller.ArticleController.saveOrUpdateArticle', '保存和修改文章', '[{\"articleAbstract\":\"mysql执行over方法报错\",\"articleContent\":\"![image.png](http://boke-yxh.oss-cn-hangzhou.aliyuncs.com/aurora/articles/a384d50a3ece7c3d0514feccbbb06d3e.png)\\nOver只能mysql8以上可以使用\",\"articleCover\":\"http://boke-yxh.oss-cn-hangzhou.aliyuncs.com/aurora/articles/1f874db87065d0d7da88789f77534a46.jpg\",\"articleTitle\":\"2023-12-29\",\"categoryName\":\"mysql\",\"id\":12,\"isFeatured\":0,\"isTop\":0,\"status\":1,\"tagNames\":[],\"type\":1}]', 'POST', '{\"code\":20000,\"flag\":true,\"message\":\"操作成功\"}', 1, '演示账号', '127.0.0.1', '内网IP|内网IP', '2024-01-26 10:31:15', NULL);
INSERT INTO `t_operation_log` VALUES (41, '菜单模块', '修改', '/admin/menus/isHidden', 'com.aurora.controller.MenuController.updateMenuIsHidden', '修改目录是否隐藏', '[{\"id\":220,\"isHidden\":0}]', 'PUT', '{\"code\":20000,\"flag\":true,\"message\":\"操作成功\"}', 1, '演示账号', '127.0.0.1', '内网IP|内网IP', '2024-01-26 10:33:56', NULL);
INSERT INTO `t_operation_log` VALUES (42, '菜单模块', '修改', '/admin/menus/isHidden', 'com.aurora.controller.MenuController.updateMenuIsHidden', '修改目录是否隐藏', '[{\"id\":220,\"isHidden\":1}]', 'PUT', '{\"code\":20000,\"flag\":true,\"message\":\"操作成功\"}', 1, '演示账号', '127.0.0.1', '内网IP|内网IP', '2024-01-26 10:34:25', NULL);
INSERT INTO `t_operation_log` VALUES (43, '文章模块', '上传', '/admin/articles/images', 'com.aurora.controller.ArticleController.saveArticleImages', '上传文章图片', 'file', 'POST', '{\"code\":20000,\"data\":\"http://boke-yxh.oss-cn-hangzhou.aliyuncs.com/aurora/articles/c679c1111b25c92d57c73428d6d0fc36.jpg\",\"flag\":true,\"message\":\"操作成功\"}', 1, '演示账号', '127.0.0.1', '内网IP|内网IP', '2024-02-22 13:30:09', NULL);
INSERT INTO `t_operation_log` VALUES (44, '文章模块', '新增或修改', '/admin/articles', 'com.aurora.controller.ArticleController.saveOrUpdateArticle', '保存和修改文章', '[{\"articleAbstract\":\"\",\"articleContent\":\"::: hljs-center\\n\\n# docker安装MySQL\\n\\n:::\\n## 1.启动docker\\n\\t启动：sudo systemctl start docker\\n\\t\\tservice docker start\\n\\t停止：systemctl stop docker\\n\\t重启：systemctl restart docker\\n## 2.查询mysql\\n\\tdocker search mysql\\n## 3.安装MySQL\\n#### 1.默认拉取最新版本mysql\\n\\tdocker pull mysql\\n#### 2.拉取指定版本mysql_5.7\\n\\tsudo docker pull mysql:5.7\\n## 4.查看镜像\\n\\tdocker images\\n## 5.Docker启动\\\\使用Mysql\\n### 1.启动mysql容器（创建镜像实例）\\n#### 1.指定版本\\n\\tsudo docker run -p 3306:3306 --name mysql \\\\\\n\\t-v /mydata/mysql/log:/var/log/mysql \\\\\\n\\t-v /mydata/mysql/data:/var/lib/mysql \\\\\\n\\t-v /mydata/mysql/conf:/etc/mysql \\\\\\n\\t-e MYSQL_ROOT_PASSWORD=root \\\\\\n\\t-d mysql:5.7\\n#### 2.最新版本\\n\\tdocker run -p 3306:3306 --name mysql \\\\\\n\\t-v /mydata/mysql/log:/var/log/mysql \\\\\\n\\t-v /mydata/mysql/data:/var/lib/mysql \\\\\\n\\t-v /mydata/mysql/conf:/etc/mysql \\\\\\n\\t-e MYSQL_ROOT_PASSWORD=root \\\\\\n\\t-d mysql:latest\\n\\n\\n#### 3.命令含义：容器＝完整Linux\\n\\t\\tdocker run:在docker中启动一个容器实例\\n\\t\\t-d:该容器在后台运行\\n\\t\\t-p 3306:3306：容器与主机映射端口为，主机3306，容器3306\\n\\t\\t--name mysql：容器运行后的名称\\n\\t\\t-v /mysqldata/mysql/log:/var/log/mysql：将容器/var/log/mysql目录下的数据，备份到主机的 /mysqldata/mysql/log目录下\\n\\t\\t-v /mysqldata/mysql/data:/var/lib/mysql：将容器/var/lib/mysql目录下的数据，备份到主机的 /mysqldata/mysql/data目录下\\n\\t\\t-v /mysqldata/mysql/conf:/etc/mysql：将容器/etc/mysql目录下的数据，备份到主机的 mysqldata/mysql/conf目录下\\n\\t\\t-e MYSQL_ROOT_PASSWORD=root：设置当前mysql实例的密码为root\\n\\t\\tmysql:5.7:需要运行的容器名称以及版本号\\n### 2.在var/lib/docker/containers/下查看容器\\n\\tcd /var/lib/docker/containers/\\n### 3.查看mysql进程获取name——mysql名称\\n\\tdocker ps -a\\n### 4.进入mysql容器—并登陆mysql\\n\\t格式：docker exec -it   mysql名称   bash\\n\\n\\t进入mysql容器操作台命令：docker exec -it mysql bash\\t\\n\\n\\t登录mysql命令：mysql -u root -p\\n\\n\\t\\t输入密码：\\n### 5.开启远程访问权限\\n\\t命令：use mysql;\\n\\n\\t命令：select host,user from user;\\n\\n\\t命令：ALTER USER \'root\'@\'%\' IDENTIFIED WITH mysql_native_password BY \'123456\';\\n\\n\\t命令：flush privileges;\\n\\n\\n\\t把root用户的密码改成 mysql_native_password 模式，即可远程连接\\n\\n\\n\\n\\t\\t#创建一个账号-admin，用来进行远程访问；\\n\\t\\tCREATE USER \'admin\'@\'%\' IDENTIFIED BY \'123456\';\\n\\t\\t \\n\\t\\t \\n\\t\\t 赋予所有权限给之前创建的账号:admin\\n\\t\\tGRANT ALL ON *.* TO \'admin\'@\'%\';\\n\\t\\t \\n\\t\\t \\n\\t\\t 确认使用密码{123456}登录此账号{admin}\\n\\t\\t 密码尽量复杂，安全性更高。\\n\\t\\tALTER USER \'admin\'@\'%\' IDENTIFIED WITH mysql_native_password BY \'123456\';\\n\\t\\t \\n\\t\\t \\n\\t\\t 刷新权限\\n\\t\\tFLUSH PRIVILEGES;\\n### 6.查看docker日志\\n\\t命令：docker logs -f --tail 10 a4dac74d48f7\\n### 7.常用命令\\n#### 查看进程\\n\\t命令：docker ps -a\\n#### 关闭docker中mysql容器\\n\\t命令：docker stop mysqlserver\\n### 8.重启docker中mysql重启\\n#### 重启docker\\n\\t命令：systemctl restart docker\\n#### 关闭docker\\n\\t命令：systemctl stop docker\\n#### 自动重启容器\\n\\tsudo docker update mysql --restart=always\\n### 9、移除原来的container ID（就是长长的那串数字）\\n\\tdocker rm + container ID \\n### 10、退出容器\\n## 三、Mysql设置\\n### 1、进入容器：\\n\\t命令：\\tdocker exec -it mysql bash\\n\\n\\t命令：mysql -u root -p\\n### 2、定位容器位置：\\n\\t命令：whereis mysql\\n\\t显示：mysql: /usr/bin/mysql /usr/lib/mysql /etc/mysql /usr/share/mysql\\n### 3、退出容器：\\n\\texit\\n### 4、找到配置文件夹：一级一级的进入\\n\\t命令：cd /mydata/\\n\\t命令：cd mysql/\\n\\t命令：cd conf/\\n### 5、创建配置文件：cnf\\n\\t命令：vi my. cnf\\n\\t命令：i\\n\\n\\t粘贴内容：\\n\\t[client]\\n\\tdefault-character-set=utf8\\n\\t[mysql]\\n\\tdefault-character-set=utf8\\n\\t[mysqld]\\n\\tinit_connect=\' SET collation_connection = utf8_unicode_ci \'\\n\\tinit_connect=\' SET NAMES utf8 \'\\n\\tcharacter-set-server=utf8\\n\\tcollation-server=utf8_unicode_ci \\n\\tskip-character-set-client-handshake \\n\\tskip-name-resolve\\n\\t\\n\\t按键：ESC\\n\\t命令：:wq\\n### 6、重启容器\\n\\t命令：docker restart mysql\\n\\t命令：docker exec -it mysql /bin/bash\\n### 7、进入文件夹\\n\\t目录：cd /etc/mysql/\\n\\t展示：ls\\n\\t查看文件：cat my. cnf\",\"articleCover\":\"http://boke-yxh.oss-cn-hangzhou.aliyuncs.com/aurora/articles/c679c1111b25c92d57c73428d6d0fc36.jpg\",\"articleTitle\":\"2024-02-22\",\"categoryName\":\"docker\",\"isFeatured\":1,\"isTop\":1,\"originalUrl\":\"https://blog.csdn.net/qq_25482375/article/details/126250746\",\"status\":1,\"tagNames\":[\"docker安装MySQL\"],\"type\":2}]', 'POST', '{\"code\":20000,\"flag\":true,\"message\":\"操作成功\"}', 1, '演示账号', '127.0.0.1', '内网IP|内网IP', '2024-02-22 13:30:18', NULL);
INSERT INTO `t_operation_log` VALUES (45, 'aurora信息', '修改', '/admin/website/config', 'com.aurora.controller.AuroraInfoController.updateWebsiteConfig', '更新网站配置', '[{\"alipayQRCode\":\"https://static.linhaojun.top/config/da4c6d8c13f66a8dd6716ddb48d73299.jpg\",\"author\":\"余\",\"authorAvatar\":\"http://boke-yxh.oss-cn-hangzhou.aliyuncs.com/aurora/config/c0e19d25ea23b38cd33d903d829a6fe2.jpg\",\"authorIntro\":\"一个疯狂的coder\",\"beianNumber\":\"苏ICP备2022012376号\",\"csdn\":\"\",\"englishName\":\"yu\",\"gitee\":\"https://gitee.com/linhaojun\",\"github\":\"https://github.com/linhaojun857\",\"isCommentReview\":0,\"isEmailNotice\":1,\"isReward\":1,\"juejin\":\"\",\"logo\":\"http://boke-yxh.oss-cn-hangzhou.aliyuncs.com/aurora/config/c0e19d25ea23b38cd33d903d829a6fe2.ico\",\"multiLanguage\":1,\"name\":\"余\",\"notice\":\"代码已经开源，如果你感觉还行就给一个star吧。。。\",\"qq\":\"\",\"qqLogin\":1,\"stackoverflow\":\"\",\"touristAvatar\":\"http://boke-yxh.oss-cn-hangzhou.aliyuncs.com/aurora/config/ad92c897ab14ff246f8be6a06714e8a4.jpg\",\"twitter\":\"\",\"userAvatar\":\"http://boke-yxh.oss-cn-hangzhou.aliyuncs.com/aurora/config/c0e19d25ea23b38cd33d903d829a6fe2.jpg\",\"weChat\":\"\",\"websiteCreateTime\":\"2022-12-01\",\"weiXinQRCode\":\"https://static.linhaojun.top/config/ed47edae605f74306f751c6fba9f14bd.png\",\"weibo\":\"\",\"zhihu\":\"\"}]', 'PUT', '{\"code\":20000,\"flag\":true,\"message\":\"操作成功\"}', 1, '演示账号', '127.0.0.1', '内网IP|内网IP', '2024-02-22 14:14:06', NULL);
INSERT INTO `t_operation_log` VALUES (46, '文章模块', '新增或修改', '/admin/articles', 'com.aurora.controller.ArticleController.saveOrUpdateArticle', '保存和修改文章', '[{\"articleAbstract\":\"Docker安装MySQL\",\"articleContent\":\"::: hljs-center\\n\\n# docker安装MySQL\\n\\n:::\\n## 1.启动docker\\n\\t启动：sudo systemctl start docker\\n\\t\\tservice docker start\\n\\t停止：systemctl stop docker\\n\\t重启：systemctl restart docker\\n## 2.查询mysql\\n\\tdocker search mysql\\n## 3.安装MySQL\\n#### 1.默认拉取最新版本mysql\\n\\tdocker pull mysql\\n#### 2.拉取指定版本mysql_5.7\\n\\tsudo docker pull mysql:5.7\\n## 4.查看镜像\\n\\tdocker images\\n## 5.Docker启动\\\\使用Mysql\\n### 1.启动mysql容器（创建镜像实例）\\n#### 1.指定版本\\n\\tsudo docker run -p 3306:3306 --name mysql \\\\\\n\\t-v /mydata/mysql/log:/var/log/mysql \\\\\\n\\t-v /mydata/mysql/data:/var/lib/mysql \\\\\\n\\t-v /mydata/mysql/conf:/etc/mysql \\\\\\n\\t-e MYSQL_ROOT_PASSWORD=root \\\\\\n\\t-d mysql:5.7\\n#### 2.最新版本\\n\\tdocker run -p 3306:3306 --name mysql \\\\\\n\\t-v /mydata/mysql/log:/var/log/mysql \\\\\\n\\t-v /mydata/mysql/data:/var/lib/mysql \\\\\\n\\t-v /mydata/mysql/conf:/etc/mysql \\\\\\n\\t-e MYSQL_ROOT_PASSWORD=root \\\\\\n\\t-d mysql:latest\\n\\n\\n#### 3.命令含义：容器＝完整Linux\\n\\t\\tdocker run:在docker中启动一个容器实例\\n\\t\\t-d:该容器在后台运行\\n\\t\\t-p 3306:3306：容器与主机映射端口为，主机3306，容器3306\\n\\t\\t--name mysql：容器运行后的名称\\n\\t\\t-v /mysqldata/mysql/log:/var/log/mysql：将容器/var/log/mysql目录下的数据，备份到主机的 /mysqldata/mysql/log目录下\\n\\t\\t-v /mysqldata/mysql/data:/var/lib/mysql：将容器/var/lib/mysql目录下的数据，备份到主机的 /mysqldata/mysql/data目录下\\n\\t\\t-v /mysqldata/mysql/conf:/etc/mysql：将容器/etc/mysql目录下的数据，备份到主机的 mysqldata/mysql/conf目录下\\n\\t\\t-e MYSQL_ROOT_PASSWORD=root：设置当前mysql实例的密码为root\\n\\t\\tmysql:5.7:需要运行的容器名称以及版本号\\n### 2.在var/lib/docker/containers/下查看容器\\n\\tcd /var/lib/docker/containers/\\n### 3.查看mysql进程获取name——mysql名称\\n\\tdocker ps -a\\n### 4.进入mysql容器—并登陆mysql\\n\\t格式：docker exec -it   mysql名称   bash\\n\\n\\t进入mysql容器操作台命令：docker exec -it mysql bash\\t\\n\\n\\t登录mysql命令：mysql -u root -p\\n\\n\\t\\t输入密码：\\n### 5.开启远程访问权限\\n\\t命令：use mysql;\\n\\n\\t命令：select host,user from user;\\n\\n\\t命令：ALTER USER \'root\'@\'%\' IDENTIFIED WITH mysql_native_password BY \'123456\';\\n\\n\\t命令：flush privileges;\\n\\n\\n\\t把root用户的密码改成 mysql_native_password 模式，即可远程连接\\n\\n\\n\\n\\t\\t#创建一个账号-admin，用来进行远程访问；\\n\\t\\tCREATE USER \'admin\'@\'%\' IDENTIFIED BY \'123456\';\\n\\t\\t \\n\\t\\t \\n\\t\\t 赋予所有权限给之前创建的账号:admin\\n\\t\\tGRANT ALL ON *.* TO \'admin\'@\'%\';\\n\\t\\t \\n\\t\\t \\n\\t\\t 确认使用密码{123456}登录此账号{admin}\\n\\t\\t 密码尽量复杂，安全性更高。\\n\\t\\tALTER USER \'admin\'@\'%\' IDENTIFIED WITH mysql_native_password BY \'123456\';\\n\\t\\t \\n\\t\\t \\n\\t\\t 刷新权限\\n\\t\\tFLUSH PRIVILEGES;\\n### 6.查看docker日志\\n\\t命令：docker logs -f --tail 10 a4dac74d48f7\\n### 7.常用命令\\n#### 查看进程\\n\\t命令：docker ps -a\\n#### 关闭docker中mysql容器\\n\\t命令：docker stop mysqlserver\\n### 8.重启docker中mysql重启\\n#### 重启docker\\n\\t命令：systemctl restart docker\\n#### 关闭docker\\n\\t命令：systemctl stop docker\\n#### 自动重启容器\\n\\tsudo docker update mysql --restart=always\\n### 9、移除原来的container ID（就是长长的那串数字）\\n\\tdocker rm + container ID \\n### 10、退出容器\\n## 三、Mysql设置\\n### 1、进入容器：\\n\\t命令：\\tdocker exec -it mysql bash\\n\\n\\t命令：mysql -u root -p\\n### 2、定位容器位置：\\n\\t命令：whereis mysql\\n\\t显示：mysql: /usr/bin/mysql /usr/lib/mysql /etc/mysql /usr/share/mysql\\n### 3、退出容器：\\n\\texit\\n### 4、找到配置文件夹：一级一级的进入\\n\\t命令：cd /mydata/\\n\\t命令：cd mysql/\\n\\t命令：cd conf/\\n### 5、创建配置文件：cnf\\n\\t命令：vi my. cnf\\n\\t命令：i\\n\\n\\t粘贴内容：\\n\\t[client]\\n\\tdefault-character-set=utf8\\n\\t[mysql]\\n\\tdefault-character-set=utf8\\n\\t[mysqld]\\n\\tinit_connect=\' SET collation_connection = utf8_unicode_ci \'\\n\\tinit_connect=\' SET NAMES utf8 \'\\n\\tcharacter-set-server=utf8\\n\\tcollation-server=utf8_unicode_ci \\n\\tskip-character-set-client-handshake \\n\\tskip-name-resolve\\n\\t\\n\\t按键：ESC\\n\\t命令：:wq\\n### 6、重启容器\\n\\t命令：docker restart mysql\\n\\t命令：docker exec -it mysql /bin/bash\\n### 7、进入文件夹\\n\\t目录：cd /etc/mysql/\\n\\t展示：ls\\n\\t查看文件：cat my. cnf\",\"articleCover\":\"http://boke-yxh.oss-cn-hangzhou.aliyuncs.com/aurora/articles/c679c1111b25c92d57c73428d6d0fc36.jpg\",\"articleTitle\":\"2024-02-22\",\"categoryName\":\"docker\",\"id\":13,\"isFeatured\":1,\"isTop\":1,\"originalUrl\":\"https://blog.csdn.net/qq_25482375/article/details/126250746\",\"status\":1,\"tagNames\":[],\"type\":2}]', 'POST', '{\"code\":20000,\"flag\":true,\"message\":\"操作成功\"}', 1, '演示账号', '127.0.0.1', '内网IP|内网IP', '2024-02-22 14:15:06', NULL);
INSERT INTO `t_operation_log` VALUES (47, '用户信息模块', '修改', '/users/info', 'com.aurora.controller.UserInfoController.updateUserInfo', '更新用户信息', '[{\"intro\":\"\",\"nickname\":\"余\",\"website\":\"\"}]', 'PUT', '{\"code\":20000,\"flag\":true,\"message\":\"操作成功\"}', 1, '演示账号', '127.0.0.1', '内网IP|内网IP', '2024-02-22 14:15:45', NULL);
INSERT INTO `t_operation_log` VALUES (48, '用户信息模块', '修改', '/users/info', 'com.aurora.controller.UserInfoController.updateUserInfo', '更新用户信息', '[{\"intro\":\"\",\"nickname\":\"余\",\"website\":\"www.yuxinhui.top\"}]', 'PUT', '{\"code\":20000,\"flag\":true,\"message\":\"操作成功\"}', 1, '演示账号', '127.0.0.1', '内网IP|内网IP', '2024-02-22 14:16:04', NULL);
INSERT INTO `t_operation_log` VALUES (49, 'aurora信息', '修改', '/admin/website/config', 'com.aurora.controller.AuroraInfoController.updateWebsiteConfig', '更新网站配置', '[{\"alipayQRCode\":\"https://static.linhaojun.top/config/da4c6d8c13f66a8dd6716ddb48d73299.jpg\",\"author\":\"余\",\"authorAvatar\":\"http://boke-yxh.oss-cn-hangzhou.aliyuncs.com/aurora/config/c0e19d25ea23b38cd33d903d829a6fe2.jpg\",\"authorIntro\":\"一个疯狂的coder\",\"beianNumber\":\"苏ICP备2022012376号\",\"csdn\":\"\",\"englishName\":\"yu\",\"gitee\":\"https://gitee.com/linhaojun\",\"github\":\"https://github.com/linhaojun857\",\"isCommentReview\":0,\"isEmailNotice\":1,\"isReward\":1,\"juejin\":\"\",\"logo\":\"http://boke-yxh.oss-cn-hangzhou.aliyuncs.com/aurora/config/c0e19d25ea23b38cd33d903d829a6fe2.ico\",\"multiLanguage\":1,\"name\":\"余\",\"notice\":\"代码已经开源，如果你感觉还行就给一个star吧。。。\",\"qq\":\"\",\"qqLogin\":1,\"stackoverflow\":\"\",\"touristAvatar\":\"http://boke-yxh.oss-cn-hangzhou.aliyuncs.com/aurora/config/ad92c897ab14ff246f8be6a06714e8a4.jpg\",\"twitter\":\"\",\"userAvatar\":\"http://boke-yxh.oss-cn-hangzhou.aliyuncs.com/aurora/config/c0e19d25ea23b38cd33d903d829a6fe2.jpg\",\"weChat\":\"\",\"websiteCreateTime\":\"2022-12-01\",\"weiXinQRCode\":\"https://static.linhaojun.top/config/ed47edae605f74306f751c6fba9f14bd.png\",\"weibo\":\"\",\"zhihu\":\"\"}]', 'PUT', '{\"code\":20000,\"flag\":true,\"message\":\"操作成功\"}', 1, '演示账号', '127.0.0.1', '内网IP|内网IP', '2024-02-22 14:19:49', NULL);
INSERT INTO `t_operation_log` VALUES (50, 'aurora信息', '修改', '/admin/website/config', 'com.aurora.controller.AuroraInfoController.updateWebsiteConfig', '更新网站配置', '[{\"alipayQRCode\":\"https://static.linhaojun.top/config/da4c6d8c13f66a8dd6716ddb48d73299.jpg\",\"author\":\"余\",\"authorAvatar\":\"http://boke-yxh.oss-cn-hangzhou.aliyuncs.com/aurora/config/c0e19d25ea23b38cd33d903d829a6fe2.jpg\",\"authorIntro\":\"一个疯狂的coder\",\"beianNumber\":\"苏ICP备2022012376号\",\"csdn\":\"\",\"englishName\":\"yu\",\"gitee\":\"https://gitee.com/yuxinhui521\",\"github\":\"https://github.com/yuxin-hui\",\"isCommentReview\":0,\"isEmailNotice\":1,\"isReward\":1,\"juejin\":\"\",\"logo\":\"http://boke-yxh.oss-cn-hangzhou.aliyuncs.com/aurora/config/c0e19d25ea23b38cd33d903d829a6fe2.ico\",\"multiLanguage\":1,\"name\":\"余\",\"notice\":\"代码已经开源，如果你感觉还行就给一个star吧。。。\",\"qq\":\"\",\"qqLogin\":1,\"stackoverflow\":\"\",\"touristAvatar\":\"http://boke-yxh.oss-cn-hangzhou.aliyuncs.com/aurora/config/ad92c897ab14ff246f8be6a06714e8a4.jpg\",\"twitter\":\"\",\"userAvatar\":\"http://boke-yxh.oss-cn-hangzhou.aliyuncs.com/aurora/config/c0e19d25ea23b38cd33d903d829a6fe2.jpg\",\"weChat\":\"\",\"websiteCreateTime\":\"2022-12-01\",\"weiXinQRCode\":\"https://static.linhaojun.top/config/ed47edae605f74306f751c6fba9f14bd.png\",\"weibo\":\"\",\"zhihu\":\"\"}]', 'PUT', '{\"code\":20000,\"flag\":true,\"message\":\"操作成功\"}', 1, '余', '127.0.0.1', '内网IP|内网IP', '2024-02-23 13:12:10', NULL);
INSERT INTO `t_operation_log` VALUES (51, 'aurora信息', '修改', '/admin/website/config', 'com.aurora.controller.AuroraInfoController.updateWebsiteConfig', '更新网站配置', '[{\"alipayQRCode\":\"https://static.linhaojun.top/config/da4c6d8c13f66a8dd6716ddb48d73299.jpg\",\"author\":\"余\",\"authorAvatar\":\"http://boke-yxh.oss-cn-hangzhou.aliyuncs.com/aurora/config/c0e19d25ea23b38cd33d903d829a6fe2.jpg\",\"authorIntro\":\"一个疯狂的coder\",\"beianNumber\":\"苏ICP备2022012376号\",\"csdn\":\"\",\"englishName\":\"yu\",\"gitee\":\"https://gitee.com/yuxinhui521\",\"github\":\"https://github.com/yuxin-hui\",\"isCommentReview\":0,\"isEmailNotice\":1,\"isReward\":0,\"juejin\":\"\",\"logo\":\"http://boke-yxh.oss-cn-hangzhou.aliyuncs.com/aurora/config/c0e19d25ea23b38cd33d903d829a6fe2.ico\",\"multiLanguage\":1,\"name\":\"余\",\"notice\":\"代码已经开源，如果你感觉还行就给一个star吧。。。\",\"qq\":\"\",\"qqLogin\":1,\"stackoverflow\":\"\",\"touristAvatar\":\"http://boke-yxh.oss-cn-hangzhou.aliyuncs.com/aurora/config/ad92c897ab14ff246f8be6a06714e8a4.jpg\",\"twitter\":\"\",\"userAvatar\":\"http://boke-yxh.oss-cn-hangzhou.aliyuncs.com/aurora/config/c0e19d25ea23b38cd33d903d829a6fe2.jpg\",\"weChat\":\"\",\"websiteCreateTime\":\"2022-12-01\",\"weiXinQRCode\":\"https://static.linhaojun.top/config/ed47edae605f74306f751c6fba9f14bd.png\",\"weibo\":\"\",\"zhihu\":\"\"}]', 'PUT', '{\"code\":20000,\"flag\":true,\"message\":\"操作成功\"}', 1, '余', '127.0.0.1', '内网IP|内网IP', '2024-02-23 13:12:18', NULL);

-- ----------------------------
-- Table structure for t_photo
-- ----------------------------
DROP TABLE IF EXISTS `t_photo`;
CREATE TABLE `t_photo`  (
  `id` int(0) NOT NULL AUTO_INCREMENT COMMENT '主键',
  `album_id` int(0) NOT NULL COMMENT '相册id',
  `photo_name` varchar(20) CHARACTER SET utf8mb4 COLLATE utf8mb4_0900_ai_ci NOT NULL COMMENT '照片名',
  `photo_desc` varchar(50) CHARACTER SET utf8mb4 COLLATE utf8mb4_0900_ai_ci NULL DEFAULT NULL COMMENT '照片描述',
  `photo_src` varchar(255) CHARACTER SET utf8mb4 COLLATE utf8mb4_0900_ai_ci NOT NULL COMMENT '照片地址',
  `is_delete` tinyint(1) NOT NULL DEFAULT 0 COMMENT '是否删除',
  `create_time` datetime(0) NOT NULL COMMENT '创建时间',
  `update_time` datetime(0) NULL DEFAULT NULL COMMENT '更新时间',
  PRIMARY KEY (`id`) USING BTREE
) ENGINE = InnoDB AUTO_INCREMENT = 1 CHARACTER SET = utf8mb4 COLLATE = utf8mb4_0900_ai_ci COMMENT = '照片' ROW_FORMAT = Dynamic;

-- ----------------------------
-- Records of t_photo
-- ----------------------------
INSERT INTO `t_photo` VALUES (1, 1, '1740291596556484610', NULL, 'http://boke-yxh.oss-cn-hangzhou.aliyuncs.com/aurora/photos/6c5ac065bbb1c878f32f3eae9f00251b.jpg', 0, '2023-12-28 16:40:24', NULL);

-- ----------------------------
-- Table structure for t_photo_album
-- ----------------------------
DROP TABLE IF EXISTS `t_photo_album`;
CREATE TABLE `t_photo_album`  (
  `id` int(0) NOT NULL AUTO_INCREMENT COMMENT '主键',
  `album_name` varchar(20) CHARACTER SET utf8mb4 COLLATE utf8mb4_0900_ai_ci NOT NULL COMMENT '相册名',
  `album_desc` varchar(50) CHARACTER SET utf8mb4 COLLATE utf8mb4_0900_ai_ci NOT NULL COMMENT '相册描述',
  `album_cover` varchar(255) CHARACTER SET utf8mb4 COLLATE utf8mb4_0900_ai_ci NOT NULL COMMENT '相册封面',
  `is_delete` tinyint(1) NOT NULL DEFAULT 0 COMMENT '是否删除',
  `status` tinyint(1) NOT NULL DEFAULT 1 COMMENT '状态值 1公开 2私密',
  `create_time` datetime(0) NOT NULL COMMENT '创建时间',
  `update_time` datetime(0) NULL DEFAULT NULL COMMENT '更新时间',
  PRIMARY KEY (`id`) USING BTREE
) ENGINE = InnoDB AUTO_INCREMENT = 1 CHARACTER SET = utf8mb4 COLLATE = utf8mb4_0900_ai_ci COMMENT = '相册' ROW_FORMAT = Dynamic;

-- ----------------------------
-- Records of t_photo_album
-- ----------------------------
INSERT INTO `t_photo_album` VALUES (1, '风景', '主要用于管理风景图片', 'http://boke-yxh.oss-cn-hangzhou.aliyuncs.com/aurora/photos/05a668fda2824875f28a1b8387b9ce36.jpg', 0, 1, '2023-12-28 16:09:32', NULL);

-- ----------------------------
-- Table structure for t_resource
-- ----------------------------
DROP TABLE IF EXISTS `t_resource`;
CREATE TABLE `t_resource`  (
  `id` int(0) NOT NULL AUTO_INCREMENT COMMENT '主键',
  `resource_name` varchar(50) CHARACTER SET utf8mb4 COLLATE utf8mb4_0900_ai_ci NOT NULL COMMENT '资源名',
  `url` varchar(255) CHARACTER SET utf8mb4 COLLATE utf8mb4_0900_ai_ci NULL DEFAULT NULL COMMENT '权限路径',
  `request_method` varchar(10) CHARACTER SET utf8mb4 COLLATE utf8mb4_0900_ai_ci NULL DEFAULT NULL COMMENT '请求方式',
  `parent_id` int(0) NULL DEFAULT NULL COMMENT '父模块id',
  `is_anonymous` tinyint(1) NOT NULL DEFAULT 0 COMMENT '是否匿名访问 0否 1是',
  `create_time` datetime(0) NOT NULL COMMENT '创建时间',
  `update_time` datetime(0) NULL DEFAULT NULL COMMENT '修改时间',
  PRIMARY KEY (`id`) USING BTREE
) ENGINE = InnoDB AUTO_INCREMENT = 1188 CHARACTER SET = utf8mb4 COLLATE = utf8mb4_0900_ai_ci ROW_FORMAT = Dynamic;

-- ----------------------------
-- Records of t_resource
-- ----------------------------
INSERT INTO `t_resource` VALUES (1050, 'aurora信息', NULL, NULL, NULL, 0, '2022-08-19 22:26:21', NULL);
INSERT INTO `t_resource` VALUES (1051, '分类模块', NULL, NULL, NULL, 0, '2022-08-19 22:26:21', NULL);
INSERT INTO `t_resource` VALUES (1052, '友链模块', NULL, NULL, NULL, 0, '2022-08-19 22:26:21', NULL);
INSERT INTO `t_resource` VALUES (1053, '定时任务日志模块', NULL, NULL, NULL, 0, '2022-08-19 22:26:21', NULL);
INSERT INTO `t_resource` VALUES (1054, '定时任务模块', NULL, NULL, NULL, 0, '2022-08-19 22:26:21', NULL);
INSERT INTO `t_resource` VALUES (1055, '异常处理模块', NULL, NULL, NULL, 0, '2022-08-19 22:26:21', NULL);
INSERT INTO `t_resource` VALUES (1056, '操作日志模块', NULL, NULL, NULL, 0, '2022-08-19 22:26:21', NULL);
INSERT INTO `t_resource` VALUES (1057, '文章模块', NULL, NULL, NULL, 0, '2022-08-19 22:26:21', NULL);
INSERT INTO `t_resource` VALUES (1058, '标签模块', NULL, NULL, NULL, 0, '2022-08-19 22:26:21', NULL);
INSERT INTO `t_resource` VALUES (1059, '照片模块', NULL, NULL, NULL, 0, '2022-08-19 22:26:21', NULL);
INSERT INTO `t_resource` VALUES (1060, '用户信息模块', NULL, NULL, NULL, 0, '2022-08-19 22:26:21', NULL);
INSERT INTO `t_resource` VALUES (1061, '用户账号模块', NULL, NULL, NULL, 0, '2022-08-19 22:26:21', NULL);
INSERT INTO `t_resource` VALUES (1062, '相册模块', NULL, NULL, NULL, 0, '2022-08-19 22:26:21', NULL);
INSERT INTO `t_resource` VALUES (1063, '菜单模块', NULL, NULL, NULL, 0, '2022-08-19 22:26:21', NULL);
INSERT INTO `t_resource` VALUES (1064, '角色模块', NULL, NULL, NULL, 0, '2022-08-19 22:26:21', NULL);
INSERT INTO `t_resource` VALUES (1065, '评论模块', NULL, NULL, NULL, 0, '2022-08-19 22:26:21', NULL);
INSERT INTO `t_resource` VALUES (1066, '说说模块', NULL, NULL, NULL, 0, '2022-08-19 22:26:21', NULL);
INSERT INTO `t_resource` VALUES (1067, '资源模块', NULL, NULL, NULL, 0, '2022-08-19 22:26:21', NULL);
INSERT INTO `t_resource` VALUES (1068, '获取系统信息', '/', 'GET', 1050, 1, '2022-08-19 22:26:22', '2022-08-19 22:26:55');
INSERT INTO `t_resource` VALUES (1069, '查看关于我信息', '/about', 'GET', 1050, 1, '2022-08-19 22:26:22', '2022-08-19 22:26:57');
INSERT INTO `t_resource` VALUES (1070, '获取系统后台信息', '/admin', 'GET', 1050, 0, '2022-08-19 22:26:22', NULL);
INSERT INTO `t_resource` VALUES (1071, '修改关于我信息', '/admin/about', 'PUT', 1050, 0, '2022-08-19 22:26:22', NULL);
INSERT INTO `t_resource` VALUES (1072, '获取后台文章', '/admin/articles', 'GET', 1057, 0, '2022-08-19 22:26:22', NULL);
INSERT INTO `t_resource` VALUES (1073, '保存和修改文章', '/admin/articles', 'POST', 1057, 0, '2022-08-19 22:26:22', NULL);
INSERT INTO `t_resource` VALUES (1074, '删除或者恢复文章', '/admin/articles', 'PUT', 1057, 0, '2022-08-19 22:26:22', NULL);
INSERT INTO `t_resource` VALUES (1075, '物理删除文章', '/admin/articles/delete', 'DELETE', 1057, 0, '2022-08-19 22:26:22', NULL);
INSERT INTO `t_resource` VALUES (1076, '导出文章', '/admin/articles/export', 'POST', 1057, 0, '2022-08-19 22:26:22', NULL);
INSERT INTO `t_resource` VALUES (1077, '上传文章图片', '/admin/articles/images', 'POST', 1057, 0, '2022-08-19 22:26:22', NULL);
INSERT INTO `t_resource` VALUES (1078, '导入文章', '/admin/articles/import', 'POST', 1057, 0, '2022-08-19 22:26:22', NULL);
INSERT INTO `t_resource` VALUES (1079, '修改文章是否置顶和推荐', '/admin/articles/topAndFeatured', 'PUT', 1057, 0, '2022-08-19 22:26:22', NULL);
INSERT INTO `t_resource` VALUES (1080, '根据id查看后台文章', '/admin/articles/*', 'GET', 1057, 0, '2022-08-19 22:26:22', NULL);
INSERT INTO `t_resource` VALUES (1081, '查看后台分类列表', '/admin/categories', 'GET', 1051, 0, '2022-08-19 22:26:22', NULL);
INSERT INTO `t_resource` VALUES (1082, '添加或修改分类', '/admin/categories', 'POST', 1051, 0, '2022-08-19 22:26:22', NULL);
INSERT INTO `t_resource` VALUES (1083, '删除分类', '/admin/categories', 'DELETE', 1051, 0, '2022-08-19 22:26:22', NULL);
INSERT INTO `t_resource` VALUES (1084, '搜索文章分类', '/admin/categories/search', 'GET', 1051, 0, '2022-08-19 22:26:22', NULL);
INSERT INTO `t_resource` VALUES (1085, '查询后台评论', '/admin/comments', 'GET', 1065, 0, '2022-08-19 22:26:22', NULL);
INSERT INTO `t_resource` VALUES (1086, '删除评论', '/admin/comments', 'DELETE', 1065, 0, '2022-08-19 22:26:22', NULL);
INSERT INTO `t_resource` VALUES (1087, '审核评论', '/admin/comments/review', 'PUT', 1065, 0, '2022-08-19 22:26:22', NULL);
INSERT INTO `t_resource` VALUES (1088, '上传博客配置图片', '/admin/config/images', 'POST', 1050, 0, '2022-08-19 22:26:22', NULL);
INSERT INTO `t_resource` VALUES (1089, '获取定时任务的日志列表', '/admin/jobLogs', 'GET', 1053, 0, '2022-08-19 22:26:22', NULL);
INSERT INTO `t_resource` VALUES (1090, '删除定时任务的日志', '/admin/jobLogs', 'DELETE', 1053, 0, '2022-08-19 22:26:22', NULL);
INSERT INTO `t_resource` VALUES (1091, '清除定时任务的日志', '/admin/jobLogs/clean', 'DELETE', 1053, 0, '2022-08-19 22:26:22', NULL);
INSERT INTO `t_resource` VALUES (1092, '获取定时任务日志的所有组名', '/admin/jobLogs/jobGroups', 'GET', 1053, 0, '2022-08-19 22:26:22', NULL);
INSERT INTO `t_resource` VALUES (1093, '获取任务列表', '/admin/jobs', 'GET', 1054, 0, '2022-08-19 22:26:22', NULL);
INSERT INTO `t_resource` VALUES (1094, '添加定时任务', '/admin/jobs', 'POST', 1054, 0, '2022-08-19 22:26:22', NULL);
INSERT INTO `t_resource` VALUES (1095, '修改定时任务', '/admin/jobs', 'PUT', 1054, 0, '2022-08-19 22:26:22', NULL);
INSERT INTO `t_resource` VALUES (1096, '删除定时任务', '/admin/jobs', 'DELETE', 1054, 0, '2022-08-19 22:26:22', NULL);
INSERT INTO `t_resource` VALUES (1097, '获取所有job分组', '/admin/jobs/jobGroups', 'GET', 1054, 0, '2022-08-19 22:26:22', NULL);
INSERT INTO `t_resource` VALUES (1098, '执行某个任务', '/admin/jobs/run', 'PUT', 1054, 0, '2022-08-19 22:26:22', NULL);
INSERT INTO `t_resource` VALUES (1099, '更改任务的状态', '/admin/jobs/status', 'PUT', 1054, 0, '2022-08-19 22:26:22', NULL);
INSERT INTO `t_resource` VALUES (1100, '根据id获取任务', '/admin/jobs/*', 'GET', 1054, 0, '2022-08-19 22:26:22', NULL);
INSERT INTO `t_resource` VALUES (1101, '查看后台友链列表', '/admin/links', 'GET', 1052, 0, '2022-08-19 22:26:22', NULL);
INSERT INTO `t_resource` VALUES (1102, '保存或修改友链', '/admin/links', 'POST', 1052, 0, '2022-08-19 22:26:22', NULL);
INSERT INTO `t_resource` VALUES (1103, '删除友链', '/admin/links', 'DELETE', 1052, 0, '2022-08-19 22:26:22', NULL);
INSERT INTO `t_resource` VALUES (1104, '查看菜单列表', '/admin/menus', 'GET', 1063, 0, '2022-08-19 22:26:22', NULL);
INSERT INTO `t_resource` VALUES (1105, '新增或修改菜单', '/admin/menus', 'POST', 1063, 0, '2022-08-19 22:26:22', NULL);
INSERT INTO `t_resource` VALUES (1106, '修改目录是否隐藏', '/admin/menus/isHidden', 'PUT', 1063, 0, '2022-08-19 22:26:22', NULL);
INSERT INTO `t_resource` VALUES (1107, '删除菜单', '/admin/menus/*', 'DELETE', 1063, 0, '2022-08-19 22:26:22', NULL);
INSERT INTO `t_resource` VALUES (1108, '查看操作日志', '/admin/operation/logs', 'GET', 1056, 0, '2022-08-19 22:26:22', NULL);
INSERT INTO `t_resource` VALUES (1109, '删除操作日志', '/admin/operation/logs', 'DELETE', 1056, 0, '2022-08-19 22:26:22', NULL);
INSERT INTO `t_resource` VALUES (1110, '根据相册id获取照片列表', '/admin/photos', 'GET', 1059, 0, '2022-08-19 22:26:22', NULL);
INSERT INTO `t_resource` VALUES (1111, '保存照片', '/admin/photos', 'POST', 1059, 0, '2022-08-19 22:26:22', NULL);
INSERT INTO `t_resource` VALUES (1112, '更新照片信息', '/admin/photos', 'PUT', 1059, 0, '2022-08-19 22:26:22', NULL);
INSERT INTO `t_resource` VALUES (1113, '删除照片', '/admin/photos', 'DELETE', 1059, 0, '2022-08-19 22:26:22', NULL);
INSERT INTO `t_resource` VALUES (1114, '移动照片相册', '/admin/photos/album', 'PUT', 1059, 0, '2022-08-19 22:26:22', NULL);
INSERT INTO `t_resource` VALUES (1115, '查看后台相册列表', '/admin/photos/albums', 'GET', 1062, 0, '2022-08-19 22:26:22', NULL);
INSERT INTO `t_resource` VALUES (1116, '保存或更新相册', '/admin/photos/albums', 'POST', 1062, 0, '2022-08-19 22:26:22', NULL);
INSERT INTO `t_resource` VALUES (1117, '上传相册封面', '/admin/photos/albums/cover', 'POST', 1062, 0, '2022-08-19 22:26:22', NULL);
INSERT INTO `t_resource` VALUES (1118, '获取后台相册列表信息', '/admin/photos/albums/info', 'GET', 1062, 0, '2022-08-19 22:26:22', NULL);
INSERT INTO `t_resource` VALUES (1119, '根据id删除相册', '/admin/photos/albums/*', 'DELETE', 1062, 0, '2022-08-19 22:26:22', NULL);
INSERT INTO `t_resource` VALUES (1120, '根据id获取后台相册信息', '/admin/photos/albums/*/info', 'GET', 1062, 0, '2022-08-19 22:26:22', NULL);
INSERT INTO `t_resource` VALUES (1121, '更新照片删除状态', '/admin/photos/delete', 'PUT', 1059, 0, '2022-08-19 22:26:22', NULL);
INSERT INTO `t_resource` VALUES (1122, '查看资源列表', '/admin/resources', 'GET', 1067, 0, '2022-08-19 22:26:22', NULL);
INSERT INTO `t_resource` VALUES (1123, '新增或修改资源', '/admin/resources', 'POST', 1067, 0, '2022-08-19 22:26:22', NULL);
INSERT INTO `t_resource` VALUES (1124, '删除资源', '/admin/resources/*', 'DELETE', 1067, 0, '2022-08-19 22:26:22', NULL);
INSERT INTO `t_resource` VALUES (1125, '保存或更新角色', '/admin/role', 'POST', 1064, 0, '2022-08-19 22:26:22', NULL);
INSERT INTO `t_resource` VALUES (1126, '查看角色菜单选项', '/admin/role/menus', 'GET', 1063, 0, '2022-08-19 22:26:22', NULL);
INSERT INTO `t_resource` VALUES (1127, '查看角色资源选项', '/admin/role/resources', 'GET', 1067, 0, '2022-08-19 22:26:22', NULL);
INSERT INTO `t_resource` VALUES (1128, '查询角色列表', '/admin/roles', 'GET', 1064, 0, '2022-08-19 22:26:22', NULL);
INSERT INTO `t_resource` VALUES (1129, '删除角色', '/admin/roles', 'DELETE', 1064, 0, '2022-08-19 22:26:22', NULL);
INSERT INTO `t_resource` VALUES (1130, '查询后台标签列表', '/admin/tags', 'GET', 1058, 0, '2022-08-19 22:26:22', NULL);
INSERT INTO `t_resource` VALUES (1131, '添加或修改标签', '/admin/tags', 'POST', 1058, 0, '2022-08-19 22:26:22', NULL);
INSERT INTO `t_resource` VALUES (1132, '删除标签', '/admin/tags', 'DELETE', 1058, 0, '2022-08-19 22:26:22', NULL);
INSERT INTO `t_resource` VALUES (1133, '搜索文章标签', '/admin/tags/search', 'GET', 1058, 0, '2022-08-19 22:26:22', NULL);
INSERT INTO `t_resource` VALUES (1134, '查看后台说说', '/admin/talks', 'GET', 1066, 0, '2022-08-19 22:26:22', NULL);
INSERT INTO `t_resource` VALUES (1135, '保存或修改说说', '/admin/talks', 'POST', 1066, 0, '2022-08-19 22:26:22', NULL);
INSERT INTO `t_resource` VALUES (1136, '删除说说', '/admin/talks', 'DELETE', 1066, 0, '2022-08-19 22:26:22', NULL);
INSERT INTO `t_resource` VALUES (1137, '上传说说图片', '/admin/talks/images', 'POST', 1066, 0, '2022-08-19 22:26:22', NULL);
INSERT INTO `t_resource` VALUES (1138, '根据id查看后台说说', '/admin/talks/*', 'GET', 1066, 1, '2022-08-19 22:26:22', '2022-08-19 22:33:52');
INSERT INTO `t_resource` VALUES (1139, '查看当前用户菜单', '/admin/user/menus', 'GET', 1063, 0, '2022-08-19 22:26:22', NULL);
INSERT INTO `t_resource` VALUES (1140, '查询后台用户列表', '/admin/users', 'GET', 1061, 0, '2022-08-19 22:26:22', NULL);
INSERT INTO `t_resource` VALUES (1141, '获取用户区域分布', '/admin/users/area', 'GET', 1061, 0, '2022-08-19 22:26:22', NULL);
INSERT INTO `t_resource` VALUES (1142, '修改用户禁用状态', '/admin/users/disable', 'PUT', 1060, 0, '2022-08-19 22:26:22', NULL);
INSERT INTO `t_resource` VALUES (1143, '查看在线用户', '/admin/users/online', 'GET', 1060, 0, '2022-08-19 22:26:22', NULL);
INSERT INTO `t_resource` VALUES (1144, '修改管理员密码', '/admin/users/password', 'PUT', 1061, 0, '2022-08-19 22:26:22', NULL);
INSERT INTO `t_resource` VALUES (1145, '查询用户角色选项', '/admin/users/role', 'GET', 1064, 0, '2022-08-19 22:26:22', NULL);
INSERT INTO `t_resource` VALUES (1146, '修改用户角色', '/admin/users/role', 'PUT', 1060, 0, '2022-08-19 22:26:22', NULL);
INSERT INTO `t_resource` VALUES (1147, '下线用户', '/admin/users/*/online', 'DELETE', 1060, 0, '2022-08-19 22:26:22', NULL);
INSERT INTO `t_resource` VALUES (1148, '获取网站配置', '/admin/website/config', 'GET', 1050, 0, '2022-08-19 22:26:22', NULL);
INSERT INTO `t_resource` VALUES (1149, '更新网站配置', '/admin/website/config', 'PUT', 1050, 0, '2022-08-19 22:26:22', NULL);
INSERT INTO `t_resource` VALUES (1150, '根据相册id查看照片列表', '/albums/*/photos', 'GET', 1059, 1, '2022-08-19 22:26:22', '2022-08-19 22:27:54');
INSERT INTO `t_resource` VALUES (1151, '获取所有文章归档', '/archives/all', 'GET', 1057, 1, '2022-08-19 22:26:22', '2022-08-19 22:27:35');
INSERT INTO `t_resource` VALUES (1152, '获取所有文章', '/articles/all', 'GET', 1057, 1, '2022-08-19 22:26:22', '2022-08-19 22:27:37');
INSERT INTO `t_resource` VALUES (1153, '根据分类id获取文章', '/articles/categoryId', 'GET', 1057, 1, '2022-08-19 22:26:22', '2022-08-19 22:27:38');
INSERT INTO `t_resource` VALUES (1154, '搜索文章', '/articles/search', 'GET', 1057, 1, '2022-08-19 22:26:22', '2022-08-19 22:27:40');
INSERT INTO `t_resource` VALUES (1155, '根据标签id获取文章', '/articles/tagId', 'GET', 1057, 1, '2022-08-19 22:26:22', '2022-08-19 22:27:40');
INSERT INTO `t_resource` VALUES (1156, '获取置顶和推荐文章', '/articles/topAndFeatured', 'GET', 1057, 1, '2022-08-19 22:26:22', '2022-08-19 22:27:41');
INSERT INTO `t_resource` VALUES (1157, '根据id获取文章', '/articles/*', 'GET', 1057, 1, '2022-08-19 22:26:22', '2022-08-19 22:27:42');
INSERT INTO `t_resource` VALUES (1158, '/处理BizException', '/bizException', 'GET', 1055, 0, '2022-08-19 22:26:22', NULL);
INSERT INTO `t_resource` VALUES (1159, '/处理BizException', '/bizException', 'HEAD', 1055, 0, '2022-08-19 22:26:22', NULL);
INSERT INTO `t_resource` VALUES (1160, '/处理BizException', '/bizException', 'POST', 1055, 0, '2022-08-19 22:26:22', NULL);
INSERT INTO `t_resource` VALUES (1161, '/处理BizException', '/bizException', 'PUT', 1055, 0, '2022-08-19 22:26:22', NULL);
INSERT INTO `t_resource` VALUES (1162, '/处理BizException', '/bizException', 'DELETE', 1055, 0, '2022-08-19 22:26:22', NULL);
INSERT INTO `t_resource` VALUES (1163, '/处理BizException', '/bizException', 'OPTIONS', 1055, 0, '2022-08-19 22:26:22', NULL);
INSERT INTO `t_resource` VALUES (1164, '/处理BizException', '/bizException', 'PATCH', 1055, 0, '2022-08-19 22:26:22', NULL);
INSERT INTO `t_resource` VALUES (1165, '获取所有分类', '/categories/all', 'GET', 1051, 1, '2022-08-19 22:26:22', '2022-08-19 22:27:05');
INSERT INTO `t_resource` VALUES (1166, '获取评论', '/comments', 'GET', 1065, 1, '2022-08-19 22:26:22', '2022-08-19 22:33:50');
INSERT INTO `t_resource` VALUES (1167, '添加评论', '/comments/save', 'POST', 1065, 0, '2022-08-19 22:26:22', '2022-08-19 22:33:47');
INSERT INTO `t_resource` VALUES (1168, '获取前七个评论', '/comments/topSeven', 'GET', 1065, 1, '2022-08-19 22:26:22', '2022-08-19 22:33:44');
INSERT INTO `t_resource` VALUES (1169, '查看友链列表', '/links', 'GET', 1052, 1, '2022-08-19 22:26:22', '2022-08-19 22:27:13');
INSERT INTO `t_resource` VALUES (1170, '获取相册列表', '/photos/albums', 'GET', 1062, 1, '2022-08-19 22:26:22', '2022-08-19 22:28:25');
INSERT INTO `t_resource` VALUES (1171, 'report', '/report', 'POST', 1050, 1, '2022-08-19 22:26:22', '2022-08-19 22:27:00');
INSERT INTO `t_resource` VALUES (1172, '获取所有标签', '/tags/all', 'GET', 1058, 1, '2022-08-19 22:26:22', '2022-08-19 22:31:23');
INSERT INTO `t_resource` VALUES (1173, '获取前十个标签', '/tags/topTen', 'GET', 1058, 1, '2022-08-19 22:26:22', '2022-08-19 22:31:27');
INSERT INTO `t_resource` VALUES (1174, '查看说说列表', '/talks', 'GET', 1066, 1, '2022-08-19 22:26:22', '2022-08-19 22:28:38');
INSERT INTO `t_resource` VALUES (1175, '根据id查看说说', '/talks/*', 'GET', 1066, 1, '2022-08-19 22:26:22', '2022-08-19 22:28:38');
INSERT INTO `t_resource` VALUES (1176, '更新用户头像', '/users/avatar', 'POST', 1060, 1, '2022-08-19 22:26:22', '2022-08-19 22:28:05');
INSERT INTO `t_resource` VALUES (1177, '发送邮箱验证码', '/users/code', 'GET', 1061, 1, '2022-08-19 22:26:22', '2022-08-19 22:28:15');
INSERT INTO `t_resource` VALUES (1178, '绑定用户邮箱', '/users/email', 'PUT', 1060, 1, '2022-08-19 22:26:22', '2022-08-19 22:28:06');
INSERT INTO `t_resource` VALUES (1179, '更新用户信息', '/users/info', 'PUT', 1060, 1, '2022-08-19 22:26:22', '2022-08-19 22:28:07');
INSERT INTO `t_resource` VALUES (1180, '根据id获取用户信息', '/users/info/*', 'GET', 1060, 1, '2022-08-19 22:26:22', '2022-08-19 22:28:07');
INSERT INTO `t_resource` VALUES (1181, '用户登出', '/users/logout', 'POST', 1061, 1, '2022-08-19 22:26:22', '2022-08-19 22:28:15');
INSERT INTO `t_resource` VALUES (1182, 'qq登录', '/users/oauth/qq', 'POST', 1061, 1, '2022-08-19 22:26:22', '2022-08-19 22:28:16');
INSERT INTO `t_resource` VALUES (1183, '修改密码', '/users/password', 'PUT', 1061, 1, '2022-08-19 22:26:22', '2022-08-19 22:28:18');
INSERT INTO `t_resource` VALUES (1184, '用户注册', '/users/register', 'POST', 1061, 1, '2022-08-19 22:26:22', '2022-08-19 22:28:17');
INSERT INTO `t_resource` VALUES (1185, '修改用户的订阅状态', '/users/subscribe', 'PUT', 1060, 1, '2022-08-19 22:26:22', '2022-08-19 22:28:08');
INSERT INTO `t_resource` VALUES (1186, '异常日志模块', NULL, NULL, NULL, 0, '2022-08-25 15:13:40', NULL);
INSERT INTO `t_resource` VALUES (1187, '获取异常日志', '/admin/exception/logs', 'GET', 1186, 0, '2022-08-25 15:14:27', NULL);
INSERT INTO `t_resource` VALUES (1188, '删除异常日志', '/admin/exception/logs', 'DELETE', 1186, 0, '2022-08-25 15:14:59', NULL);

-- ----------------------------
-- Table structure for t_role
-- ----------------------------
DROP TABLE IF EXISTS `t_role`;
CREATE TABLE `t_role`  (
  `id` int(0) NOT NULL AUTO_INCREMENT COMMENT '主键id',
  `role_name` varchar(20) CHARACTER SET utf8mb4 COLLATE utf8mb4_0900_ai_ci NOT NULL COMMENT '角色名',
  `is_disable` tinyint(1) NOT NULL DEFAULT 0 COMMENT '是否禁用  0否 1是',
  `create_time` datetime(0) NOT NULL COMMENT '创建时间',
  `update_time` datetime(0) NULL DEFAULT NULL COMMENT '更新时间',
  PRIMARY KEY (`id`) USING BTREE
) ENGINE = InnoDB AUTO_INCREMENT = 14 CHARACTER SET = utf8mb4 COLLATE = utf8mb4_0900_ai_ci ROW_FORMAT = Dynamic;

-- ----------------------------
-- Records of t_role
-- ----------------------------
INSERT INTO `t_role` VALUES (1, 'admin', 0, '2022-07-20 13:25:19', '2022-08-16 16:07:49');
INSERT INTO `t_role` VALUES (2, 'user', 0, '2022-07-20 13:25:40', '2022-08-19 22:55:26');
INSERT INTO `t_role` VALUES (14, 'test', 0, '2022-08-19 21:48:14', '2022-08-19 22:38:15');

-- ----------------------------
-- Table structure for t_role_menu
-- ----------------------------
DROP TABLE IF EXISTS `t_role_menu`;
CREATE TABLE `t_role_menu`  (
  `id` int(0) NOT NULL AUTO_INCREMENT COMMENT '主键',
  `role_id` int(0) NULL DEFAULT NULL COMMENT '角色id',
  `menu_id` int(0) NULL DEFAULT NULL COMMENT '菜单id',
  PRIMARY KEY (`id`) USING BTREE
) ENGINE = InnoDB AUTO_INCREMENT = 2885 CHARACTER SET = utf8mb4 COLLATE = utf8mb4_0900_ai_ci ROW_FORMAT = Dynamic;

-- ----------------------------
-- Records of t_role_menu
-- ----------------------------
INSERT INTO `t_role_menu` VALUES (2784, 1, 1);
INSERT INTO `t_role_menu` VALUES (2785, 1, 2);
INSERT INTO `t_role_menu` VALUES (2786, 1, 6);
INSERT INTO `t_role_menu` VALUES (2787, 1, 7);
INSERT INTO `t_role_menu` VALUES (2788, 1, 8);
INSERT INTO `t_role_menu` VALUES (2789, 1, 9);
INSERT INTO `t_role_menu` VALUES (2790, 1, 10);
INSERT INTO `t_role_menu` VALUES (2791, 1, 3);
INSERT INTO `t_role_menu` VALUES (2792, 1, 11);
INSERT INTO `t_role_menu` VALUES (2793, 1, 221);
INSERT INTO `t_role_menu` VALUES (2794, 1, 222);
INSERT INTO `t_role_menu` VALUES (2795, 1, 223);
INSERT INTO `t_role_menu` VALUES (2796, 1, 224);
INSERT INTO `t_role_menu` VALUES (2797, 1, 202);
INSERT INTO `t_role_menu` VALUES (2798, 1, 13);
INSERT INTO `t_role_menu` VALUES (2799, 1, 201);
INSERT INTO `t_role_menu` VALUES (2800, 1, 213);
INSERT INTO `t_role_menu` VALUES (2801, 1, 14);
INSERT INTO `t_role_menu` VALUES (2802, 1, 15);
INSERT INTO `t_role_menu` VALUES (2803, 1, 16);
INSERT INTO `t_role_menu` VALUES (2804, 1, 4);
INSERT INTO `t_role_menu` VALUES (2805, 1, 214);
INSERT INTO `t_role_menu` VALUES (2806, 1, 209);
INSERT INTO `t_role_menu` VALUES (2807, 1, 17);
INSERT INTO `t_role_menu` VALUES (2808, 1, 18);
INSERT INTO `t_role_menu` VALUES (2809, 1, 205);
INSERT INTO `t_role_menu` VALUES (2810, 1, 206);
INSERT INTO `t_role_menu` VALUES (2811, 1, 208);
INSERT INTO `t_role_menu` VALUES (2812, 1, 210);
INSERT INTO `t_role_menu` VALUES (2813, 1, 19);
INSERT INTO `t_role_menu` VALUES (2814, 1, 20);
INSERT INTO `t_role_menu` VALUES (2815, 1, 225);
INSERT INTO `t_role_menu` VALUES (2816, 1, 220);
INSERT INTO `t_role_menu` VALUES (2817, 1, 5);
INSERT INTO `t_role_menu` VALUES (2852, 14, 1);
INSERT INTO `t_role_menu` VALUES (2853, 14, 2);
INSERT INTO `t_role_menu` VALUES (2854, 14, 6);
INSERT INTO `t_role_menu` VALUES (2855, 14, 7);
INSERT INTO `t_role_menu` VALUES (2856, 14, 8);
INSERT INTO `t_role_menu` VALUES (2857, 14, 9);
INSERT INTO `t_role_menu` VALUES (2858, 14, 10);
INSERT INTO `t_role_menu` VALUES (2859, 14, 3);
INSERT INTO `t_role_menu` VALUES (2860, 14, 11);
INSERT INTO `t_role_menu` VALUES (2861, 14, 221);
INSERT INTO `t_role_menu` VALUES (2862, 14, 222);
INSERT INTO `t_role_menu` VALUES (2863, 14, 223);
INSERT INTO `t_role_menu` VALUES (2864, 14, 224);
INSERT INTO `t_role_menu` VALUES (2865, 14, 202);
INSERT INTO `t_role_menu` VALUES (2866, 14, 13);
INSERT INTO `t_role_menu` VALUES (2867, 14, 201);
INSERT INTO `t_role_menu` VALUES (2868, 14, 213);
INSERT INTO `t_role_menu` VALUES (2869, 14, 14);
INSERT INTO `t_role_menu` VALUES (2870, 14, 15);
INSERT INTO `t_role_menu` VALUES (2871, 14, 16);
INSERT INTO `t_role_menu` VALUES (2872, 14, 4);
INSERT INTO `t_role_menu` VALUES (2873, 14, 214);
INSERT INTO `t_role_menu` VALUES (2874, 14, 209);
INSERT INTO `t_role_menu` VALUES (2875, 14, 17);
INSERT INTO `t_role_menu` VALUES (2876, 14, 18);
INSERT INTO `t_role_menu` VALUES (2877, 14, 205);
INSERT INTO `t_role_menu` VALUES (2878, 14, 206);
INSERT INTO `t_role_menu` VALUES (2879, 14, 208);
INSERT INTO `t_role_menu` VALUES (2880, 14, 210);
INSERT INTO `t_role_menu` VALUES (2881, 14, 19);
INSERT INTO `t_role_menu` VALUES (2882, 14, 20);
INSERT INTO `t_role_menu` VALUES (2883, 14, 225);
INSERT INTO `t_role_menu` VALUES (2884, 14, 220);
INSERT INTO `t_role_menu` VALUES (2885, 14, 5);

-- ----------------------------
-- Table structure for t_role_resource
-- ----------------------------
DROP TABLE IF EXISTS `t_role_resource`;
CREATE TABLE `t_role_resource`  (
  `id` int(0) NOT NULL AUTO_INCREMENT,
  `role_id` int(0) NULL DEFAULT NULL COMMENT '角色id',
  `resource_id` int(0) NULL DEFAULT NULL COMMENT '权限id',
  PRIMARY KEY (`id`) USING BTREE
) ENGINE = InnoDB AUTO_INCREMENT = 5546 CHARACTER SET = utf8mb4 COLLATE = utf8mb4_0900_ai_ci ROW_FORMAT = Dynamic;

-- ----------------------------
-- Records of t_role_resource
-- ----------------------------
INSERT INTO `t_role_resource` VALUES (5406, 2, 1146);
INSERT INTO `t_role_resource` VALUES (5407, 2, 1167);
INSERT INTO `t_role_resource` VALUES (5408, 1, 1050);
INSERT INTO `t_role_resource` VALUES (5409, 1, 1070);
INSERT INTO `t_role_resource` VALUES (5410, 1, 1071);
INSERT INTO `t_role_resource` VALUES (5411, 1, 1088);
INSERT INTO `t_role_resource` VALUES (5412, 1, 1148);
INSERT INTO `t_role_resource` VALUES (5413, 1, 1149);
INSERT INTO `t_role_resource` VALUES (5414, 1, 1051);
INSERT INTO `t_role_resource` VALUES (5415, 1, 1081);
INSERT INTO `t_role_resource` VALUES (5416, 1, 1082);
INSERT INTO `t_role_resource` VALUES (5417, 1, 1083);
INSERT INTO `t_role_resource` VALUES (5418, 1, 1084);
INSERT INTO `t_role_resource` VALUES (5419, 1, 1052);
INSERT INTO `t_role_resource` VALUES (5420, 1, 1101);
INSERT INTO `t_role_resource` VALUES (5421, 1, 1102);
INSERT INTO `t_role_resource` VALUES (5422, 1, 1103);
INSERT INTO `t_role_resource` VALUES (5423, 1, 1053);
INSERT INTO `t_role_resource` VALUES (5424, 1, 1089);
INSERT INTO `t_role_resource` VALUES (5425, 1, 1090);
INSERT INTO `t_role_resource` VALUES (5426, 1, 1091);
INSERT INTO `t_role_resource` VALUES (5427, 1, 1092);
INSERT INTO `t_role_resource` VALUES (5428, 1, 1054);
INSERT INTO `t_role_resource` VALUES (5429, 1, 1093);
INSERT INTO `t_role_resource` VALUES (5430, 1, 1094);
INSERT INTO `t_role_resource` VALUES (5431, 1, 1095);
INSERT INTO `t_role_resource` VALUES (5432, 1, 1096);
INSERT INTO `t_role_resource` VALUES (5433, 1, 1097);
INSERT INTO `t_role_resource` VALUES (5434, 1, 1098);
INSERT INTO `t_role_resource` VALUES (5435, 1, 1099);
INSERT INTO `t_role_resource` VALUES (5436, 1, 1100);
INSERT INTO `t_role_resource` VALUES (5437, 1, 1055);
INSERT INTO `t_role_resource` VALUES (5438, 1, 1158);
INSERT INTO `t_role_resource` VALUES (5439, 1, 1159);
INSERT INTO `t_role_resource` VALUES (5440, 1, 1160);
INSERT INTO `t_role_resource` VALUES (5441, 1, 1161);
INSERT INTO `t_role_resource` VALUES (5442, 1, 1162);
INSERT INTO `t_role_resource` VALUES (5443, 1, 1163);
INSERT INTO `t_role_resource` VALUES (5444, 1, 1164);
INSERT INTO `t_role_resource` VALUES (5445, 1, 1056);
INSERT INTO `t_role_resource` VALUES (5446, 1, 1108);
INSERT INTO `t_role_resource` VALUES (5447, 1, 1109);
INSERT INTO `t_role_resource` VALUES (5448, 1, 1057);
INSERT INTO `t_role_resource` VALUES (5449, 1, 1072);
INSERT INTO `t_role_resource` VALUES (5450, 1, 1073);
INSERT INTO `t_role_resource` VALUES (5451, 1, 1074);
INSERT INTO `t_role_resource` VALUES (5452, 1, 1075);
INSERT INTO `t_role_resource` VALUES (5453, 1, 1076);
INSERT INTO `t_role_resource` VALUES (5454, 1, 1077);
INSERT INTO `t_role_resource` VALUES (5455, 1, 1078);
INSERT INTO `t_role_resource` VALUES (5456, 1, 1079);
INSERT INTO `t_role_resource` VALUES (5457, 1, 1080);
INSERT INTO `t_role_resource` VALUES (5458, 1, 1058);
INSERT INTO `t_role_resource` VALUES (5459, 1, 1130);
INSERT INTO `t_role_resource` VALUES (5460, 1, 1131);
INSERT INTO `t_role_resource` VALUES (5461, 1, 1132);
INSERT INTO `t_role_resource` VALUES (5462, 1, 1133);
INSERT INTO `t_role_resource` VALUES (5463, 1, 1059);
INSERT INTO `t_role_resource` VALUES (5464, 1, 1110);
INSERT INTO `t_role_resource` VALUES (5465, 1, 1111);
INSERT INTO `t_role_resource` VALUES (5466, 1, 1112);
INSERT INTO `t_role_resource` VALUES (5467, 1, 1113);
INSERT INTO `t_role_resource` VALUES (5468, 1, 1114);
INSERT INTO `t_role_resource` VALUES (5469, 1, 1121);
INSERT INTO `t_role_resource` VALUES (5470, 1, 1060);
INSERT INTO `t_role_resource` VALUES (5471, 1, 1142);
INSERT INTO `t_role_resource` VALUES (5472, 1, 1143);
INSERT INTO `t_role_resource` VALUES (5473, 1, 1146);
INSERT INTO `t_role_resource` VALUES (5474, 1, 1147);
INSERT INTO `t_role_resource` VALUES (5475, 1, 1061);
INSERT INTO `t_role_resource` VALUES (5476, 1, 1140);
INSERT INTO `t_role_resource` VALUES (5477, 1, 1141);
INSERT INTO `t_role_resource` VALUES (5478, 1, 1144);
INSERT INTO `t_role_resource` VALUES (5479, 1, 1062);
INSERT INTO `t_role_resource` VALUES (5480, 1, 1115);
INSERT INTO `t_role_resource` VALUES (5481, 1, 1116);
INSERT INTO `t_role_resource` VALUES (5482, 1, 1117);
INSERT INTO `t_role_resource` VALUES (5483, 1, 1118);
INSERT INTO `t_role_resource` VALUES (5484, 1, 1119);
INSERT INTO `t_role_resource` VALUES (5485, 1, 1120);
INSERT INTO `t_role_resource` VALUES (5486, 1, 1063);
INSERT INTO `t_role_resource` VALUES (5487, 1, 1104);
INSERT INTO `t_role_resource` VALUES (5488, 1, 1105);
INSERT INTO `t_role_resource` VALUES (5489, 1, 1106);
INSERT INTO `t_role_resource` VALUES (5490, 1, 1107);
INSERT INTO `t_role_resource` VALUES (5491, 1, 1126);
INSERT INTO `t_role_resource` VALUES (5492, 1, 1139);
INSERT INTO `t_role_resource` VALUES (5493, 1, 1064);
INSERT INTO `t_role_resource` VALUES (5494, 1, 1125);
INSERT INTO `t_role_resource` VALUES (5495, 1, 1128);
INSERT INTO `t_role_resource` VALUES (5496, 1, 1129);
INSERT INTO `t_role_resource` VALUES (5497, 1, 1145);
INSERT INTO `t_role_resource` VALUES (5498, 1, 1065);
INSERT INTO `t_role_resource` VALUES (5499, 1, 1085);
INSERT INTO `t_role_resource` VALUES (5500, 1, 1086);
INSERT INTO `t_role_resource` VALUES (5501, 1, 1087);
INSERT INTO `t_role_resource` VALUES (5502, 1, 1167);
INSERT INTO `t_role_resource` VALUES (5503, 1, 1066);
INSERT INTO `t_role_resource` VALUES (5504, 1, 1134);
INSERT INTO `t_role_resource` VALUES (5505, 1, 1135);
INSERT INTO `t_role_resource` VALUES (5506, 1, 1136);
INSERT INTO `t_role_resource` VALUES (5507, 1, 1137);
INSERT INTO `t_role_resource` VALUES (5508, 1, 1067);
INSERT INTO `t_role_resource` VALUES (5509, 1, 1122);
INSERT INTO `t_role_resource` VALUES (5510, 1, 1123);
INSERT INTO `t_role_resource` VALUES (5511, 1, 1124);
INSERT INTO `t_role_resource` VALUES (5512, 1, 1127);
INSERT INTO `t_role_resource` VALUES (5513, 1, 1186);
INSERT INTO `t_role_resource` VALUES (5514, 1, 1187);
INSERT INTO `t_role_resource` VALUES (5515, 1, 1188);
INSERT INTO `t_role_resource` VALUES (5516, 14, 1070);
INSERT INTO `t_role_resource` VALUES (5517, 14, 1148);
INSERT INTO `t_role_resource` VALUES (5518, 14, 1081);
INSERT INTO `t_role_resource` VALUES (5519, 14, 1084);
INSERT INTO `t_role_resource` VALUES (5520, 14, 1101);
INSERT INTO `t_role_resource` VALUES (5521, 14, 1089);
INSERT INTO `t_role_resource` VALUES (5522, 14, 1092);
INSERT INTO `t_role_resource` VALUES (5523, 14, 1093);
INSERT INTO `t_role_resource` VALUES (5524, 14, 1097);
INSERT INTO `t_role_resource` VALUES (5525, 14, 1100);
INSERT INTO `t_role_resource` VALUES (5526, 14, 1108);
INSERT INTO `t_role_resource` VALUES (5527, 14, 1072);
INSERT INTO `t_role_resource` VALUES (5528, 14, 1080);
INSERT INTO `t_role_resource` VALUES (5529, 14, 1130);
INSERT INTO `t_role_resource` VALUES (5530, 14, 1133);
INSERT INTO `t_role_resource` VALUES (5531, 14, 1110);
INSERT INTO `t_role_resource` VALUES (5532, 14, 1143);
INSERT INTO `t_role_resource` VALUES (5533, 14, 1140);
INSERT INTO `t_role_resource` VALUES (5534, 14, 1141);
INSERT INTO `t_role_resource` VALUES (5535, 14, 1115);
INSERT INTO `t_role_resource` VALUES (5536, 14, 1118);
INSERT INTO `t_role_resource` VALUES (5537, 14, 1104);
INSERT INTO `t_role_resource` VALUES (5538, 14, 1126);
INSERT INTO `t_role_resource` VALUES (5539, 14, 1139);
INSERT INTO `t_role_resource` VALUES (5540, 14, 1128);
INSERT INTO `t_role_resource` VALUES (5541, 14, 1145);
INSERT INTO `t_role_resource` VALUES (5542, 14, 1085);
INSERT INTO `t_role_resource` VALUES (5543, 14, 1134);
INSERT INTO `t_role_resource` VALUES (5544, 14, 1122);
INSERT INTO `t_role_resource` VALUES (5545, 14, 1127);
INSERT INTO `t_role_resource` VALUES (5546, 14, 1187);

-- ----------------------------
-- Table structure for t_tag
-- ----------------------------
DROP TABLE IF EXISTS `t_tag`;
CREATE TABLE `t_tag`  (
  `id` int(0) NOT NULL AUTO_INCREMENT,
  `tag_name` varchar(20) CHARACTER SET utf8mb4 COLLATE utf8mb4_0900_ai_ci NOT NULL COMMENT '标签名',
  `create_time` datetime(0) NOT NULL COMMENT '创建时间',
  `update_time` datetime(0) NULL DEFAULT NULL COMMENT '更新时间',
  PRIMARY KEY (`id`) USING BTREE
) ENGINE = InnoDB AUTO_INCREMENT = 5 CHARACTER SET = utf8mb4 COLLATE = utf8mb4_0900_ai_ci ROW_FORMAT = Dynamic;

-- ----------------------------
-- Records of t_tag
-- ----------------------------
INSERT INTO `t_tag` VALUES (1, 'Q', '2023-12-29 16:34:11', NULL);
INSERT INTO `t_tag` VALUES (2, 'a', '2023-12-29 16:40:26', NULL);
INSERT INTO `t_tag` VALUES (3, 'docker启动容器报错', '2023-12-29 16:41:32', NULL);
INSERT INTO `t_tag` VALUES (4, 'mysql语句报错', '2023-12-29 16:44:16', NULL);
INSERT INTO `t_tag` VALUES (5, 'docker安装MySQL', '2024-02-22 13:30:18', NULL);

-- ----------------------------
-- Table structure for t_talk
-- ----------------------------
DROP TABLE IF EXISTS `t_talk`;
CREATE TABLE `t_talk`  (
  `id` int(0) NOT NULL AUTO_INCREMENT COMMENT '说说id',
  `user_id` int(0) NOT NULL COMMENT '用户id',
  `content` varchar(2000) CHARACTER SET utf8mb4 COLLATE utf8mb4_0900_ai_ci NOT NULL COMMENT '说说内容',
  `images` varchar(2500) CHARACTER SET utf8mb4 COLLATE utf8mb4_0900_ai_ci NULL DEFAULT NULL COMMENT '图片',
  `is_top` tinyint(1) NOT NULL DEFAULT 0 COMMENT '是否置顶',
  `status` tinyint(1) NOT NULL DEFAULT 1 COMMENT '状态 1.公开 2.私密',
  `create_time` datetime(0) NOT NULL COMMENT '创建时间',
  `update_time` datetime(0) NULL DEFAULT NULL COMMENT '更新时间',
  PRIMARY KEY (`id`) USING BTREE
) ENGINE = InnoDB AUTO_INCREMENT = 1 CHARACTER SET = utf8mb4 COLLATE = utf8mb4_0900_ai_ci ROW_FORMAT = Dynamic;

-- ----------------------------
-- Records of t_talk
-- ----------------------------
INSERT INTO `t_talk` VALUES (1, 1, '111', '', 0, 1, '2023-12-25 15:03:52', NULL);

-- ----------------------------
-- Table structure for t_unique_view
-- ----------------------------
DROP TABLE IF EXISTS `t_unique_view`;
CREATE TABLE `t_unique_view`  (
  `id` int(0) NOT NULL AUTO_INCREMENT,
  `views_count` int(0) NOT NULL COMMENT '访问量',
  `create_time` datetime(0) NOT NULL COMMENT '创建时间',
  `update_time` datetime(0) NULL DEFAULT NULL COMMENT '更新时间',
  PRIMARY KEY (`id`) USING BTREE
) ENGINE = InnoDB CHARACTER SET = utf8mb4 COLLATE = utf8mb4_0900_ai_ci ROW_FORMAT = Dynamic;

-- ----------------------------
-- Table structure for t_user_auth
-- ----------------------------
DROP TABLE IF EXISTS `t_user_auth`;
CREATE TABLE `t_user_auth`  (
  `id` int(0) NOT NULL AUTO_INCREMENT,
  `user_info_id` int(0) NOT NULL COMMENT '用户信息id',
  `username` varchar(50) CHARACTER SET utf8mb4 COLLATE utf8mb4_0900_ai_ci NOT NULL COMMENT '用户名',
  `password` varchar(100) CHARACTER SET utf8mb4 COLLATE utf8mb4_0900_ai_ci NOT NULL COMMENT '密码',
  `login_type` tinyint(1) NOT NULL COMMENT '登录类型',
  `ip_address` varchar(50) CHARACTER SET utf8mb4 COLLATE utf8mb4_0900_ai_ci NULL DEFAULT NULL COMMENT '用户登录ip',
  `ip_source` varchar(50) CHARACTER SET utf8mb4 COLLATE utf8mb4_0900_ai_ci NULL DEFAULT NULL COMMENT 'ip来源',
  `create_time` datetime(0) NOT NULL COMMENT '创建时间',
  `update_time` datetime(0) NULL DEFAULT NULL COMMENT '更新时间',
  `last_login_time` datetime(0) NULL DEFAULT NULL COMMENT '上次登录时间',
  PRIMARY KEY (`id`) USING BTREE,
  UNIQUE INDEX `username`(`username`) USING BTREE
) ENGINE = InnoDB AUTO_INCREMENT = 2 CHARACTER SET = utf8mb4 COLLATE = utf8mb4_0900_ai_ci ROW_FORMAT = Dynamic;

-- ----------------------------
-- Records of t_user_auth
-- ----------------------------
INSERT INTO `t_user_auth` VALUES (1, 1, 'admin@163.com', '$2a$10$/Z90STxVyGOIfNhTfvzbEuJ9t1yHjrkN6pBMRAqd5g5SdNIrdt5Da', 1, '127.0.0.1', '内网IP|内网IP', '2022-08-19 21:43:46', '2024-02-23 13:11:20', '2024-02-23 13:11:19');
INSERT INTO `t_user_auth` VALUES (2, 2, '1980292432@qq.com', '$2a$10$wQqkfnNg4QuTK0l.lEmj7e8KoYVMl006gtLt4IiepY24WgChuiiEm', 1, '127.0.0.1', '内网IP|内网IP', '2023-12-28 15:32:55', '2023-12-28 16:10:15', '2023-12-28 16:10:15');

-- ----------------------------
-- Table structure for t_user_info
-- ----------------------------
DROP TABLE IF EXISTS `t_user_info`;
CREATE TABLE `t_user_info`  (
  `id` int(0) NOT NULL AUTO_INCREMENT COMMENT '用户ID',
  `email` varchar(50) CHARACTER SET utf8mb4 COLLATE utf8mb4_0900_ai_ci NULL DEFAULT NULL COMMENT '邮箱号',
  `nickname` varchar(50) CHARACTER SET utf8mb4 COLLATE utf8mb4_0900_ai_ci NOT NULL COMMENT '用户昵称',
  `avatar` varchar(1024) CHARACTER SET utf8mb4 COLLATE utf8mb4_0900_ai_ci NOT NULL DEFAULT '' COMMENT '用户头像',
  `intro` varchar(255) CHARACTER SET utf8mb4 COLLATE utf8mb4_0900_ai_ci NULL DEFAULT NULL COMMENT '用户简介',
  `website` varchar(255) CHARACTER SET utf8mb4 COLLATE utf8mb4_0900_ai_ci NULL DEFAULT NULL COMMENT '个人网站',
  `is_subscribe` tinyint(1) NULL DEFAULT NULL COMMENT '是否订阅',
  `is_disable` tinyint(1) NOT NULL DEFAULT 0 COMMENT '是否禁用',
  `create_time` datetime(0) NOT NULL COMMENT '创建时间',
  `update_time` datetime(0) NULL DEFAULT NULL COMMENT '更新时间',
  PRIMARY KEY (`id`) USING BTREE
) ENGINE = InnoDB AUTO_INCREMENT = 2 CHARACTER SET = utf8mb4 COLLATE = utf8mb4_0900_ai_ci ROW_FORMAT = Dynamic;

-- ----------------------------
-- Records of t_user_info
-- ----------------------------
INSERT INTO `t_user_info` VALUES (1, 'admin@163.com', '余', 'http://boke-yxh.oss-cn-hangzhou.aliyuncs.com/aurora/avatar/c0e19d25ea23b38cd33d903d829a6fe2.jpg', '', 'www.yuxinhui.top', 0, 0, '2022-08-19 21:42:04', '2024-02-22 14:16:04');
INSERT INTO `t_user_info` VALUES (2, '1980292432@qq.com', '用户1740274613752528898', 'http://boke-yxh.oss-cn-hangzhou.aliyuncs.com/aurora/config/c0e19d25ea23b38cd33d903d829a6fe2.jpg', NULL, NULL, NULL, 0, '2023-12-28 15:32:55', NULL);

-- ----------------------------
-- Table structure for t_user_role
-- ----------------------------
DROP TABLE IF EXISTS `t_user_role`;
CREATE TABLE `t_user_role`  (
  `id` int(0) NOT NULL AUTO_INCREMENT,
  `user_id` int(0) NULL DEFAULT NULL COMMENT '用户id',
  `role_id` int(0) NULL DEFAULT NULL COMMENT '角色id',
  PRIMARY KEY (`id`) USING BTREE
) ENGINE = InnoDB AUTO_INCREMENT = 2 CHARACTER SET = utf8mb4 COLLATE = utf8mb4_0900_ai_ci ROW_FORMAT = Dynamic;

-- ----------------------------
-- Records of t_user_role
-- ----------------------------
INSERT INTO `t_user_role` VALUES (1, 1, 1);
INSERT INTO `t_user_role` VALUES (2, 2, 2);

-- ----------------------------
-- Table structure for t_website_config
-- ----------------------------
DROP TABLE IF EXISTS `t_website_config`;
CREATE TABLE `t_website_config`  (
  `id` int(0) NOT NULL AUTO_INCREMENT,
  `config` varchar(2000) CHARACTER SET utf8mb4 COLLATE utf8mb4_0900_ai_ci NULL DEFAULT NULL COMMENT '配置信息',
  `create_time` datetime(0) NOT NULL COMMENT '创建时间',
  `update_time` datetime(0) NULL DEFAULT NULL COMMENT '更新时间',
  PRIMARY KEY (`id`) USING BTREE
) ENGINE = InnoDB AUTO_INCREMENT = 1 CHARACTER SET = utf8mb4 COLLATE = utf8mb4_0900_ai_ci ROW_FORMAT = Dynamic;

-- ----------------------------
-- Records of t_website_config
-- ----------------------------
INSERT INTO `t_website_config` VALUES (1, '{\"alipayQRCode\":\"https://static.linhaojun.top/config/da4c6d8c13f66a8dd6716ddb48d73299.jpg\",\"author\":\"余\",\"authorAvatar\":\"http://boke-yxh.oss-cn-hangzhou.aliyuncs.com/aurora/config/c0e19d25ea23b38cd33d903d829a6fe2.jpg\",\"authorIntro\":\"一个疯狂的coder\",\"beianNumber\":\"苏ICP备2022012376号\",\"csdn\":\"\",\"englishName\":\"yu\",\"gitee\":\"https://gitee.com/yuxinhui521\",\"github\":\"https://github.com/yuxin-hui\",\"isCommentReview\":0,\"isEmailNotice\":1,\"isReward\":0,\"juejin\":\"\",\"logo\":\"http://boke-yxh.oss-cn-hangzhou.aliyuncs.com/aurora/config/c0e19d25ea23b38cd33d903d829a6fe2.ico\",\"multiLanguage\":1,\"name\":\"余\",\"notice\":\"代码已经开源，如果你感觉还行就给一个star吧。。。\",\"qq\":\"\",\"qqLogin\":1,\"stackoverflow\":\"\",\"touristAvatar\":\"http://boke-yxh.oss-cn-hangzhou.aliyuncs.com/aurora/config/ad92c897ab14ff246f8be6a06714e8a4.jpg\",\"twitter\":\"\",\"userAvatar\":\"http://boke-yxh.oss-cn-hangzhou.aliyuncs.com/aurora/config/c0e19d25ea23b38cd33d903d829a6fe2.jpg\",\"weChat\":\"\",\"websiteCreateTime\":\"2022-12-01\",\"weiXinQRCode\":\"https://static.linhaojun.top/config/ed47edae605f74306f751c6fba9f14bd.png\",\"weibo\":\"\",\"zhihu\":\"\"}', '2022-12-01 12:05:33', '2024-02-23 13:12:18');

SET FOREIGN_KEY_CHECKS = 1;
